author,loc,spcd,treeno,coreno,cv,satw,extsatw,dw,extdw,sg,extsg,meth,ht
Clark_ChipnSaw_Loblolly,1,131,10,1,,2.63,2.662,1.066,1.028,0.471,0.446,3,
Clark_ChipnSaw_Loblolly,1,131,9,1,,2.388,2.422,1.004,0.962,0.492,0.46,3,
Clark_ChipnSaw_Loblolly,1,131,8,1,,1.61,1.63,0.682,0.668,0.496,0.477,3,
Clark_ChipnSaw_Loblolly,1,131,7,1,,1.88,1.912,0.75,0.724,0.463,0.436,3,
Clark_ChipnSaw_Loblolly,1,131,6,1,,2.232,2.254,0.946,0.854,0.497,0.436,3,
Clark_ChipnSaw_Loblolly,1,131,5,1,,2.212,2.246,0.89,0.848,0.467,0.434,3,
Clark_ChipnSaw_Loblolly,1,131,4,1,,1.92,1.938,0.822,0.782,0.503,0.469,3,
Clark_ChipnSaw_Loblolly,1,131,3,1,,2.03,2.048,0.878,0.852,0.509,0.486,3,
Clark_ChipnSaw_Loblolly,1,131,2,1,,2.048,2.082,0.856,0.826,0.488,0.46,3,
Clark_ChipnSaw_Loblolly,1,131,40,1,,3.742,3.798,1.694,1.606,0.537,0.495,3,
Clark_ChipnSaw_Loblolly,1,131,41,1,,4.018,4.024,1.6,1.48,0.462,0.422,3,
Clark_ChipnSaw_Loblolly,1,131,42,1,,3.646,3.672,1.404,1.358,0.444,0.424,3,
Clark_ChipnSaw_Loblolly,1,131,43,1,,3.962,3.998,1.748,1.608,0.521,0.467,3,
Clark_ChipnSaw_Loblolly,1,131,44,1,,4.468,4.532,1.764,1.702,0.457,0.432,3,
Clark_ChipnSaw_Loblolly,1,131,45,1,,3.842,3.906,1.622,1.558,0.494,0.463,3,
Clark_ChipnSaw_Loblolly,1,131,46,1,,3.612,3.638,1.632,1.572,0.536,0.508,3,
Clark_ChipnSaw_Loblolly,1,131,47,1,,4.478,4.582,1.804,1.752,0.468,0.441,3,
Clark_ChipnSaw_Loblolly,1,131,48,1,,4.618,4.712,1.802,1.748,0.451,0.426,3,
Clark_ChipnSaw_Loblolly,1,131,39,1,,3.858,3.878,1.6,1.478,0.484,0.439,3,
Clark_ChipnSaw_Loblolly,1,131,19,1,,2.646,2.666,1.038,0.988,0.454,0.425,3,
Clark_ChipnSaw_Loblolly,1,131,18,2,,2.744,2.762,1.106,1.058,0.468,0.442,3,
Clark_ChipnSaw_Loblolly,1,131,18,1,,2.778,2.8,0.978,0.944,0.401,0.382,3,
Clark_ChipnSaw_Loblolly,1,131,17,1,,3.008,3.054,1.208,1.164,0.466,0.439,3,
Clark_ChipnSaw_Loblolly,1,131,16,1,,2.738,2.812,1.028,0.99,0.432,0.401,3,
Clark_ChipnSaw_Loblolly,1,131,15,1,,2.332,2.356,0.964,0.902,0.482,0.441,3,
Clark_ChipnSaw_Loblolly,1,131,14,1,,2.26,2.322,0.986,0.96,0.514,0.482,3,
Clark_ChipnSaw_Loblolly,1,131,13,1,,2.22,2.242,0.832,0.798,0.431,0.406,3,
Clark_ChipnSaw_Loblolly,1,131,12,1,,2.408,2.412,0.978,0.954,0.473,0.458,3,
Clark_ChipnSaw_Loblolly,1,131,11,1,,2.552,2.568,1.012,0.978,0.46,0.439,3,
Clark_ChipnSaw_Loblolly,1,131,38,1,,3.71,3.746,1.508,1.438,0.473,0.443,3,
Clark_ChipnSaw_Loblolly,1,131,37,1,,4.046,4.052,1.528,1.402,0.434,0.393,3,
Clark_ChipnSaw_Loblolly,1,131,36,1,,3.89,3.902,1.526,1.428,0.454,0.419,3,
Clark_ChipnSaw_Loblolly,1,131,35,1,,3.806,3.818,1.368,1.316,0.41,0.391,3,
Clark_ChipnSaw_Loblolly,1,131,34,1,,3.59,3.624,1.472,1.37,0.478,0.435,3,
Clark_ChipnSaw_Loblolly,1,131,33,1,,3.802,3.82,1.518,1.448,0.463,0.436,3,
Clark_ChipnSaw_Loblolly,1,131,32,1,,3.812,3.844,1.574,1.508,0.482,0.454,3,
Clark_ChipnSaw_Loblolly,1,131,31,1,,3.198,3.254,1.298,1.246,0.472,0.442,3,
Clark_ChipnSaw_Loblolly,1,131,30,1,,3.784,3.798,1.618,1.498,0.502,0.457,3,
Clark_ChipnSaw_Loblolly,1,131,29,1,,2.95,2.968,1.196,1.156,0.472,0.45,3,
Clark_ChipnSaw_Loblolly,1,131,28,1,,3.56,3.632,1.322,1.27,0.426,0.398,3,
Clark_ChipnSaw_Loblolly,1,131,27,1,,3.21,3.338,1.4,1.348,0.514,0.47,3,
Clark_ChipnSaw_Loblolly,1,131,26,1,,3.484,3.518,1.41,1.362,0.471,0.447,3,
Clark_ChipnSaw_Loblolly,1,131,25,1,,3.148,3.168,1.242,1.194,0.457,0.434,3,
Clark_ChipnSaw_Loblolly,1,131,24,1,,3.11,3.16,1.278,1.148,0.479,0.416,3,
Clark_ChipnSaw_Loblolly,1,131,23,1,,2.732,2.77,1.154,1.1,0.495,0.46,3,
Clark_ChipnSaw_Loblolly,1,131,22,1,,2.724,2.758,1.05,1.012,0.445,0.42,3,
Clark_ChipnSaw_Loblolly,1,131,21,1,,2.752,2.762,1.196,1.126,0.512,0.475,3,
Clark_ChipnSaw_Loblolly,1,131,1,1,,1.73,1.738,0.718,0.686,0.485,0.457,3,
Clark_ChipnSaw_Loblolly,1,131,20,1,,3.418,3.502,1.332,1.294,0.45,0.424,3,
WDS_Pitch_Pine,101,126,5,B-2,,0.85,0.788,0.548,0.352,0.8301,0.5285,3,
WDS_Pitch_Pine,101,126,5,B-3,,0.872,0.824,0.576,0.366,0.8565,0.5249,3,
WDS_Pitch_Pine,101,126,6,A-1,,0.742,0.74,0.28,0.27,0.4341,0.4177,3,
WDS_Pitch_Pine,101,126,6,A-2,,0.846,0.81,0.3,0.288,0.4043,0.4055,3,
WDS_Pitch_Pine,101,126,6,A-3,,0.802,0.762,0.262,0.256,0.3684,0.3802,3,
WDS_Pitch_Pine,101,126,6,B-1,,0.812,0.802,0.31,0.3,0.44,0.4298,3,
WDS_Pitch_Pine,101,126,6,B-2,,0.84,0.804,0.328,0.314,0.4516,0.4516,3,
WDS_Pitch_Pine,101,126,6,B-3,,0.76,0.736,0.266,0.26,0.3983,0.4025,3,
WDS_Pitch_Pine,101,126,10,B-3,,0.68,0.652,0.272,0.24,0.4643,0.4219,3,
WDS_Pitch_Pine,101,126,7,A-2,,0.572,0.542,0.244,0.2,0.5005,0.4231,3,
WDS_Pitch_Pine,101,126,7,A-3,,0.496,0.484,0.148,0.138,0.3328,0.3164,3,
WDS_Pitch_Pine,101,126,7,A-1,,0.538,0.528,0.19,0.182,0.4024,0.3914,3,
WDS_Pitch_Pine,101,126,10,B-2,,0.682,0.65,0.35,0.26,0.6242,0.4643,3,
WDS_Pitch_Pine,101,126,10,B-1,,0.534,0.534,0.25,0.222,0.5588,0.4857,3,
WDS_Pitch_Pine,101,126,10,A-3,,0.492,0.472,0.19,0.17,0.4458,0.4115,3,
WDS_Pitch_Pine,101,126,10,A-2,,0.528,0.514,0.208,0.202,0.4562,0.4549,3,
WDS_Pitch_Pine,101,126,10,A-1,,0.502,0.494,0.192,0.188,0.4409,0.4384,3,
WDS_Pitch_Pine,101,126,9,B-3,,0.574,0.552,0.238,0.196,0.4842,0.4049,3,
WDS_Pitch_Pine,101,126,9,B-2,,0.606,0.582,0.25,0.236,0.4813,0.4718,3,
WDS_Pitch_Pine,101,126,9,B-1,,0.55,0.54,0.232,0.224,0.494,0.4844,3,
WDS_Pitch_Pine,101,126,9,A-3,,0.542,0.522,0.204,0.188,0.4328,0.4115,3,
WDS_Pitch_Pine,101,126,9,A-2,,0.58,0.558,0.232,0.216,0.4643,0.447,3,
WDS_Pitch_Pine,101,126,9,A-1,,0.44,0.442,0.19,0.19,0.5078,0.5051,3,
WDS_Pitch_Pine,101,126,8,B-3,,0.72,0.696,0.3,0.274,0.487,0.4558,3,
WDS_Pitch_Pine,101,126,8,B-2,,0.718,0.694,0.28,0.276,0.4509,0.4612,3,
WDS_Pitch_Pine,101,126,8,B-1,,0.736,0.73,0.32,0.318,0.5119,0.513,3,
WDS_Pitch_Pine,101,126,8,A-3,,0.558,0.53,0.26,0.21,0.5556,0.4593,3,
WDS_Pitch_Pine,101,126,8,A-2,,0.51,0.498,0.212,0.2,0.4856,0.4665,3,
WDS_Pitch_Pine,101,126,8,A-1,,0.492,0.494,0.192,0.186,0.4512,0.433,3,
WDS_Pitch_Pine,101,126,7,B-3,,0.652,0.628,0.222,0.206,0.386,0.3701,3,
WDS_Pitch_Pine,101,126,7,B-2,,0.65,0.628,0.252,0.228,0.4478,0.4153,3,
WDS_Pitch_Pine,101,126,7,B-1,,0.642,0.636,0.238,0.226,0.4253,0.4052,3,
WDS_Pitch_Pine,101,126,1,A-1,,1.08,1.058,0.456,0.436,0.4946,0.4807,3,
WDS_Pitch_Pine,101,126,1,A-2,,1.058,1.034,0.468,0.45,0.5224,0.5125,3,
WDS_Pitch_Pine,101,126,1,A-3,,1.132,1.088,0.432,0.424,0.4398,0.4505,3,
WDS_Pitch_Pine,101,126,1,B-1,,0.714,0.712,0.26,0.25,0.4167,0.3997,3,
WDS_Pitch_Pine,101,126,1,B-2,,0.836,0.824,0.324,0.308,0.4477,0.4294,3,
WDS_Pitch_Pine,101,126,1,B-6,,0.85,0.81,0.308,0.286,0.4144,0.4023,3,
WDS_Pitch_Pine,101,126,2,A-1,,0.78,0.78,0.302,0.284,0.4472,0.4167,3,
WDS_Pitch_Pine,101,126,2,A-2,,0.778,0.758,0.292,0.28,0.4314,0.4236,3,
WDS_Pitch_Pine,101,126,2,A-3,,0.818,0.792,0.264,0.262,0.3634,0.3736,3,
WDS_Pitch_Pine,101,126,2,B-1,,0.85,0.842,0.322,0.312,0.436,0.4251,3,
WDS_Pitch_Pine,101,126,2,B-2,,0.85,0.834,0.33,0.32,0.4486,0.4425,3,
WDS_Pitch_Pine,101,126,2,B-3,,1.012,0.99,0.398,0.37,0.4553,0.4293,3,
WDS_Pitch_Pine,101,126,3,A-1,,0.48,0.43,0.258,0.204,0.6605,0.5677,3,
WDS_Pitch_Pine,101,126,3,A-2,,0.328,0.316,0.14,0.124,0.5009,0.4541,3,
WDS_Pitch_Pine,101,126,3,A-3,,0.382,0.378,0.132,0.118,0.3925,0.35,3,
WDS_Pitch_Pine,101,126,3,B-1,,0.39,0.388,0.178,0.172,0.5421,0.5237,3,
WDS_Pitch_Pine,101,126,3,B-2,,0.614,0.604,0.312,0.286,0.6167,0.5664,3,
WDS_Pitch_Pine,101,126,3,B-3,,0.814,0.828,0.368,0.29,0.536,0.3986,3,
WDS_Pitch_Pine,101,126,4,A-1,,0.63,0.632,0.238,0.214,0.4347,0.3836,3,
WDS_Pitch_Pine,101,126,4,A-2,,0.486,0.472,0.222,0.166,0.5427,0.4005,3,
WDS_Pitch_Pine,101,126,4,A-3,,0.47,0.456,0.16,0.142,0.3859,0.3491,3,
WDS_Pitch_Pine,101,126,4,B-1,,0.638,0.634,0.24,0.234,0.4325,0.4232,3,
WDS_Pitch_Pine,101,126,4,B-2,,0.672,0.648,0.242,0.23,0.4114,0.4047,3,
WDS_Pitch_Pine,101,126,4,B-3,,0.69,0.676,0.258,0.256,0.4296,0.4359,3,
WDS_Pitch_Pine,101,126,5,A-1,,0.994,1,0.392,0.378,0.4568,0.435,3,
WDS_Pitch_Pine,101,126,5,A-2,,1.04,0.978,0.522,0.34,0.6076,0.3952,3,
WDS_Pitch_Pine,101,126,5,A-3,,1.034,0.976,0.58,0.354,0.6962,0.4148,3,
WDS_Pitch_Pine,101,126,5,B-1,,0.78,0.764,0.32,0.274,0.4782,0.4095,3,
WDS_Pitch_Pine,101,126,25,B-3,,0.814,0.782,0.282,0.26,0.3937,0.3758,3,
WDS_Pitch_Pine,101,126,25,B-2,,0.784,0.75,0.328,0.272,0.4893,0.4148,3,
WDS_Pitch_Pine,101,126,25,B-1,,0.816,0.8,0.28,0.27,0.3894,0.3822,3,
WDS_Pitch_Pine,101,126,25,A-3,,0.674,0.65,0.252,0.224,0.4295,0.3913,3,
WDS_Pitch_Pine,101,126,25,A-2,,0.73,0.694,0.278,0.256,0.4387,0.4229,3,
WDS_Pitch_Pine,101,126,25,A-1,,0.912,0.908,0.362,0.346,0.4602,0.439,3,
WDS_Pitch_Pine,101,126,24,B-3,,0.57,0.544,0.218,0.174,0.4409,0.3597,3,
WDS_Pitch_Pine,101,126,24,B-2,,0.55,0.528,0.208,0.198,0.4352,0.431,3,
WDS_Pitch_Pine,101,126,24,B-1,,0.554,0.536,0.202,0.196,0.4173,0.4187,3,
WDS_Pitch_Pine,101,126,24,A-3,,0.602,0.584,0.2,0.19,0.3754,0.3667,3,
WDS_Pitch_Pine,101,126,24,A-2,,0.564,0.552,0.21,0.194,0.4275,0.4002,3,
WDS_Pitch_Pine,101,126,24,A-1,,0.552,0.562,0.208,0.192,0.4334,0.3875,3,
WDS_Pitch_Pine,101,126,23,B-3,,0.656,0.642,0.288,0.224,0.5178,0.3969,3,
WDS_Pitch_Pine,101,126,23,B-2,,0.702,0.672,0.268,0.25,0.4399,0.4271,3,
WDS_Pitch_Pine,101,126,23,B-1,,0.774,0.772,0.31,0.29,0.465,0.4318,3,
WDS_Pitch_Pine,101,126,23,A-3,,0.73,0.728,0.27,0.258,0.4242,0.404,3,
WDS_Pitch_Pine,101,126,23,A-2,,0.692,0.678,0.28,0.264,0.4706,0.4501,3,
WDS_Pitch_Pine,101,126,23,A-1,,0.72,0.696,0.258,0.252,0.4091,0.414,3,
WDS_Pitch_Pine,101,126,22,B-3,,1.052,1.008,0.548,0.388,0.6356,0.4441,3,
WDS_Pitch_Pine,101,126,22,B-2,,1.082,1.054,0.48,0.434,0.5242,0.4803,3,
WDS_Pitch_Pine,101,126,22,B-1,,1.082,1.076,0.452,0.432,0.4884,0.4663,3,
WDS_Pitch_Pine,101,126,22,A-3,,0.722,0.692,0.312,0.252,0.5082,0.4167,3,
WDS_Pitch_Pine,101,126,22,A-2,,0.7,0.688,0.274,0.264,0.4528,0.4425,3,
WDS_Pitch_Pine,101,126,22,A-1,,0.828,0.826,0.328,0.31,0.4591,0.4314,3,
WDS_Pitch_Pine,101,126,21,B-3,,0.52,0.504,0.16,0.148,0.3444,0.3269,3,
WDS_Pitch_Pine,101,126,21,B-2,,0.552,0.538,0.19,0.188,0.3908,0.3976,3,
WDS_Pitch_Pine,101,126,21,B-1,,0.454,0.442,0.176,0.166,0.4478,0.4317,3,
WDS_Pitch_Pine,101,126,21,A-3,,0.514,0.508,0.17,0.158,0.3735,0.3486,3,
WDS_Pitch_Pine,101,126,21,A-2,,0.554,0.544,0.198,0.192,0.4079,0.4021,3,
WDS_Pitch_Pine,101,126,21,A-1,,0.532,0.52,0.216,0.21,0.4725,0.4695,3,
WDS_Pitch_Pine,101,126,20,B-3,,1.116,1.1,0.488,0.418,0.5153,0.4376,3,
WDS_Pitch_Pine,101,126,20,B-2,,1.132,1.102,0.43,0.41,0.4374,0.4271,3,
WDS_Pitch_Pine,101,126,20,B-1,,1.11,1.1,0.324,0.352,0.3247,0.3599,3,
WDS_Pitch_Pine,101,126,20,A-3,,0.794,0.77,0.312,0.26,0.4549,0.3824,3,
WDS_Pitch_Pine,101,126,20,A-2,,0.78,0.768,0.284,0.27,0.4167,0.4003,3,
WDS_Pitch_Pine,101,126,20,A-1,,0.718,0.716,0.292,0.28,0.4734,0.4523,3,
WDS_Pitch_Pine,101,126,19,B-3,,0.628,0.602,0.238,0.21,0.4363,0.3968,3,
WDS_Pitch_Pine,101,126,19,B-2,,0.628,0.614,0.24,0.23,0.4405,0.4304,3,
WDS_Pitch_Pine,101,126,19,B-1,,0.602,0.596,0.234,0.222,0.4492,0.4277,3,
WDS_Pitch_Pine,101,126,19,A-3,,0.97,0.966,0.38,0.36,0.4533,0.4279,3,
WDS_Pitch_Pine,101,126,19,A-2,,1.028,1.026,0.416,0.414,0.4706,0.4691,3,
WDS_Pitch_Pine,101,126,19,A-1,,1.074,0.986,0.432,0.398,0.4674,0.4693,3,
WDS_Pitch_Pine,101,126,18,B-3,,0.542,0.538,0.182,0.166,0.38,0.3455,3,
WDS_Pitch_Pine,101,126,18,B-2,,0.656,0.628,0.24,0.232,0.4189,0.4236,3,
WDS_Pitch_Pine,101,126,18,B-1,,0.66,0.628,0.238,0.232,0.4121,0.4236,3,
WDS_Pitch_Pine,101,126,18,A-3,,0.66,0.636,0.256,0.218,0.4481,0.3889,3,
WDS_Pitch_Pine,101,126,18,A-2,,0.65,0.628,0.254,0.24,0.4519,0.4405,3,
WDS_Pitch_Pine,101,126,18,A-1,,0.654,0.624,0.246,0.232,0.4325,0.4268,3,
WDS_Pitch_Pine,101,126,17,B-3,,0.642,0.612,0.268,0.236,0.488,0.4451,3,
WDS_Pitch_Pine,101,126,17,B-2,,0.728,0.698,0.33,0.318,0.5377,0.541,3,
WDS_Pitch_Pine,101,126,17,B-1,,0.93,0.912,0.41,0.394,0.5203,0.508,3,
WDS_Pitch_Pine,101,126,17,A-3,,0.528,0.492,0.236,0.194,0.5289,0.4567,3,
WDS_Pitch_Pine,101,126,17,A-2,,0.62,0.586,0.262,0.252,0.495,0.5053,3,
WDS_Pitch_Pine,101,126,17,A-1,,0.53,0.524,0.22,0.218,0.4848,0.4861,3,
WDS_Pitch_Pine,101,126,16,B-3,,0.578,0.542,0.2,0.182,0.3931,0.38,3,
WDS_Pitch_Pine,101,126,16,B-2,,0.55,0.518,0.216,0.2,0.4546,0.4457,3,
WDS_Pitch_Pine,101,126,16,B-1,,0.582,0.574,0.24,0.222,0.4811,0.4466,3,
WDS_Pitch_Pine,101,126,16,A-3,,0.75,0.708,0.272,0.224,0.4148,0.3553,3,
WDS_Pitch_Pine,101,126,16,A-2,,0.77,0.736,0.31,0.292,0.4678,0.46,3,
WDS_Pitch_Pine,101,126,16,A-1,,0.768,0.744,0.312,0.292,0.4728,0.4542,3,
WDS_Pitch_Pine,101,126,15,B-3,,0.49,0.46,0.196,0.168,0.4643,0.4181,3,
WDS_Pitch_Pine,101,126,15,B-2,,0.52,0.494,0.208,0.19,0.4643,0.4437,3,
WDS_Pitch_Pine,101,126,15,B-1,,0.458,0.446,0.18,0.172,0.455,0.4451,3,
WDS_Pitch_Pine,101,126,15,A-3,,0.36,0.342,0.13,0.118,0.4127,0.3919,3,
WDS_Pitch_Pine,101,126,15,A-2,,0.322,0.298,0.122,0.114,0.4361,0.441,3,
WDS_Pitch_Pine,101,126,15,A-1,,0.69,0.676,0.26,0.24,0.4334,0.4048,3,
WDS_Pitch_Pine,101,126,14,B-3,,0.608,0.578,0.19,0.186,0.3504,0.3622,3,
WDS_Pitch_Pine,101,126,14,B-2,,0.616,0.596,0.262,0.218,0.4988,0.4188,3,
WDS_Pitch_Pine,101,126,14,B-1,,0.6,0.568,0.264,0.2,0.5191,0.401,3,
WDS_Pitch_Pine,101,126,14,A-3,,0.736,0.698,0.224,0.218,0.3402,0.3502,3,
WDS_Pitch_Pine,101,126,14,A-2,,0.826,0.784,0.322,0.298,0.4507,0.4377,3,
WDS_Pitch_Pine,101,126,14,A-1,,0.756,0.744,0.342,0.278,0.5364,0.4292,3,
WDS_Pitch_Pine,101,126,13,B-3,,0.97,0.932,0.356,0.328,0.4205,0.4008,3,
WDS_Pitch_Pine,101,126,13,B-2,,0.964,0.918,0.334,0.324,0.3937,0.4021,3,
WDS_Pitch_Pine,101,126,13,B-1,,0.902,0.904,0.33,0.33,0.4189,0.4179,3,
WDS_Pitch_Pine,101,126,13,A-3,,0.57,0.542,0.2,0.194,0.3994,0.4086,3,
WDS_Pitch_Pine,101,126,13,A-2,,0.62,0.592,0.262,0.212,0.495,0.4088,3,
WDS_Pitch_Pine,101,126,13,A-1,,0.592,0.586,0.238,0.228,0.4671,0.4497,3,
WDS_Pitch_Pine,101,126,12,B-3,,0.64,0.61,0.196,0.19,0.3426,0.3491,3,
WDS_Pitch_Pine,101,126,12,B-2,,0.644,0.618,0.242,0.228,0.432,0.423,3,
WDS_Pitch_Pine,101,126,12,B-1,,0.63,0.61,0.202,0.178,0.3607,0.3246,3,
WDS_Pitch_Pine,101,126,12,A-3,,0.372,0.356,0.112,0.106,0.3361,0.332,3,
WDS_Pitch_Pine,101,126,12,A-2,,0.55,0.52,0.208,0.182,0.4352,0.3983,3,
WDS_Pitch_Pine,101,126,12,A-1,,0.52,0.514,0.218,0.178,0.4905,0.3935,3,
WDS_Pitch_Pine,101,126,11,B-3,,0.412,0.39,0.16,0.148,0.4487,0.4369,3,
WDS_Pitch_Pine,101,126,11,B-2,,0.502,0.484,0.25,0.204,0.6018,0.4935,3,
WDS_Pitch_Pine,101,126,11,B-1,,0.508,0.498,0.194,0.19,0.4401,0.4396,3,
WDS_Pitch_Pine,101,126,11,A-3,,0.738,0.728,0.318,0.292,0.5065,0.4658,3,
WDS_Pitch_Pine,101,126,11,A-2,,0.652,0.624,0.26,0.254,0.4627,0.4739,3,
WDS_Pitch_Pine,101,126,11,A-1,,0.728,0.692,0.288,0.282,0.4584,0.4745,3,
WDS_Pitch_Pine,102,126,10,B-3,,1.102,1.1,0.402,0.354,0.4176,0.3622,3,
WDS_Pitch_Pine,102,126,10,B-2,,1.168,1.17,0.476,0.432,0.4745,0.4234,3,
WDS_Pitch_Pine,102,126,10,B-1,,0.968,0.98,0.378,0.352,0.4516,0.4102,3,
WDS_Pitch_Pine,102,126,10,A-3,,0.9,0.89,0.318,0.274,0.4026,0.3446,3,
WDS_Pitch_Pine,102,126,10,A-2,,0.89,0.882,0.352,0.318,0.4583,0.412,3,
WDS_Pitch_Pine,102,126,10,A-1,,1.052,1.06,0.382,0.348,0.4154,0.3704,3,
WDS_Pitch_Pine,102,126,9,B-3,,0.666,0.666,0.242,0.228,0.4157,0.3884,3,
WDS_Pitch_Pine,102,126,9,B-2,,0.684,0.688,0.312,0.288,0.5417,0.4896,3,
WDS_Pitch_Pine,102,126,9,B-1,,0.64,0.652,0.274,0.258,0.5027,0.4586,3,
WDS_Pitch_Pine,102,126,9,A-3,,0.618,0.624,0.232,0.206,0.4315,0.3728,3,
WDS_Pitch_Pine,102,126,9,A-2,,0.636,0.65,0.26,0.248,0.4762,0.4396,3,
WDS_Pitch_Pine,102,126,9,A-1,,0.59,0.602,0.226,0.224,0.4417,0.4272,3,
WDS_Pitch_Pine,102,126,8,B-3,,0.584,0.578,0.238,0.216,0.4745,0.4293,3,
WDS_Pitch_Pine,102,126,8,B-2,,0.582,0.578,0.23,0.21,0.4579,0.4156,3,
WDS_Pitch_Pine,102,126,8,B-1,,0.596,0.59,0.218,0.2,0.4188,0.3841,3,
WDS_Pitch_Pine,102,126,8,A-3,,0.682,0.674,0.278,0.25,0.4746,0.4256,3,
WDS_Pitch_Pine,102,126,8,A-2,,0.682,0.68,0.274,0.258,0.4667,0.4368,3,
WDS_Pitch_Pine,102,126,8,A-1,,0.596,0.59,0.218,0.2,0.4188,0.3841,3,
WDS_Pitch_Pine,102,126,7,B-3,,0.636,0.636,0.22,0.204,0.393,0.3608,3,
WDS_Pitch_Pine,102,126,7,B-2,,0.66,0.66,0.27,0.26,0.4766,0.4562,3,
WDS_Pitch_Pine,102,126,7,B-1,,0.514,0.516,0.178,0.162,0.3935,0.3523,3,
WDS_Pitch_Pine,102,126,7,A-3,,0.51,0.5,0.162,0.156,0.3569,0.3498,3,
WDS_Pitch_Pine,102,126,7,A-2,,0.512,0.506,0.19,0.174,0.4258,0.3904,3,
WDS_Pitch_Pine,102,126,7,A-1,,0.514,0.516,0.178,0.162,0.3935,0.3523,3,
WDS_Pitch_Pine,102,126,6,B-3,,0.652,0.638,0.218,0.206,0.3782,0.3635,3,
WDS_Pitch_Pine,102,126,6,B-2,,0.678,0.676,0.286,0.268,0.494,0.4596,3,
WDS_Pitch_Pine,102,126,6,B-1,,0.666,0.666,0.258,0.244,0.4474,0.4196,3,
WDS_Pitch_Pine,102,126,6,A-3,,0.714,0.712,0.254,0.238,0.4057,0.378,3,
WDS_Pitch_Pine,102,126,6,A-2,,0.718,0.718,0.31,0.292,0.5077,0.4734,3,
WDS_Pitch_Pine,102,126,6,A-1,,0.696,0.704,0.28,0.258,0.4674,0.4198,3,
WDS_Pitch_Pine,102,126,5,B-3,,0.768,0.766,0.26,0.242,0.3835,0.3548,3,
WDS_Pitch_Pine,102,126,5,B-2,,0.808,0.806,0.312,0.292,0.4458,0.4143,3,
WDS_Pitch_Pine,102,126,5,B-1,,0.79,0.79,0.278,0.258,0.4007,0.3682,3,
WDS_Pitch_Pine,102,126,5,A-3,,0.676,0.672,0.22,0.2,0.3668,0.3318,3,
WDS_Pitch_Pine,102,126,5,A-2,,0.68,0.684,0.25,0.23,0.4213,0.3806,3,
WDS_Pitch_Pine,102,126,5,A-1,,0.752,0.75,0.252,0.238,0.3791,0.3565,3,
WDS_Pitch_Pine,102,126,4,B-3,,0.874,0.87,0.368,0.342,0.493,0.4551,3,
WDS_Pitch_Pine,102,126,4,B-2,,0.87,0.874,0.352,0.332,0.4705,0.4374,3,
WDS_Pitch_Pine,102,126,4,B-1,,0.896,0.906,0.334,0.316,0.428,0.3967,3,
WDS_Pitch_Pine,102,126,4,A-3,,0.684,0.682,0.278,0.262,0.473,0.4431,3,
WDS_Pitch_Pine,102,126,4,A-2,,0.81,0.818,0.306,0.292,0.4347,0.4073,3,
WDS_Pitch_Pine,102,126,4,A-1,,0.778,0.792,0.282,0.278,0.4145,0.3996,3,
WDS_Pitch_Pine,102,126,3,B-3,,0.592,0.588,0.21,0.198,0.4044,0.3812,3,
WDS_Pitch_Pine,102,126,3,B-2,,0.602,0.608,0.252,0.242,0.4896,0.4617,3,
WDS_Pitch_Pine,102,126,3,B-1,,0.618,0.622,0.24,0.23,0.4487,0.4241,3,
WDS_Pitch_Pine,102,126,3,A-3,,0.544,0.532,0.19,0.168,0.3973,0.3546,3,
WDS_Pitch_Pine,102,126,3,A-2,,0.54,0.536,0.22,0.212,0.4744,0.4583,3,
WDS_Pitch_Pine,102,126,3,A-1,,0.518,0.516,0.198,0.182,0.4406,0.4018,3,
WDS_Pitch_Pine,102,126,2,B-3,,0.686,0.688,0.248,0.224,0.4133,0.367,3,
WDS_Pitch_Pine,102,126,2,B-2,,0.726,0.732,0.302,0.282,0.486,0.4446,3,
WDS_Pitch_Pine,102,126,2,B-1,,0.738,0.75,0.282,0.268,0.4404,0.4078,3,
WDS_Pitch_Pine,102,126,2,A-3,,0.514,0.522,0.182,0.166,0.4036,0.3574,3,
WDS_Pitch_Pine,102,126,2,A-2,,0.552,0.552,0.214,0.196,0.4478,0.4049,3,
WDS_Pitch_Pine,102,126,2,A-1,,0.532,0.538,0.182,0.176,0.3881,0.3689,3,
WDS_Pitch_Pine,102,126,1,B-3,,0.564,0.574,0.212,0.198,0.4322,0.3918,3,
WDS_Pitch_Pine,102,126,1,B-2,,0.578,0.586,0.26,0.242,0.5329,0.4819,3,
WDS_Pitch_Pine,102,126,1,B-1,,0.484,0.5,0.204,0.198,0.4935,0.459,3,
WDS_Pitch_Pine,102,126,1,A-3,,0.394,0.4,0.138,0.128,0.3986,0.3599,3,
WDS_Pitch_Pine,102,126,1,A-2,,0.39,0.398,0.156,0.14,0.4643,0.4006,3,
WDS_Pitch_Pine,102,126,1,A-1,,0.376,0.384,0.16,0.15,0.4991,0.4518,3,
WDS_Pitch_Pine,102,126,25,B-3,,0.918,0.936,0.374,0.344,0.4744,0.4211,3,
WDS_Pitch_Pine,102,126,25,B-2,,1.052,1.062,0.434,0.41,0.4813,0.4457,3,
WDS_Pitch_Pine,102,126,25,B-1,,1.026,1.038,0.378,0.366,0.4223,0.4017,3,
WDS_Pitch_Pine,102,126,25,A-3,,1.012,1.022,0.42,0.378,0.4847,0.4242,3,
WDS_Pitch_Pine,102,126,25,A-2,,1.188,1.206,0.538,0.5,0.5371,0.4841,3,
WDS_Pitch_Pine,102,126,25,A-1,,1.104,1.124,0.442,0.436,0.4648,0.4481,3,
WDS_Pitch_Pine,102,126,24,B-3,,0.494,0.498,0.188,0.188,0.4384,0.4343,3,
WDS_Pitch_Pine,102,126,24,B-2,,0.502,0.504,0.202,0.2,0.4676,0.4601,3,
WDS_Pitch_Pine,102,126,24,B-1,,0.438,0.446,0.246,0.19,0.6973,0.4998,3,
WDS_Pitch_Pine,102,126,24,A-3,,0.494,0.498,0.188,0.188,0.4384,0.4343,3,
WDS_Pitch_Pine,102,126,24,A-2,,0.438,0.434,0.2,0.176,0.5424,0.4718,3,
WDS_Pitch_Pine,102,126,24,A-1,,0.438,0.446,0.246,0.19,0.6973,0.4998,3,
WDS_Pitch_Pine,102,126,23,B-3,,0.724,0.732,0.288,0.268,0.4614,0.4193,3,
WDS_Pitch_Pine,102,126,23,B-2,,0.746,0.756,0.328,0.306,0.5187,0.4708,3,
WDS_Pitch_Pine,102,126,23,B-1,,0.768,0.778,0.336,0.318,0.5156,0.4762,3,
WDS_Pitch_Pine,102,126,23,A-3,,0.892,0.894,0.368,0.342,0.4813,0.441,3,
WDS_Pitch_Pine,102,126,23,A-2,,1.034,1.04,0.462,0.436,0.5286,0.4905,3,
WDS_Pitch_Pine,102,126,23,A-1,,1.016,1.02,0.442,0.428,0.5122,0.491,3,
WDS_Pitch_Pine,102,126,22,B-3,,0.692,0.698,0.258,0.24,0.4281,0.3903,3,
WDS_Pitch_Pine,102,126,22,B-2,,0.714,0.714,0.326,0.3,0.5424,0.4917,3,
WDS_Pitch_Pine,102,126,22,B-1,,0.742,0.752,0.33,0.314,0.5257,0.4882,3,
WDS_Pitch_Pine,102,126,22,A-3,,0.514,0.522,0.198,0.174,0.4445,0.3768,3,
WDS_Pitch_Pine,102,126,22,A-2,,0.534,0.538,0.24,0.212,0.5323,0.4563,3,
WDS_Pitch_Pine,102,126,22,A-1,,0.552,0.564,0.222,0.208,0.4673,0.4228,3,
WDS_Pitch_Pine,102,126,21,B-3,,0.624,0.628,0.298,0.24,0.5722,0.4405,3,
WDS_Pitch_Pine,102,126,21,B-2,,0.528,0.54,0.222,0.21,0.4921,0.4494,3,
WDS_Pitch_Pine,102,126,21,B-1,,0.506,0.518,0.208,0.196,0.4793,0.4355,3,
WDS_Pitch_Pine,102,126,21,A-3,,0.36,0.364,0.148,0.122,0.4794,0.3792,3,
WDS_Pitch_Pine,102,126,21,A-2,,0.534,0.544,0.226,0.22,0.4959,0.4703,3,
WDS_Pitch_Pine,102,126,21,A-1,,0.454,0.468,0.19,0.182,0.4895,0.4494,3,
WDS_Pitch_Pine,102,126,20,B-3,,0.352,0.362,0.132,0.116,0.431,0.3605,3,
WDS_Pitch_Pine,102,126,20,B-2,,0.494,0.502,0.214,0.208,0.5097,0.4838,3,
WDS_Pitch_Pine,102,126,20,B-1,,0.45,0.46,0.182,0.176,0.4703,0.4411,3,
WDS_Pitch_Pine,102,126,20,A-3,,0.504,0.518,0.19,0.174,0.4336,0.3801,3,
WDS_Pitch_Pine,102,126,20,A-2,,0.488,0.498,0.18,0.172,0.4229,0.3923,3,
WDS_Pitch_Pine,102,126,20,A-1,,0.478,0.484,0.172,0.166,0.4111,0.3892,3,
WDS_Pitch_Pine,102,126,19,B-3,,0.692,0.698,0.312,0.288,0.5343,0.4814,3,
WDS_Pitch_Pine,102,126,19,B-2,,0.826,0.836,0.382,0.366,0.5507,0.5161,3,
WDS_Pitch_Pine,102,126,19,B-1,,0.808,0.824,0.344,0.336,0.4994,0.4748,3,
WDS_Pitch_Pine,102,126,19,A-3,,0.584,0.592,0.26,0.242,0.5264,0.4762,3,
WDS_Pitch_Pine,102,126,19,A-2,,0.602,0.616,0.264,0.252,0.5171,0.4766,3,
WDS_Pitch_Pine,102,126,19,A-1,,0.618,0.63,0.256,0.25,0.4836,0.4601,3,
WDS_Pitch_Pine,102,126,18,B-3,,0.434,0.44,0.152,0.146,0.3986,0.3749,3,
WDS_Pitch_Pine,102,126,18,B-2,,0.436,0.446,0.17,0.154,0.4508,0.3922,3,
WDS_Pitch_Pine,102,126,18,B-1,,0.476,0.484,0.208,0.192,0.5149,0.4599,3,
WDS_Pitch_Pine,102,126,18,A-3,,0.384,0.392,0.132,0.128,0.3902,0.3682,3,
WDS_Pitch_Pine,102,126,18,A-2,,0.48,0.49,0.166,0.162,0.3929,0.3734,3,
WDS_Pitch_Pine,102,126,18,A-1,,0.348,0.354,0.144,0.136,0.483,0.4432,3,
WDS_Pitch_Pine,102,126,17,B-3,,0.35,0.39,0.148,0.148,0.4954,0.4369,3,
WDS_Pitch_Pine,102,126,17,B-2,,0.338,0.348,0.13,0.134,0.4437,0.4443,3,
WDS_Pitch_Pine,102,126,17,B-1,,0.424,0.438,0.174,0.164,0.4784,0.4302,3,
WDS_Pitch_Pine,102,126,17,A-3,,0.374,0.36,0.152,0.134,0.473,0.4273,3,
WDS_Pitch_Pine,102,126,17,A-2,,0.326,0.372,0.15,0.148,0.5474,0.4614,3,
WDS_Pitch_Pine,102,126,17,A-1,,0.324,0.332,0.132,0.128,0.4744,0.445,3,
WDS_Pitch_Pine,102,126,16,B-3,,0.744,0.748,0.29,0.27,0.4506,0.4125,3,
WDS_Pitch_Pine,102,126,16,B-2,,0.778,0.788,0.282,0.262,0.4145,0.3758,3,
WDS_Pitch_Pine,102,126,16,B-1,,0.784,0.794,0.284,0.268,0.4142,0.3822,3,
WDS_Pitch_Pine,102,126,16,A-3,,0.652,0.656,0.242,0.22,0.4259,0.3794,3,
WDS_Pitch_Pine,102,126,16,A-2,,0.634,0.642,0.23,0.218,0.4149,0.3848,3,
WDS_Pitch_Pine,102,126,16,A-1,,0.638,0.648,0.232,0.222,0.416,0.3887,3,
WDS_Pitch_Pine,102,126,15,B-3,,0.588,0.588,0.338,0.242,0.7178,0.48,3,
WDS_Pitch_Pine,102,126,15,B-2,,0.628,0.642,0.262,0.252,0.4877,0.4543,3,
WDS_Pitch_Pine,102,126,15,B-1,,0.712,0.718,0.304,0.294,0.5011,0.4772,3,
WDS_Pitch_Pine,102,126,15,A-3,,0.618,0.628,0.26,0.258,0.4925,0.479,3,
WDS_Pitch_Pine,102,126,15,A-2,,0.706,0.714,0.326,0.308,0.5497,0.5072,3,
WDS_Pitch_Pine,102,126,15,A-1,,0.696,0.704,0.282,0.27,0.4713,0.4423,3,
WDS_Pitch_Pine,102,126,14,B-3,,0.464,0.474,0.17,0.162,0.4196,0.3877,3,
WDS_Pitch_Pine,102,126,14,B-2,,0.454,0.462,0.182,0.172,0.4655,0.4274,3,
WDS_Pitch_Pine,102,126,14,B-1,,0.442,0.502,0.19,0.18,0.5051,0.4094,3,
WDS_Pitch_Pine,102,126,14,A-3,,0.644,0.652,0.25,0.242,0.4485,0.4259,3,
WDS_Pitch_Pine,102,126,14,A-2,,0.604,0.616,0.252,0.25,0.4877,0.4722,3,
WDS_Pitch_Pine,102,126,14,A-1,,0.592,0.602,0.254,0.246,0.504,0.476,3,
WDS_Pitch_Pine,102,126,13,B-3,,0.296,0.302,0.112,0.104,0.4355,0.391,3,
WDS_Pitch_Pine,102,126,13,B-2,,0.402,0.412,0.168,0.156,0.4887,0.4358,3,
WDS_Pitch_Pine,102,126,13,B-1,,0.394,0.404,0.154,0.148,0.4521,0.4196,3,
WDS_Pitch_Pine,102,126,13,A-3,,0.444,0.454,0.18,0.166,0.4716,0.4187,3,
WDS_Pitch_Pine,102,126,13,A-2,,0.468,0.482,0.208,0.198,0.5253,0.4789,3,
WDS_Pitch_Pine,102,126,13,A-1,,0.348,0.356,0.148,0.138,0.4988,0.4478,3,
WDS_Pitch_Pine,102,126,12,B-3,,0.624,0.63,0.208,0.188,0.3768,0.3328,3,
WDS_Pitch_Pine,102,126,12,B-2,,0.698,0.7,0.302,0.274,0.5089,0.4528,3,
WDS_Pitch_Pine,102,126,12,B-1,,0.708,0.712,0.29,0.268,0.4773,0.4328,3,
WDS_Pitch_Pine,102,126,12,A-3,,0.52,0.52,0.162,0.146,0.3492,0.311,3,
WDS_Pitch_Pine,102,126,12,A-2,,0.548,0.54,0.218,0.188,0.4614,0.3959,3,
WDS_Pitch_Pine,102,126,12,A-1,,0.542,0.54,0.202,0.184,0.4279,0.3863,3,
WDS_Pitch_Pine,102,126,11,B-3,,0.526,0.526,0.172,0.152,0.3688,0.3211,3,
WDS_Pitch_Pine,102,126,11,B-2,,0.542,0.542,0.208,0.19,0.4426,0.399,3,
WDS_Pitch_Pine,102,126,11,B-1,,0.526,0.526,0.2,0.184,0.4379,0.398,3,
WDS_Pitch_Pine,102,126,11,A-3,,0.618,0.62,0.218,0.196,0.4019,0.355,3,
WDS_Pitch_Pine,102,126,11,A-2,,0.65,0.656,0.282,0.262,0.5106,0.4635,3,
WDS_Pitch_Pine,102,126,11,A-1,,0.594,0.6,0.258,0.236,0.5113,0.4554,3,
WDS_Pitch_Pine,103,126,4,B-2,,0.39,0.382,0.142,0.142,0.4167,0.4267,3,
WDS_Pitch_Pine,103,126,4,A-2,,0.4,0.39,0.154,0.15,0.4442,0.4437,3,
WDS_Pitch_Pine,103,126,4,A-1,,0.39,0.38,0.168,0.164,0.5063,0.5074,3,
WDS_Pitch_Pine,103,126,3,B-3,,0.412,0.4,0.142,0.132,0.3914,0.3726,3,
WDS_Pitch_Pine,103,126,3,B-2,,0.422,0.414,0.16,0.156,0.4365,0.4334,3,
WDS_Pitch_Pine,103,126,3,B-1,,0.466,0.454,0.192,0.186,0.4806,0.4775,3,
WDS_Pitch_Pine,103,126,3,A-3,,0.532,0.518,0.192,0.188,0.4125,0.4151,3,
WDS_Pitch_Pine,103,126,3,A-2,,0.492,0.482,0.198,0.192,0.4676,0.4621,3,
WDS_Pitch_Pine,103,126,3,A-1,,0.514,0.504,0.226,0.218,0.5187,0.5088,3,
WDS_Pitch_Pine,103,126,2,B-3,,0.934,0.926,0.416,0.398,0.5267,0.505,3,
WDS_Pitch_Pine,103,126,2,B-2,,0.948,0.938,0.378,0.362,0.4626,0.4455,3,
WDS_Pitch_Pine,103,126,2,B-1,,0.932,0.936,0.376,0.358,0.469,0.4409,3,
WDS_Pitch_Pine,103,126,2,A-3,,0.858,0.85,0.362,0.344,0.4941,0.4707,3,
WDS_Pitch_Pine,103,126,2,A-2,,0.862,0.852,0.336,0.328,0.4506,0.4442,3,
WDS_Pitch_Pine,103,126,2,A-1,,0.928,0.918,0.378,0.362,0.4742,0.4567,3,
WDS_Pitch_Pine,103,126,1,B-3,,1.012,1.006,0.468,0.454,0.5507,0.5349,3,
WDS_Pitch_Pine,103,126,1,B-2,,1.006,0.994,0.388,0.378,0.4452,0.438,3,
WDS_Pitch_Pine,103,126,1,B-1,,1.03,1.018,0.378,0.37,0.4204,0.4158,3,
WDS_Pitch_Pine,103,126,1,A-3,,0.902,0.896,0.408,0.396,0.5364,0.5219,3,
WDS_Pitch_Pine,103,126,1,A-2,,0.876,0.864,0.352,0.35,0.4668,0.4712,3,
WDS_Pitch_Pine,103,126,1,A-1,,0.888,0.86,0.362,0.352,0.4747,0.4769,3,
WDS_Pitch_Pine,103,126,4,B-1,,0.378,0.364,0.154,0.15,0.4744,0.4807,3,
WDS_Pitch_Pine,103,126,4,B-3,,0.402,0.39,0.148,0.142,0.422,0.4167,3,
WDS_Pitch_Pine,103,126,5,A-1,,0.798,0.794,0.328,0.31,0.4793,0.4515,3,
WDS_Pitch_Pine,103,126,5,A-2,,0.8,0.79,0.322,0.318,0.4677,0.4678,3,
WDS_Pitch_Pine,103,126,5,A-3,,0.79,0.772,0.332,0.284,0.4919,0.4216,3,
WDS_Pitch_Pine,103,126,5,B-1,,0.858,0.856,0.35,0.342,0.4751,0.4637,3,
WDS_Pitch_Pine,103,126,5,B-2,,0.846,0.834,0.352,0.342,0.4861,0.478,3,
WDS_Pitch_Pine,103,126,5,B-3,,0.698,0.678,0.286,0.23,0.4775,0.3844,3,
WDS_Pitch_Pine,103,126,6,A-1,,0.728,0.724,0.256,0.248,0.4004,0.3887,3,
WDS_Pitch_Pine,103,126,6,A-2,,0.744,0.74,0.292,0.276,0.4542,0.4283,3,
WDS_Pitch_Pine,103,126,6,A-3,,0.672,0.656,0.268,0.238,0.4627,0.415,3,
WDS_Pitch_Pine,103,126,6,B-1,,0.752,0.742,0.262,0.252,0.3962,0.3849,3,
WDS_Pitch_Pine,103,126,6,B-2,,0.752,0.746,0.298,0.29,0.4593,0.4492,3,
WDS_Pitch_Pine,103,126,6,B-3,,0.748,0.736,0.308,0.274,0.4803,0.4274,3,
WDS_Pitch_Pine,103,126,7,A-1,,0.816,0.808,0.3,0.286,0.4213,0.4034,3,
WDS_Pitch_Pine,103,126,7,A-2,,0.798,0.794,0.32,0.308,0.4657,0.4481,3,
WDS_Pitch_Pine,103,126,4,A-3,,0.458,0.446,0.184,0.178,0.4667,0.4631,3,
WDS_Pitch_Pine,103,126,7,A-3,,0.878,0.864,0.332,0.318,0.4351,0.4218,3,
WDS_Pitch_Pine,103,126,7,B-1,,0.946,0.932,0.376,0.36,0.4609,0.4459,3,
WDS_Pitch_Pine,103,126,7,B-2,,0.904,0.898,0.368,0.356,0.4739,0.4595,3,
WDS_Pitch_Pine,103,126,7,B-3,,0.772,0.76,0.298,0.288,0.4456,0.4362,3,
WDS_Pitch_Pine,103,126,8,A-1,,0.89,0.834,0.37,0.356,0.4857,0.5009,3,
WDS_Pitch_Pine,103,126,8,A-2,,0.918,0.906,0.41,0.4,0.5284,0.5212,3,
WDS_Pitch_Pine,103,126,8,A-3,,0.858,0.848,0.322,0.312,0.4314,0.4217,3,
WDS_Pitch_Pine,103,126,8,B-1,,0.74,0.728,0.298,0.288,0.468,0.4584,3,
WDS_Pitch_Pine,103,126,8,B-2,,0.93,0.92,0.398,0.386,0.5024,0.4909,3,
WDS_Pitch_Pine,103,126,8,B-3,,0.99,0.974,0.388,0.372,0.4535,0.4402,3,
WDS_Pitch_Pine,103,126,9,A-1,,0.48,0.47,0.188,0.182,0.4531,0.4472,3,
WDS_Pitch_Pine,103,126,9,A-2,,0.482,0.478,0.198,0.192,0.4789,0.4666,3,
WDS_Pitch_Pine,103,126,9,A-3,,0.522,0.51,0.24,0.198,0.5469,0.4486,3,
WDS_Pitch_Pine,103,126,9,B-1,,0.602,0.596,0.26,0.25,0.5079,0.4908,3,
WDS_Pitch_Pine,103,126,9,B-2,,0.6,0.59,0.258,0.25,0.5053,0.4966,3,
WDS_Pitch_Pine,103,126,9,B-3,,0.594,0.572,0.298,0.23,0.6072,0.4672,3,
WDS_Pitch_Pine,103,126,10,A-1,,0.55,0.544,0.226,0.222,0.4791,0.4753,3,
WDS_Pitch_Pine,103,126,10,A-2,,0.562,0.558,0.224,0.22,0.4624,0.4566,3,
WDS_Pitch_Pine,103,126,10,A-3,,0.55,0.546,0.238,0.232,0.509,0.4982,3,
WDS_Pitch_Pine,103,126,10,B-1,,0.506,0.498,0.208,0.202,0.4793,0.4719,3,
WDS_Pitch_Pine,103,126,10,B-2,,0.548,0.606,0.252,0.248,0.547,0.4768,3,
WDS_Pitch_Pine,103,126,10,B-3,,0.55,0.546,0.238,0.232,0.509,0.4982,3,
WDS_Pitch_Pine,103,126,11,A-1,,0.528,0.508,0.198,0.192,0.431,0.4349,3,
WDS_Pitch_Pine,103,126,11,A-2,,0.53,0.52,0.218,0.208,0.4797,0.4643,3,
WDS_Pitch_Pine,103,126,11,A-3,,0.552,0.532,0.3,0.218,0.6695,0.4776,3,
WDS_Pitch_Pine,103,126,11,B-1,,0.72,0.708,0.278,0.272,0.4457,0.4432,3,
WDS_Pitch_Pine,103,126,11,B-2,,0.75,0.742,0.332,0.322,0.5228,0.5107,3,
WDS_Pitch_Pine,103,126,11,B-3,,0.748,0.72,0.39,0.302,0.6363,0.4907,3,
WDS_Pitch_Pine,103,126,12,A-1,,0.5,0.49,0.194,0.19,0.4482,0.4479,3,
WDS_Pitch_Pine,103,126,12,A-2,,0.516,0.498,0.272,0.192,0.6449,0.445,3,
WDS_Pitch_Pine,103,126,12,A-3,,0.518,0.506,0.262,0.168,0.6132,0.3752,3,
WDS_Pitch_Pine,103,126,12,B-1,,0.468,0.45,0.172,0.17,0.4211,0.4347,3,
WDS_Pitch_Pine,103,126,12,B-2,,0.432,0.424,0.17,0.164,0.4556,0.4466,3,
WDS_Pitch_Pine,103,126,12,B-3,,0.422,0.418,0.138,0.13,0.3688,0.3486,3,
WDS_Pitch_Pine,103,126,13,A-1,,0.95,0.946,0.332,0.314,0.3976,0.375,3,
WDS_Pitch_Pine,103,126,13,A-2,,0.958,0.954,0.338,0.322,0.4019,0.3822,3,
WDS_Pitch_Pine,103,126,13,A-3,,0.85,0.834,0.322,0.288,0.436,0.3922,3,
WDS_Pitch_Pine,103,126,13,B-1,,1.05,1.044,0.398,0.378,0.4363,0.414,3,
WDS_Pitch_Pine,103,126,13,B-2,,1.278,1.26,0.492,0.468,0.4442,0.4263,3,
WDS_Pitch_Pine,103,126,13,B-3,,1.088,1.074,0.428,0.402,0.4554,0.4301,3,
WDS_Pitch_Pine,103,126,14,A-1,,0.326,0.316,0.108,0.102,0.3742,0.3634,3,
WDS_Pitch_Pine,103,126,14,A-2,,0.34,0.334,0.112,0.108,0.3718,0.3641,3,
WDS_Pitch_Pine,103,126,14,A-3,,0.27,0.268,0.088,0.082,0.3674,0.3422,3,
WDS_Pitch_Pine,103,126,14,B-1,,0.44,0.438,0.178,0.17,0.4705,0.4484,3,
WDS_Pitch_Pine,103,126,14,B-2,,0.488,0.48,0.198,0.196,0.4721,0.4756,3,
WDS_Pitch_Pine,103,126,14,B-3,,0.482,0.478,0.174,0.162,0.4126,0.384,3,
WDS_Pitch_Pine,103,126,15,A-1,,0.41,0.408,0.178,0.178,0.511,0.5139,3,
WDS_Pitch_Pine,103,126,15,A-2,,0.372,0.37,0.152,0.148,0.476,0.4643,3,
WDS_Pitch_Pine,103,126,15,A-3,,0.362,0.366,0.13,0.122,0.4101,0.3768,3,
WDS_Pitch_Pine,103,126,15,B-1,,0.422,0.428,0.198,0.19,0.5603,0.5246,3,
WDS_Pitch_Pine,103,126,15,B-2,,0.462,0.466,0.184,0.18,0.462,0.4459,3,
WDS_Pitch_Pine,103,126,15,B-3,,0.406,0.406,0.14,0.132,0.3916,0.3664,3,
WDS_Pitch_Pine,103,126,16,A-1,,0.422,0.42,0.156,0.15,0.424,0.4076,3,
WDS_Pitch_Pine,103,126,16,A-2,,0.498,0.498,0.178,0.17,0.4079,0.3871,3,
WDS_Pitch_Pine,103,126,16,A-3,,0.506,0.504,0.202,0.19,0.4633,0.4336,3,
WDS_Pitch_Pine,103,126,16,B-1,,0.512,0.516,0.208,0.2,0.4728,0.4477,3,
WDS_Pitch_Pine,103,126,16,B-2,,0.668,0.666,0.242,0.234,0.4143,0.4,3,
WDS_Pitch_Pine,103,126,16,B-3,,0.628,0.62,0.298,0.27,0.5679,0.5128,3,
WDS_Pitch_Pine,103,126,17,A-1,,0.43,0.428,0.15,0.148,0.3968,0.3929,3,
WDS_Pitch_Pine,103,126,17,A-2,,0.456,0.456,0.164,0.16,0.4108,0.3994,3,
WDS_Pitch_Pine,103,126,17,A-3,,0.44,0.438,0.182,0.172,0.4828,0.4545,3,
WDS_Pitch_Pine,103,126,17,B-1,,0.744,0.736,0.272,0.268,0.4186,0.4167,3,
WDS_Pitch_Pine,103,126,17,B-2,,0.76,0.76,0.308,0.296,0.4714,0.4502,3,
WDS_Pitch_Pine,103,126,17,B-3,,0.808,0.806,0.368,0.35,0.5408,0.5111,3,
WDS_Pitch_Pine,103,126,18,A-1,,0.948,0.946,0.362,0.342,0.4401,0.4133,3,
WDS_Pitch_Pine,103,126,18,A-2,,1.124,1.12,0.4,0.392,0.4059,0.3983,3,
WDS_Pitch_Pine,103,126,18,A-3,,1.15,1.14,0.468,0.426,0.4737,0.4292,3,
WDS_Pitch_Pine,103,126,18,B-1,,1.04,1.034,0.41,0.392,0.4566,0.4364,3,
WDS_Pitch_Pine,103,126,18,B-2,,1.12,1.114,0.43,0.412,0.4428,0.4242,3,
WDS_Pitch_Pine,103,126,18,B-3,,1.026,1.018,0.448,0.406,0.5145,0.4628,3,
WDS_Pitch_Pine,103,126,19,A-1,,0.442,0.44,0.178,0.172,0.468,0.4521,3,
WDS_Pitch_Pine,103,126,19,A-2,,0.498,0.496,0.208,0.198,0.4883,0.4633,3,
WDS_Pitch_Pine,103,126,19,A-3,,0.5,0.498,0.17,0.162,0.3854,0.3666,3,
WDS_Pitch_Pine,103,126,19,B-1,,0.414,0.408,0.164,0.152,0.4591,0.4278,3,
WDS_Pitch_Pine,103,126,19,B-2,,0.488,0.486,0.192,0.186,0.4555,0.4412,3,
WDS_Pitch_Pine,103,126,19,B-3,,0.618,0.612,0.24,0.23,0.4487,0.4321,3,
WDS_Pitch_Pine,103,126,20,A-1,,0.93,0.92,0.368,0.348,0.4586,0.4353,3,
WDS_Pitch_Pine,103,126,20,A-2,,1.064,1.056,0.454,0.428,0.5007,0.4715,3,
WDS_Pitch_Pine,103,126,20,A-3,,1.07,1.022,0.636,0.37,0.7485,0.4139,3,
WDS_Pitch_Pine,103,126,20,B-1,,0.918,0.912,0.332,0.31,0.4135,0.3853,3,
WDS_Pitch_Pine,103,126,20,B-2,,1.072,1.054,0.438,0.398,0.4759,0.4344,3,
WDS_Pitch_Pine,103,126,20,B-3,,0.928,0.894,0.59,0.322,0.8153,0.4115,3,
WDS_Pitch_Pine,103,126,21,A-1,,1.092,1.08,0.36,0.34,0.3722,0.3533,3,
WDS_Pitch_Pine,103,126,21,A-2,,1.146,1.138,0.39,0.37,0.3858,0.3664,3,
WDS_Pitch_Pine,103,126,21,A-3,,1.168,1.156,0.432,0.388,0.4242,0.3798,3,
WDS_Pitch_Pine,103,126,21,B-1,,1.16,1.146,0.406,0.384,0.3983,0.3791,3,
WDS_Pitch_Pine,103,126,21,B-2,,1.242,1.228,0.45,0.43,0.4143,0.3985,3,
WDS_Pitch_Pine,103,126,21,B-3,,1.33,1.314,0.514,0.454,0.4462,0.3925,3,
WDS_Pitch_Pine,103,126,22,A-1,,0.612,0.604,0.248,0.24,0.4714,0.4608,3,
WDS_Pitch_Pine,103,126,22,A-2,,0.672,0.664,0.278,0.268,0.4829,0.4692,3,
WDS_Pitch_Pine,103,126,22,A-3,,0.642,0.636,0.234,0.222,0.4172,0.3971,3,
WDS_Pitch_Pine,103,126,22,B-1,,0.904,0.906,0.378,0.368,0.489,0.4727,3,
WDS_Pitch_Pine,103,126,22,B-2,,0.924,0.916,0.382,0.37,0.4825,0.4696,3,
WDS_Pitch_Pine,103,126,22,B-3,,1.152,1.154,0.468,0.45,0.4728,0.4508,3,
WDS_Pitch_Pine,103,126,23,A-1,,0.724,0.736,0.278,0.27,0.4429,0.4203,3,
WDS_Pitch_Pine,103,126,23,A-2,,0.556,0.554,0.218,0.208,0.4537,0.4316,3,
WDS_Pitch_Pine,103,126,23,A-3,,0.546,0.54,0.262,0.206,0.5755,0.4396,3,
WDS_Pitch_Pine,103,126,23,B-1,,0.566,0.56,0.222,0.218,0.4539,0.45,3,
WDS_Pitch_Pine,103,126,23,B-2,,0.686,0.68,0.274,0.262,0.4636,0.4446,3,
WDS_Pitch_Pine,103,126,23,B-3,,0.754,0.744,0.336,0.3,0.527,0.4687,3,
WDS_Pitch_Pine,103,126,24,A-1,,0.476,0.474,0.194,0.19,0.4746,0.4655,3,
WDS_Pitch_Pine,103,126,24,A-2,,0.484,0.482,0.188,0.182,0.4488,0.4344,3,
WDS_Pitch_Pine,103,126,24,A-3,,0.57,0.548,0.304,0.22,0.6542,0.4663,3,
WDS_Pitch_Pine,103,126,24,B-1,,0.572,0.568,0.246,0.238,0.5054,0.4902,3,
WDS_Pitch_Pine,103,126,24,B-2,,0.608,0.516,0.254,0.208,0.4884,0.4685,3,
WDS_Pitch_Pine,103,126,24,B-3,,0.75,0.738,0.448,0.324,0.7532,0.5178,3,
WDS_Pitch_Pine,103,126,25,A-1,,0.624,0.62,0.232,0.228,0.4268,0.4214,3,
WDS_Pitch_Pine,103,126,25,A-2,,0.658,0.654,0.266,0.256,0.4701,0.4528,3,
WDS_Pitch_Pine,103,126,25,A-3,,0.692,0.68,0.28,0.258,0.4706,0.4368,3,
WDS_Pitch_Pine,103,126,25,B-1,,0.63,0.63,0.232,0.222,0.4221,0.4014,3,
WDS_Pitch_Pine,103,126,25,B-2,,0.774,0.77,0.322,0.31,0.4861,0.4678,3,
WDS_Pitch_Pine,103,126,25,B-3,,0.73,0.722,0.27,0.248,0.4242,0.3899,3,
WDS_Pitch_Pine,104,126,21,B-1,,1.092,1.096,0.438,0.428,0.4658,0.4516,3,
WDS_Pitch_Pine,104,126,16,A-1,,0.622,0.626,0.312,0.308,0.6071,0.5931,3,
WDS_Pitch_Pine,104,126,16,A-2,,0.616,0.622,0.272,0.268,0.5213,0.5065,3,
WDS_Pitch_Pine,104,126,16,A-3,,0.588,0.584,0.218,0.2,0.4254,0.3886,3,
WDS_Pitch_Pine,104,126,16,B-1,,0.73,0.734,0.36,0.356,0.5948,0.583,3,
WDS_Pitch_Pine,104,126,16,B-2,,0.728,0.732,0.298,0.292,0.477,0.4629,3,
WDS_Pitch_Pine,104,126,16,B-3,,0.692,0.692,0.25,0.224,0.413,0.3646,3,
WDS_Pitch_Pine,104,126,17,A-1,,1.218,1.246,0.544,0.532,0.5284,0.5011,3,
WDS_Pitch_Pine,104,126,17,A-2,,1.166,1.212,0.468,0.458,0.4662,0.4348,3,
WDS_Pitch_Pine,104,126,17,A-3,,1.21,1.212,0.428,0.4,0.4031,0.3726,3,
WDS_Pitch_Pine,104,126,17,B-1,,1.224,1.172,0.478,0.462,0.4516,0.4565,3,
WDS_Pitch_Pine,104,126,17,B-2,,1.238,1.218,0.468,0.45,0.435,0.4237,3,
WDS_Pitch_Pine,104,126,17,B-3,,1.208,1.22,0.486,0.452,0.4675,0.425,3,
WDS_Pitch_Pine,104,126,18,A-1,,1.126,1.138,0.502,0.488,0.5273,0.5036,3,
WDS_Pitch_Pine,104,126,18,A-2,,1.112,1.114,0.494,0.442,0.525,0.46,3,
WDS_Pitch_Pine,104,126,18,A-3,,1.11,1.102,0.542,0.4,0.5877,0.4152,3,
WDS_Pitch_Pine,104,126,18,B-1,,1.124,1.138,0.528,0.51,0.561,0.5305,3,
WDS_Pitch_Pine,104,126,18,B-2,,1.096,1.094,0.49,0.442,0.529,0.4698,3,
WDS_Pitch_Pine,104,126,18,B-3,,1.126,1.118,0.518,0.4,0.5472,0.4084,3,
WDS_Pitch_Pine,104,126,19,A-1,,0.36,0.358,0.152,0.148,0.4946,0.4825,3,
WDS_Pitch_Pine,104,126,19,A-2,,0.344,0.342,0.126,0.124,0.4195,0.4147,3,
WDS_Pitch_Pine,104,126,19,A-3,,0.37,0.37,0.154,0.142,0.4863,0.4426,3,
WDS_Pitch_Pine,104,126,19,B-1,,0.518,0.52,0.228,0.222,0.5193,0.501,3,
WDS_Pitch_Pine,104,126,19,B-2,,0.54,0.542,0.208,0.202,0.4445,0.4279,3,
WDS_Pitch_Pine,104,126,19,B-3,,0.538,0.54,0.214,0.202,0.4613,0.4298,3,
WDS_Pitch_Pine,104,126,20,A-1,,0.904,0.912,0.448,0.438,0.5983,0.5761,3,
WDS_Pitch_Pine,104,126,20,A-2,,0.884,0.892,0.372,0.358,0.4926,0.4662,3,
WDS_Pitch_Pine,104,126,20,A-3,,0.888,0.884,0.4,0.338,0.5337,0.4407,3,
WDS_Pitch_Pine,104,126,20,B-1,,1.176,1.184,0.586,0.572,0.6023,0.5802,3,
WDS_Pitch_Pine,104,126,20,B-2,,1.168,1.17,0.512,0.498,0.5168,0.4993,3,
WDS_Pitch_Pine,104,126,20,B-3,,1.158,1.148,0.508,0.44,0.5173,0.442,3,
WDS_Pitch_Pine,104,126,21,A-1,,1.052,1.06,0.432,0.42,0.4787,0.4593,3,
WDS_Pitch_Pine,104,126,21,A-2,,1.044,1.044,0.37,0.352,0.404,0.3818,3,
WDS_Pitch_Pine,104,126,21,A-3,,1.03,1.01,0.464,0.318,0.5338,0.3534,3,
WDS_Pitch_Pine,104,126,21,B-2,,1.088,1.082,0.392,0.378,0.4117,0.3975,3,
WDS_Pitch_Pine,104,126,21,B-3,,1.052,1.046,0.368,0.334,0.398,0.359,3,
WDS_Pitch_Pine,104,126,22,A-1,,0.614,0.62,0.274,0.268,0.5279,0.5084,3,
WDS_Pitch_Pine,104,126,22,A-2,,0.584,0.584,0.232,0.228,0.4607,0.4515,3,
WDS_Pitch_Pine,104,126,22,A-3,,0.662,0.678,0.28,0.232,0.4956,0.3882,3,
WDS_Pitch_Pine,104,126,22,B-1,,0.876,0.88,0.394,0.39,0.5328,0.5236,3,
WDS_Pitch_Pine,104,126,22,B-2,,0.89,0.884,0.36,0.338,0.4704,0.4407,3,
WDS_Pitch_Pine,104,126,22,B-3,,0.88,0.862,0.422,0.322,0.5751,0.4291,3,
WDS_Pitch_Pine,104,126,23,A-1,,0.57,0.572,0.264,0.258,0.5517,0.5346,3,
WDS_Pitch_Pine,104,126,23,A-2,,0.572,0.572,0.236,0.23,0.4814,0.4672,3,
WDS_Pitch_Pine,104,126,23,A-3,,0.538,0.532,0.212,0.196,0.4563,0.4223,3,
WDS_Pitch_Pine,104,126,23,B-1,,0.494,0.496,0.21,0.208,0.4985,0.4906,3,
WDS_Pitch_Pine,104,126,23,B-2,,0.518,0.512,0.226,0.194,0.514,0.4362,3,
WDS_Pitch_Pine,104,126,23,B-3,,0.508,0.508,0.228,0.208,0.5314,0.4771,3,
WDS_Pitch_Pine,104,126,24,A-1,,0.556,0.564,0.238,0.236,0.5026,0.4894,3,
WDS_Pitch_Pine,104,126,24,A-2,,0.554,0.558,0.214,0.214,0.446,0.4423,3,
WDS_Pitch_Pine,104,126,24,A-3,,0.576,0.572,0.232,0.208,0.4681,0.416,3,
WDS_Pitch_Pine,104,126,24,B-1,,0.508,0.514,0.22,0.218,0.5095,0.4972,3,
WDS_Pitch_Pine,104,126,24,B-2,,0.496,0.496,0.184,0.182,0.4257,0.4204,3,
WDS_Pitch_Pine,104,126,24,B-3,,0.51,0.498,0.258,0.198,0.6134,0.4611,3,
WDS_Pitch_Pine,104,126,25,A-1,,0.708,0.708,0.342,0.338,0.5801,0.572,3,
WDS_Pitch_Pine,104,126,25,A-2,,0.812,0.818,0.308,0.3,0.4367,0.4201,3,
WDS_Pitch_Pine,104,126,25,A-3,,0.806,0.8,0.302,0.27,0.4306,0.3822,3,
WDS_Pitch_Pine,104,126,25,B-1,,0.93,0.936,0.418,0.412,0.5323,0.5194,3,
WDS_Pitch_Pine,104,126,25,B-2,,0.934,0.938,0.366,0.35,0.4534,0.4285,3,
WDS_Pitch_Pine,104,126,25,B-3,,0.912,0.916,0.362,0.322,0.4602,0.4003,3,
WDS_Pitch_Pine,104,126,1,A-1,,0.64,0.648,0.278,0.278,0.5113,0.5039,3,
WDS_Pitch_Pine,104,126,1,A-2,,0.62,0.624,0.19,0.19,0.3428,0.3404,3,
WDS_Pitch_Pine,104,126,1,A-3,,0.632,0.642,0.192,0.19,0.3395,0.3298,3,
WDS_Pitch_Pine,104,126,1,B-1,,0.668,0.68,0.294,0.292,0.5193,0.5044,3,
WDS_Pitch_Pine,104,126,1,B-2,,0.654,0.662,0.224,0.224,0.3886,0.3833,3,
WDS_Pitch_Pine,104,126,1,B-3,,0.654,0.668,0.202,0.194,0.3459,0.3229,3,
WDS_Pitch_Pine,104,126,2,A-1,,0.59,0.6,0.3,0.298,0.6172,0.5999,3,
WDS_Pitch_Pine,104,126,2,A-2,,0.624,0.624,0.318,0.28,0.6189,0.5313,3,
WDS_Pitch_Pine,104,126,2,A-3,,0.55,0.558,0.302,0.204,0.6781,0.4186,3,
WDS_Pitch_Pine,104,126,2,B-1,,0.6,0.608,0.296,0.288,0.595,0.5667,3,
WDS_Pitch_Pine,104,126,2,B-2,,0.596,0.6,0.262,0.258,0.5186,0.5053,3,
WDS_Pitch_Pine,104,126,2,B-3,,0.556,0.56,0.254,0.186,0.5427,0.3753,3,
WDS_Pitch_Pine,104,126,3,A-1,,0.766,0.778,0.342,0.338,0.5282,0.5114,3,
WDS_Pitch_Pine,104,126,3,A-2,,0.76,0.774,0.264,0.256,0.3949,0.3735,3,
WDS_Pitch_Pine,104,126,3,A-3,,0.77,0.78,0.262,0.252,0.3857,0.3638,3,
WDS_Pitch_Pine,104,126,3,B-1,,0.69,0.702,0.294,0.288,0.4999,0.4782,3,
WDS_Pitch_Pine,104,126,3,B-2,,0.708,0.716,0.246,0.24,0.395,0.3792,3,
WDS_Pitch_Pine,104,126,3,B-3,,0.67,0.678,0.23,0.224,0.3896,0.3731,3,
WDS_Pitch_Pine,104,126,4,A-1,,0.404,0.412,0.184,0.182,0.5408,0.5216,3,
WDS_Pitch_Pine,104,126,4,A-2,,0.424,0.43,0.156,0.156,0.4217,0.4149,3,
WDS_Pitch_Pine,104,126,4,A-3,,0.39,0.398,0.124,0.122,0.3573,0.3429,3,
WDS_Pitch_Pine,104,126,6,A-1,,1.388,1.404,0.65,0.632,0.559,0.5333,3,
WDS_Pitch_Pine,104,126,6,A-2,,1.37,1.382,0.55,0.51,0.4663,0.4231,3,
WDS_Pitch_Pine,104,126,6,A-3,,1.362,1.358,0.56,0.476,0.4794,0.399,3,
WDS_Pitch_Pine,104,126,6,B-1,,1.402,1.436,0.652,0.638,0.5544,0.5251,3,
WDS_Pitch_Pine,104,126,6,B-2,,1.39,1.404,0.544,0.52,0.4527,0.4249,3,
WDS_Pitch_Pine,104,126,6,B-3,,1.364,1.362,0.548,0.458,0.4667,0.3806,3,
WDS_Pitch_Pine,104,126,7,A-1,,0.702,0.714,0.276,0.272,0.4552,0.4389,3,
WDS_Pitch_Pine,104,126,7,A-2,,0.7,0.702,0.258,0.22,0.4225,0.3516,3,
WDS_Pitch_Pine,104,126,7,A-3,,0.672,0.674,0.224,0.202,0.3768,0.3344,3,
WDS_Pitch_Pine,104,126,7,B-1,,0.76,0.774,0.324,0.32,0.5002,0.4825,3,
WDS_Pitch_Pine,104,126,7,B-2,,0.748,0.76,0.258,0.242,0.3917,0.3579,3,
WDS_Pitch_Pine,104,126,7,B-3,,0.738,0.742,0.232,0.208,0.3528,0.3105,3,
WDS_Pitch_Pine,104,126,8,A-1,,0.9,0.91,0.422,0.418,0.5598,0.5463,3,
WDS_Pitch_Pine,104,126,8,A-2,,0.91,0.918,0.354,0.342,0.4496,0.4278,3,
WDS_Pitch_Pine,104,126,8,A-3,,0.902,0.894,0.334,0.282,0.4248,0.3541,3,
WDS_Pitch_Pine,104,126,8,B-1,,0.852,0.86,0.382,0.374,0.5308,0.512,3,
WDS_Pitch_Pine,104,126,8,B-2,,0.84,0.842,0.284,0.278,0.3829,0.3728,3,
WDS_Pitch_Pine,104,126,8,B-3,,0.846,0.846,0.29,0.258,0.389,0.341,3,
WDS_Pitch_Pine,104,126,9,A-1,,0.856,0.868,0.384,0.378,0.5311,0.5128,3,
WDS_Pitch_Pine,104,126,9,A-2,,0.836,0.838,0.29,0.278,0.3943,0.3748,3,
WDS_Pitch_Pine,104,126,9,A-3,,0.84,0.838,0.288,0.268,0.3891,0.3597,3,
WDS_Pitch_Pine,104,126,9,B-1,,0.884,0.888,0.374,0.368,0.4957,0.4839,3,
WDS_Pitch_Pine,104,126,9,B-2,,0.874,0.872,0.312,0.298,0.4074,0.3876,3,
WDS_Pitch_Pine,104,126,9,B-3,,0.884,0.882,0.336,0.308,0.4377,0.3973,3,
WDS_Pitch_Pine,104,126,10,A-1,,0.644,0.65,0.292,0.288,0.5379,0.5234,3,
WDS_Pitch_Pine,104,126,10,A-2,,0.652,0.654,0.264,0.26,0.471,0.461,3,
WDS_Pitch_Pine,104,126,10,A-3,,0.664,0.666,0.246,0.24,0.425,0.4118,3,
WDS_Pitch_Pine,104,126,10,B-1,,0.588,0.59,0.268,0.268,0.5412,0.5391,3,
WDS_Pitch_Pine,104,126,10,B-2,,0.554,0.558,0.202,0.2,0.4173,0.4092,3,
WDS_Pitch_Pine,104,126,10,B-3,,0.54,0.536,0.208,0.198,0.4445,0.4236,3,
WDS_Pitch_Pine,104,126,4,B-1,,0.456,0.468,0.192,0.19,0.493,0.4724,3,
WDS_Pitch_Pine,104,126,4,B-2,,0.462,0.468,0.186,0.186,0.4678,0.4609,3,
WDS_Pitch_Pine,104,126,4,B-3,,0.44,0.45,0.17,0.17,0.4461,0.4347,3,
WDS_Pitch_Pine,104,126,5,A-1,,0.604,0.608,0.278,0.276,0.5476,0.5386,3,
WDS_Pitch_Pine,104,126,5,A-2,,0.578,0.58,0.238,0.232,0.4803,0.4643,3,
WDS_Pitch_Pine,104,126,5,A-3,,0.544,0.538,0.208,0.19,0.4407,0.4024,3,
WDS_Pitch_Pine,104,126,5,B-1,,0.546,0.552,0.242,0.238,0.5236,0.5069,3,
WDS_Pitch_Pine,104,126,5,B-2,,0.566,0.568,0.22,0.208,0.4492,0.4194,3,
WDS_Pitch_Pine,104,126,5,B-3,,0.514,0.508,0.268,0.162,0.6363,0.3585,3,
WDS_Pitch_Pine,104,126,11,A-1,,0.676,0.68,0.308,0.302,0.541,0.5249,3,
WDS_Pitch_Pine,104,126,11,A-2,,0.7,0.7,0.26,0.258,0.4263,0.4225,3,
WDS_Pitch_Pine,104,126,11,A-3,,0.648,0.646,0.264,0.228,0.4744,0.4021,3,
WDS_Pitch_Pine,104,126,11,B-1,,0.68,0.68,0.322,0.32,0.5664,0.5622,3,
WDS_Pitch_Pine,104,126,11,B-2,,0.652,0.662,0.252,0.25,0.4462,0.4345,3,
WDS_Pitch_Pine,104,126,11,B-3,,0.608,0.604,0.248,0.218,0.475,0.4125,3,
WDS_Pitch_Pine,104,126,12,A-1,,0.702,0.706,0.304,0.302,0.5095,0.5022,3,
WDS_Pitch_Pine,104,126,12,A-2,,0.704,0.706,0.252,0.25,0.4086,0.4036,3,
WDS_Pitch_Pine,104,126,12,A-3,,0.69,0.69,0.278,0.232,0.4683,0.3806,3,
WDS_Pitch_Pine,104,126,12,B-1,,0.75,0.756,0.342,0.34,0.5415,0.5327,3,
WDS_Pitch_Pine,104,126,12,B-2,,0.73,0.734,0.27,0.268,0.4242,0.418,3,
WDS_Pitch_Pine,104,126,12,B-3,,0.74,0.742,0.286,0.24,0.4462,0.3643,3,
WDS_Pitch_Pine,104,126,13,A-1,,0.608,0.616,0.286,0.282,0.562,0.5441,3,
WDS_Pitch_Pine,104,126,13,A-2,,0.594,0.598,0.232,0.228,0.4517,0.4393,3,
WDS_Pitch_Pine,104,126,13,A-3,,0.59,0.588,0.218,0.192,0.4237,0.3682,3,
WDS_Pitch_Pine,104,126,13,B-1,,0.576,0.586,0.278,0.274,0.5795,0.5579,3,
WDS_Pitch_Pine,104,126,13,B-2,,0.568,0.566,0.222,0.22,0.452,0.4492,3,
WDS_Pitch_Pine,104,126,13,B-3,,0.554,0.548,0.204,0.178,0.4221,0.366,3,
WDS_Pitch_Pine,104,126,14,A-1,,0.704,0.71,0.302,0.294,0.5038,0.4834,3,
WDS_Pitch_Pine,104,126,14,A-2,,0.69,0.688,0.282,0.238,0.4761,0.393,3,
WDS_Pitch_Pine,104,126,14,A-3,,0.702,0.696,0.372,0.22,0.6491,0.355,3,
WDS_Pitch_Pine,104,126,14,B-1,,0.7,0.708,0.302,0.298,0.5072,0.4927,3,
WDS_Pitch_Pine,104,126,14,B-2,,0.69,0.696,0.24,0.232,0.3955,0.3768,3,
WDS_Pitch_Pine,104,126,14,B-3,,0.68,0.68,0.242,0.21,0.4059,0.3458,3,
WDS_Pitch_Pine,104,126,15,A-1,,0.49,0.494,0.232,0.232,0.5664,0.5609,3,
WDS_Pitch_Pine,104,126,15,A-2,,0.494,0.496,0.188,0.186,0.4384,0.431,3,
WDS_Pitch_Pine,104,126,15,A-3,,0.458,0.454,0.152,0.144,0.375,0.3563,3,
WDS_Pitch_Pine,104,126,15,B-1,,0.49,0.492,0.22,0.22,0.5317,0.5291,3,
WDS_Pitch_Pine,104,126,15,B-2,,0.48,0.484,0.182,0.172,0.4365,0.4053,3,
WDS_Pitch_Pine,104,126,15,B-3,,0.464,0.464,0.162,0.152,0.3972,0.3695,3,
WDS_Pitch_Pine_P1,1,126,9,B,,1.614,1.612,0.592,0.542,0.4202,0.3806,3,
WDS_Pitch_Pine_P1,1,126,9,A,,1.9,1.92,0.728,0.68,0.4418,0.4037,3,
WDS_Pitch_Pine_P1,1,126,8,B,,3.862,3.874,1.49,1.388,0.4453,0.4091,3,
WDS_Pitch_Pine_P1,1,126,8,A,,3.418,3.452,1.322,1.242,0.4466,0.411,3,
WDS_Pitch_Pine_P1,1,126,7,B,,2.21,2.208,0.78,0.748,0.4021,0.3838,3,
WDS_Pitch_Pine_P1,1,126,7,A,,2.032,2.042,0.704,0.67,0.3937,0.3702,3,
WDS_Pitch_Pine_P1,1,126,6,B,,2.634,2.62,0.972,0.908,0.4231,0.3938,3,
WDS_Pitch_Pine_P1,1,126,6,A,,2.16,2.152,0.842,0.75,0.4507,0.3964,3,
WDS_Pitch_Pine_P1,1,126,5,B,,1.5,1.496,0.58,0.546,0.4465,0.4178,3,
WDS_Pitch_Pine_P1,1,126,5,A,,1.812,1.84,0.73,0.662,0.4682,0.411,3,
WDS_Pitch_Pine_P1,1,126,4,B,,1.99,2.002,0.772,0.702,0.4482,0.3991,3,
WDS_Pitch_Pine_P1,1,126,4,A,,2.952,2.94,1.174,1.038,0.4612,0.4023,3,
WDS_Pitch_Pine_P1,1,126,3,B,,4.46,4.442,1.882,1.694,0.4942,0.4394,3,
WDS_Pitch_Pine_P1,1,126,3,A,,3.748,3.746,1.538,1.418,0.4783,0.4357,3,
WDS_Pitch_Pine_P1,1,126,2,B,,3.546,3.53,1.372,1.27,0.4468,0.411,3,
WDS_Pitch_Pine_P1,1,126,2,A,,3.272,3.23,1.2,1.082,0.4201,0.379,3,
WDS_Pitch_Pine_P1,1,126,1,B,,4.32,4.27,1.656,1.578,0.442,0.4238,3,
WDS_Pitch_Pine_P1,1,126,15,A,,1.364,1.38,0.504,0.68,0.4237,0.5942,3,
WDS_Pitch_Pine_P1,1,126,18,A,,2.172,2.18,0.882,0.8,0.4725,0.4204,3,
WDS_Pitch_Pine_P1,1,126,1,A,,3.458,3.538,1.324,1.24,0.4414,0.3989,3,
WDS_Pitch_Pine_P1,1,126,17,B,,3.434,3.382,1.21,1.132,0.4013,0.3786,3,
WDS_Pitch_Pine_P1,1,126,16,A,,2.83,2.868,0.99,0.91,0.3981,0.3565,3,
WDS_Pitch_Pine_P1,1,126,17,A,,2.758,2.462,0.968,0.762,0.3996,0.3467,3,
WDS_Pitch_Pine_P1,1,126,16,B,,3.51,3.502,1.264,1.164,0.4114,0.3756,3,
WDS_Pitch_Pine_P1,1,126,20,B,,2.756,2.762,1.118,1.072,0.472,0.4484,3,
WDS_Pitch_Pine_P1,1,126,20,A,,2.18,2.21,0.818,0.792,0.4313,0.4092,3,
WDS_Pitch_Pine_P1,1,126,19,B,,2.678,2.69,1.074,1.024,0.4657,0.4385,3,
WDS_Pitch_Pine_P1,1,126,19,A,,2.74,2.784,1.202,1.088,0.5173,0.452,3,
WDS_Pitch_Pine_P1,1,126,18,B,,2.42,2.402,1.008,0.912,0.4868,0.4372,3,
WDS_Pitch_Pine_P1,1,126,14,B,,1.92,1.922,0.7,0.662,0.4173,0.3911,3,
WDS_Pitch_Pine_P1,1,126,14,A,,1.452,1.504,0.534,0.498,0.4215,0.374,3,
WDS_Pitch_Pine_P1,1,126,13,B,,1.29,1.318,0.562,0.523,0.5131,0.4601,3,
WDS_Pitch_Pine_P1,1,126,13,A,,1.308,1.322,0.546,0.52,0.488,0.4554,3,
WDS_Pitch_Pine_P1,1,126,12,B,,1.99,1.984,0.854,0.82,0.5041,0.4824,3,
WDS_Pitch_Pine_P1,1,126,12,A,,1.892,1.952,0.832,0.782,0.5188,0.4652,3,
WDS_Pitch_Pine_P1,1,126,11,B,,2.74,2.73,1.118,1.058,0.4752,0.4476,3,
WDS_Pitch_Pine_P1,1,126,11,A,,2.67,2.714,1.154,1.09,0.5083,0.4665,3,
WDS_Pitch_Pine_P1,1,126,10,B,,2.462,2.432,0.98,0.928,0.4617,0.4397,3,
WDS_Pitch_Pine_P1,1,126,10,A,,2.102,2.482,0.83,0.9,0.4574,0.4147,3,
WDS_Pitch_Pine_P1,1,126,15,B,,1.634,1.646,0.588,0.536,0.4111,0.367,3,
WDS_Pitch_Pine_P1,10,126,15,B,,1.308,1.31,0.498,0.452,0.4386,0.3919,3,
WDS_Pitch_Pine_P1,10,126,1,A,,1.838,1.878,0.622,0.6,0.3834,0.3592,3,
WDS_Pitch_Pine_P1,10,126,1,B,,2.162,2.152,0.67,0.65,0.3472,0.3373,3,
WDS_Pitch_Pine_P1,10,126,2,A,,1.252,1.278,0.478,0.46,0.44,0.4112,3,
WDS_Pitch_Pine_P1,10,126,2,B,,1.124,1.01,0.43,0.372,0.441,0.4222,3,
WDS_Pitch_Pine_P1,10,126,3,A,,1.954,2.026,0.7,0.682,0.409,0.3811,3,
WDS_Pitch_Pine_P1,10,126,3,B,,2.09,2.088,0.712,0.69,0.3863,0.3732,3,
WDS_Pitch_Pine_P1,10,126,4,A,,1.568,1.61,0.562,0.552,0.4092,0.3891,3,
WDS_Pitch_Pine_P1,10,126,4,B,,1.684,1.668,0.624,0.6,0.4251,0.4109,3,
WDS_Pitch_Pine_P1,10,126,5,A,,2.008,2.062,0.678,0.654,0.3824,0.3563,3,
WDS_Pitch_Pine_P1,10,126,5,B,,2.27,2.254,0.774,0.746,0.3866,0.3738,3,
WDS_Pitch_Pine_P1,10,126,15,A,,1.082,1.11,0.402,0.368,0.4264,0.3745,3,
WDS_Pitch_Pine_P1,10,126,14,B,,2.302,2.302,0.77,0.734,0.3783,0.3584,3,
WDS_Pitch_Pine_P1,10,126,14,A,,1.818,1.8,0.598,0.572,0.3712,0.3571,3,
WDS_Pitch_Pine_P1,10,126,13,B,,2.408,2.42,0.872,0.834,0.4141,0.3913,3,
WDS_Pitch_Pine_P1,10,126,13,A,,1.6,1.652,0.57,0.54,0.4064,0.3686,3,
WDS_Pitch_Pine_P1,10,126,6,A,,1.038,1.05,0.358,0.354,0.3917,0.3817,3,
WDS_Pitch_Pine_P1,10,126,12,B,,,,,,,,3,
WDS_Pitch_Pine_P1,10,126,12,A,,,,,,,,3,
WDS_Pitch_Pine_P1,10,126,11,B,,1.868,1.888,0.702,0.682,0.432,0.4129,3,
WDS_Pitch_Pine_P1,10,126,11,A,,1.266,1.318,0.49,0.472,0.447,0.4088,3,
WDS_Pitch_Pine_P1,10,126,10,B,,1.54,1.54,0.56,0.532,0.416,0.3924,3,
WDS_Pitch_Pine_P1,10,126,10,A,,1.254,1.29,0.46,0.43,0.4202,0.3768,3,
WDS_Pitch_Pine_P1,10,126,9,B,,1.438,1.424,0.514,0.492,0.408,0.3925,3,
WDS_Pitch_Pine_P1,10,126,9,A,,1.374,1.432,0.49,0.462,0.4069,0.3632,3,
WDS_Pitch_Pine_P1,10,126,8,B,,2.002,2.024,0.722,0.682,0.4121,0.3815,3,
WDS_Pitch_Pine_P1,10,126,8,A,,1.59,1.63,0.588,0.566,0.4241,0.3947,3,
WDS_Pitch_Pine_P1,10,126,7,B,,1.818,1.808,0.698,0.664,0.4428,0.4208,3,
WDS_Pitch_Pine_P1,10,126,7,A,,1.754,1.782,0.7,0.66,0.4631,0.4249,3,
WDS_Pitch_Pine_P1,10,126,6,B,,1.248,1.242,0.438,0.428,0.3995,0.3913,3,
WDS_Pitch_Pine_P1,10,126,20,B,,1.97,1.998,0.654,0.626,0.3751,0.3515,3,
WDS_Pitch_Pine_P1,10,126,20,A,,1.92,1.972,0.648,0.618,0.3822,0.3516,3,
WDS_Pitch_Pine_P1,10,126,19,B,,1.998,2.004,0.742,0.708,0.4262,0.4026,3,
WDS_Pitch_Pine_P1,10,126,19,A,,1.842,1.894,0.722,0.682,0.4535,0.4114,3,
WDS_Pitch_Pine_P1,10,126,18,B,,2.104,2.116,0.76,0.722,0.4129,0.3869,3,
WDS_Pitch_Pine_P1,10,126,18,A,,1.89,1.94,0.712,0.678,0.4333,0.3976,3,
WDS_Pitch_Pine_P1,10,126,17,B,,2.1,2.11,0.698,0.682,0.3756,0.364,3,
WDS_Pitch_Pine_P1,10,126,17,A,,1.598,1.634,0.502,0.488,0.3525,0.3331,3,
WDS_Pitch_Pine_P1,10,126,16,B,,1.864,1.886,0.652,0.63,0.398,0.3778,3,
WDS_Pitch_Pine_P1,10,126,16,A,,1.378,1.412,0.482,0.46,0.398,0.3672,3,
WDS_Pitch_Pine_P1,100,126,12,B,,1.334,1.344,0.514,0.482,0.4447,0.4095,3,
WDS_Pitch_Pine_P1,100,126,20,B,,1.988,2.014,0.836,0.8,0.4922,0.4606,3,
WDS_Pitch_Pine_P1,100,126,20,A,,1.768,1.788,0.762,0.732,0.5066,0.477,3,
WDS_Pitch_Pine_P1,100,126,19,B,,1.59,1.62,0.652,0.63,0.478,0.4494,3,
WDS_Pitch_Pine_P1,100,126,19,A,,1.632,1.664,0.628,0.6,0.444,0.412,3,
WDS_Pitch_Pine_P1,100,126,18,B,,3.532,3.568,1.35,1.286,0.4405,0.4118,3,
WDS_Pitch_Pine_P1,100,126,18,A,,3.95,3.992,1.564,1.488,0.4589,0.428,3,
WDS_Pitch_Pine_P1,100,126,17,B,,2.366,2.382,0.982,0.952,0.4847,0.4639,3,
WDS_Pitch_Pine_P1,100,126,17,A,,2.43,2.45,1.006,0.978,0.4833,0.4632,3,
WDS_Pitch_Pine_P1,100,126,16,B,,2.258,2.278,0.95,0.896,0.4925,0.4554,3,
WDS_Pitch_Pine_P1,100,126,16,A,,1.802,1.812,0.678,0.63,0.4326,0.3953,3,
WDS_Pitch_Pine_P1,100,126,15,B,,1.968,1.986,0.802,0.764,0.4745,0.4438,3,
WDS_Pitch_Pine_P1,100,126,15,A,,1.792,1.8,0.678,0.652,0.4354,0.4142,3,
WDS_Pitch_Pine_P1,100,126,14,B,,2.908,2.926,1.198,1.132,0.4805,0.4467,3,
WDS_Pitch_Pine_P1,100,126,14,A,,2.576,2.578,1.08,1.024,0.4905,0.4606,3,
WDS_Pitch_Pine_P1,100,126,13,B,,1.13,1.134,0.488,0.476,0.5078,0.4912,3,
WDS_Pitch_Pine_P1,100,126,13,A,,1.18,1.18,0.45,0.438,0.4394,0.426,3,
WDS_Pitch_Pine_P1,100,126,12,A,,1.38,1.386,0.538,0.496,0.4507,0.4085,3,
WDS_Pitch_Pine_P1,100,126,11,B,,1.09,1.088,0.412,0.396,0.4349,0.4165,3,
WDS_Pitch_Pine_P1,100,126,11,A,,1.508,1.508,0.632,0.606,0.4903,0.4668,3,
WDS_Pitch_Pine_P1,100,126,10,B,,1.45,1.45,0.548,0.52,0.4349,0.4095,3,
WDS_Pitch_Pine_P1,100,126,10,A,,1.32,1.318,0.492,0.474,0.428,0.4108,3,
WDS_Pitch_Pine_P1,100,126,9,B,,2.964,2.962,1.262,1.162,0.4994,0.454,3,
WDS_Pitch_Pine_P1,100,126,9,A,,2.212,2.208,0.91,0.846,0.4798,0.4418,3,
WDS_Pitch_Pine_P1,100,126,8,B,,1.648,1.66,0.75,0.726,0.5403,0.5154,3,
WDS_Pitch_Pine_P1,100,126,8,A,,2.568,2.606,1.164,1.124,0.5377,0.5071,3,
WDS_Pitch_Pine_P1,100,126,7,B,,1.402,1.402,0.57,0.538,0.4732,0.4426,3,
WDS_Pitch_Pine_P1,100,126,7,A,,1.528,1.528,0.614,0.582,0.4668,0.4388,3,
WDS_Pitch_Pine_P1,100,126,6,B,,1.362,1.358,0.532,0.51,0.4517,0.4317,3,
WDS_Pitch_Pine_P1,100,126,6,A,,1.334,1.332,0.526,0.506,0.4567,0.4374,3,
WDS_Pitch_Pine_P1,100,126,5,B,,2.68,2.69,1.104,1.068,0.4805,0.4603,3,
WDS_Pitch_Pine_P1,100,126,5,A,,2.09,2.088,0.882,0.856,0.4943,0.4778,3,
WDS_Pitch_Pine_P1,100,126,4,B,,4.338,4.366,1.946,1.79,0.5311,0.4779,3,
WDS_Pitch_Pine_P1,100,126,4,A,,3.662,3.688,1.458,1.344,0.4618,0.4171,3,
WDS_Pitch_Pine_P1,100,126,3,B,,1.202,1.2,0.476,0.448,0.459,0.4288,3,
WDS_Pitch_Pine_P1,100,126,3,A,,1.138,1.136,0.442,0.426,0.4488,0.431,3,
WDS_Pitch_Pine_P1,100,126,2,B,,2.982,2.992,1.018,0.966,0.3872,0.3635,3,
WDS_Pitch_Pine_P1,100,126,2,A,,2.45,2.458,0.96,0.922,0.4534,0.4311,3,
WDS_Pitch_Pine_P1,100,126,1,B,,1.378,1.382,0.508,0.48,0.4226,0.3948,3,
WDS_Pitch_Pine_P1,100,126,1,A,,1.578,1.644,0.62,0.566,0.4548,0.3909,3,
WDS_Pitch_Pine_P1,11,126,15,B,,1.768,1.776,0.652,0.632,0.4228,0.4059,3,
WDS_Pitch_Pine_P1,11,126,1,A,,1.336,1.36,0.468,0.45,0.3987,0.3737,3,
WDS_Pitch_Pine_P1,11,126,1,B,,2.682,2.714,0.932,0.892,0.3951,0.3709,3,
WDS_Pitch_Pine_P1,11,126,2,A,,2.202,2.268,0.752,0.704,0.3873,0.3478,3,
WDS_Pitch_Pine_P1,11,126,2,B,,2.934,3.018,1.062,1.004,0.4139,0.376,3,
WDS_Pitch_Pine_P1,11,126,3,A,,1.108,1.132,0.382,0.362,0.3915,0.3596,3,
WDS_Pitch_Pine_P1,11,126,3,B,,1.294,1.302,0.446,0.424,0.3914,0.3671,3,
WDS_Pitch_Pine_P1,11,126,4,A,,1.752,1.778,0.774,0.702,0.5216,0.4574,3,
WDS_Pitch_Pine_P1,11,126,4,B,,2.17,2.174,1.072,0.894,0.596,0.4795,3,
WDS_Pitch_Pine_P1,11,126,5,A,,2.008,2.042,0.78,0.692,0.4488,0.384,3,
WDS_Pitch_Pine_P1,11,126,5,B,,1.772,1.778,0.686,0.602,0.4471,0.3836,3,
WDS_Pitch_Pine_P1,11,126,6,A,,1.54,1.58,0.592,0.566,0.4435,0.409,3,
WDS_Pitch_Pine_P1,11,126,6,B,,1.81,1.826,0.68,0.658,0.4319,0.4117,3,
WDS_Pitch_Pine_P1,11,126,7,A,,1.79,1.85,0.632,0.614,0.4023,0.375,3,
WDS_Pitch_Pine_P1,11,126,7,B,,1.628,1.632,0.568,0.55,0.3969,0.3816,3,
WDS_Pitch_Pine_P1,11,126,8,A,,1.202,1.224,0.46,0.434,0.4412,0.4042,3,
WDS_Pitch_Pine_P1,11,126,8,B,,1.136,1.132,0.384,0.372,0.3829,0.3708,3,
WDS_Pitch_Pine_P1,11,126,9,A,,1.8,1.828,0.72,0.696,0.4643,0.4386,3,
WDS_Pitch_Pine_P1,11,126,9,B,,1.99,1.98,0.77,0.746,0.4468,0.4333,3,
WDS_Pitch_Pine_P1,11,126,10,A,,1.322,1.34,0.47,0.448,0.4055,0.3781,3,
WDS_Pitch_Pine_P1,11,126,10,B,,1.47,1.482,0.52,0.494,0.4031,0.3768,3,
WDS_Pitch_Pine_P1,11,126,11,A,,1.496,1.518,0.574,0.548,0.4425,0.4126,3,
WDS_Pitch_Pine_P1,11,126,11,B,,1.58,1.57,0.56,0.522,0.404,0.3758,3,
WDS_Pitch_Pine_P1,11,126,12,A,,2.03,2.072,0.732,0.7,0.4121,0.3826,3,
WDS_Pitch_Pine_P1,11,126,12,B,,2.4,2.416,0.88,0.852,0.42,0.4017,3,
WDS_Pitch_Pine_P1,11,126,13,A,,1.62,1.66,0.572,0.54,0.4023,0.3666,3,
WDS_Pitch_Pine_P1,11,126,13,B,,1.652,1.646,0.556,0.506,0.381,0.344,3,
WDS_Pitch_Pine_P1,11,126,14,A,,1.98,1.992,0.678,0.638,0.3885,0.3602,3,
WDS_Pitch_Pine_P1,11,126,14,B,,2.34,2.362,0.96,0.838,0.4782,0.4045,3,
WDS_Pitch_Pine_P1,11,126,15,A,,1.942,1.952,0.714,0.68,0.4213,0.3962,3,
WDS_Pitch_Pine_P1,11,126,16,A,,1.364,1.39,0.504,0.488,0.4237,0.3997,3,
WDS_Pitch_Pine_P1,11,126,16,B,,1.48,1.486,0.542,0.518,0.4194,0.3965,3,
WDS_Pitch_Pine_P1,11,126,17,A,,1.1,1.108,0.42,0.402,0.44,0.415,3,
WDS_Pitch_Pine_P1,11,126,17,B,,1.568,1.57,0.612,0.592,0.4513,0.4337,3,
WDS_Pitch_Pine_P1,11,126,18,A,,2.1,2.122,0.754,0.718,0.41,0.3833,3,
WDS_Pitch_Pine_P1,11,126,18,B,,2.354,2.362,0.89,0.758,0.4351,0.3611,3,
WDS_Pitch_Pine_P1,11,126,19,A,,1.47,1.472,0.588,0.564,0.4643,0.4418,3,
WDS_Pitch_Pine_P1,11,126,19,B,,1.382,1.384,0.542,0.5,0.4538,0.413,3,
WDS_Pitch_Pine_P1,11,126,20,A,,1.992,2.018,0.718,0.696,0.4119,0.3917,3,
WDS_Pitch_Pine_P1,11,126,20,B,,1.804,1.81,0.81,0.588,0.5317,0.3661,3,
WDS_Pitch_Pine_P1,12,126,2,A,,1.754,1.79,0.658,0.632,0.4312,0.4023,3,
WDS_Pitch_Pine_P1,12,126,20,B,,1.168,1.18,0.478,0.46,0.4768,0.4507,3,
WDS_Pitch_Pine_P1,12,126,20,A,,1.272,1.302,0.546,0.514,0.5042,0.4573,3,
WDS_Pitch_Pine_P1,12,126,19,B,,1.994,2.018,0.782,0.76,0.4538,0.4331,3,
WDS_Pitch_Pine_P1,12,126,19,A,,1.888,1.936,0.732,0.712,0.4479,0.4215,3,
WDS_Pitch_Pine_P1,12,126,18,B,,2.698,2.752,0.99,0.95,0.4204,0.3921,3,
WDS_Pitch_Pine_P1,12,126,18,A,,2.03,2.09,0.752,0.724,0.425,0.3936,3,
WDS_Pitch_Pine_P1,12,126,17,B,,2.438,2.472,0.962,0.908,0.4571,0.4209,3,
WDS_Pitch_Pine_P1,12,126,17,A,,1.49,1.54,0.568,0.53,0.4392,0.3907,3,
WDS_Pitch_Pine_P1,12,126,16,B,,1.66,1.66,0.664,0.578,0.4643,0.396,3,
WDS_Pitch_Pine_P1,12,126,16,A,,1.408,1.426,0.53,0.462,0.4329,0.3649,3,
WDS_Pitch_Pine_P1,12,126,15,B,,1.43,1.44,0.482,0.462,0.3816,0.3609,3,
WDS_Pitch_Pine_P1,12,126,15,A,,1.452,1.502,0.504,0.482,0.3945,0.361,3,
WDS_Pitch_Pine_P1,12,126,14,B,,1.678,1.69,0.772,0.682,0.5473,0.4691,3,
WDS_Pitch_Pine_P1,12,126,14,A,,1.518,1.562,0.668,0.592,0.5192,0.4363,3,
WDS_Pitch_Pine_P1,12,126,13,B,,1.142,1.16,0.42,0.398,0.4215,0.3894,3,
WDS_Pitch_Pine_P1,12,126,13,A,,1.32,1.338,0.518,0.46,0.4542,0.3903,3,
WDS_Pitch_Pine_P1,12,126,12,B,,1.718,1.656,0.658,0.574,0.4416,0.3939,3,
WDS_Pitch_Pine_P1,12,126,12,A,,1.824,1.892,0.702,0.65,0.4441,0.39,3,
WDS_Pitch_Pine_P1,12,126,11,B,,1.27,1.29,0.484,0.47,0.4391,0.417,3,
WDS_Pitch_Pine_P1,12,126,11,A,,0.824,0.846,0.288,0.28,0.3977,0.3738,3,
WDS_Pitch_Pine_P1,12,126,10,B,,1.678,1.698,0.636,0.584,0.4363,0.3905,3,
WDS_Pitch_Pine_P1,12,126,10,A,,2.19,2.26,0.798,0.77,0.417,0.3863,3,
WDS_Pitch_Pine_P1,12,126,9,B,,2.884,2.91,1.082,1.036,0.4312,0.4061,3,
WDS_Pitch_Pine_P1,12,126,9,A,,2.318,2.39,0.848,0.772,0.4189,0.3637,3,
WDS_Pitch_Pine_P1,12,126,8,B,,1.24,1.24,0.622,0.498,0.6071,0.4665,3,
WDS_Pitch_Pine_P1,12,126,8,A,,1.262,1.29,0.472,0.456,0.4297,0.4028,3,
WDS_Pitch_Pine_P1,12,126,7,B,,1.532,1.536,0.528,0.508,0.3914,0.3735,3,
WDS_Pitch_Pine_P1,12,126,7,A,,2.19,2.28,0.859,0.82,0.4538,0.4108,3,
WDS_Pitch_Pine_P1,12,126,6,B,,2.73,2.724,0.982,0.932,0.4109,0.3881,3,
WDS_Pitch_Pine_P1,12,126,2,B,,1.832,1.84,0.652,0.63,0.4059,0.3885,3,
WDS_Pitch_Pine_P1,12,126,3,A,,1.76,1.818,0.682,0.662,0.4476,0.4167,3,
WDS_Pitch_Pine_P1,12,126,3,B,,2.022,2.048,0.756,0.724,0.4295,0.4028,3,
WDS_Pitch_Pine_P1,12,126,4,A,,2.13,2.168,0.752,0.72,0.4022,0.3753,3,
WDS_Pitch_Pine_P1,12,126,4,B,,2.58,2.608,0.952,0.908,0.4231,0.3959,3,
WDS_Pitch_Pine_P1,12,126,5,A,,1.12,1.15,0.462,0.458,0.4813,0.462,3,
WDS_Pitch_Pine_P1,12,126,5,B,,1.49,1.512,0.582,0.568,0.4517,0.4319,3,
WDS_Pitch_Pine_P1,12,126,6,A,,2.742,2.854,1.072,0.934,0.4522,0.3691,3,
WDS_Pitch_Pine_P1,12,126,1,A,,2.434,2.544,0.95,0.9,0.4513,0.4032,3,
WDS_Pitch_Pine_P1,12,126,1,B,,2.614,2.61,1.012,0.96,0.4471,0.4215,3,
WDS_Pitch_Pine_P1,13,126,9,B,,2.254,2.256,0.912,0.792,0.4706,0.3997,3,
WDS_Pitch_Pine_P1,13,126,1,A,,1.542,1.572,0.572,0.552,0.4256,0.3998,3,
WDS_Pitch_Pine_P1,13,126,1,B,,2.01,2.008,0.786,0.748,0.4523,0.4277,3,
WDS_Pitch_Pine_P1,13,126,2,A,,1.89,1.902,0.728,0.662,0.4445,0.3958,3,
WDS_Pitch_Pine_P1,13,126,2,B,,2.592,2.564,1.008,0.92,0.4494,0.4097,3,
WDS_Pitch_Pine_P1,13,126,3,A,,1.39,1.432,0.504,0.488,0.4147,0.3864,3,
WDS_Pitch_Pine_P1,13,126,3,B,,1.562,1.58,0.602,0.58,0.4448,0.4206,3,
WDS_Pitch_Pine_P1,13,126,4,A,,1.802,1.806,0.672,0.632,0.4282,0.3982,3,
WDS_Pitch_Pine_P1,13,126,4,B,,1.942,1.958,0.758,0.72,0.4513,0.4214,3,
WDS_Pitch_Pine_P1,13,126,5,A,,1.472,1.49,0.66,0.562,0.5308,0.4339,3,
WDS_Pitch_Pine_P1,13,126,5,B,,1.994,1.996,0.804,0.712,0.4687,0.407,3,
WDS_Pitch_Pine_P1,13,126,6,A,,2.038,2.082,0.742,0.704,0.4166,0.383,3,
WDS_Pitch_Pine_P1,13,126,6,B,,2.55,2.548,0.992,0.92,0.4496,0.4127,3,
WDS_Pitch_Pine_P1,13,126,7,A,,1.652,1.664,0.59,0.562,0.4076,0.3825,3,
WDS_Pitch_Pine_P1,13,126,7,B,,2.302,2.31,0.868,0.818,0.4337,0.4036,3,
WDS_Pitch_Pine_P1,13,126,8,A,,1.788,1.818,0.668,0.618,0.4291,0.3853,3,
WDS_Pitch_Pine_P1,13,126,8,B,,1.998,2.002,0.79,0.72,0.4581,0.4108,3,
WDS_Pitch_Pine_P1,13,126,9,A,,2.214,2.29,0.84,0.76,0.4368,0.375,3,
WDS_Pitch_Pine_P1,13,126,10,A,,1.918,1.96,0.742,0.672,0.4467,0.3891,3,
WDS_Pitch_Pine_P1,13,126,10,B,,2.35,2.37,1.01,0.84,0.505,0.404,3,
WDS_Pitch_Pine_P1,13,126,11,A,,2.122,2.21,0.842,0.81,0.46,0.4198,3,
WDS_Pitch_Pine_P1,13,126,11,B,,2.178,2.178,0.772,0.734,0.4041,0.3815,3,
WDS_Pitch_Pine_P1,13,126,12,A,,1.432,1.47,0.55,0.508,0.443,0.3926,3,
WDS_Pitch_Pine_P1,13,126,12,B,,1.812,1.83,0.7,0.662,0.446,0.4136,3,
WDS_Pitch_Pine_P1,13,126,13,A,,1.938,1.99,0.702,0.65,0.4142,0.3683,3,
WDS_Pitch_Pine_P1,13,126,13,B,,2.13,2.138,0.788,0.738,0.4243,0.3921,3,
WDS_Pitch_Pine_P1,13,126,14,A,,2.308,2.338,0.918,0.8,0.4613,0.3882,3,
WDS_Pitch_Pine_P1,13,126,14,B,,2.612,2.608,0.93,0.842,0.4061,0.3635,3,
WDS_Pitch_Pine_P1,13,126,15,A,,1.71,1.75,0.688,0.644,0.4675,0.4218,3,
WDS_Pitch_Pine_P1,13,126,15,B,,2.392,2.428,0.94,0.892,0.4549,0.421,3,
WDS_Pitch_Pine_P1,13,126,16,A,,1.414,1.47,0.498,0.464,0.4011,0.3544,3,
WDS_Pitch_Pine_P1,13,126,16,B,,1.952,1.954,0.65,0.622,0.3764,0.3578,3,
WDS_Pitch_Pine_P1,13,126,17,A,,2.23,2.32,0.888,0.84,0.4619,0.414,3,
WDS_Pitch_Pine_P1,13,126,17,B,,2.382,2.4,0.938,0.88,0.456,0.42,3,
WDS_Pitch_Pine_P1,13,126,18,A,,1.99,2.052,0.749,0.712,0.4328,0.3944,3,
WDS_Pitch_Pine_P1,13,126,18,B,,2.238,2.24,0.874,0.78,0.4516,0.396,3,
WDS_Pitch_Pine_P1,13,126,19,A,,2.198,2.238,0.92,0.834,0.4895,0.4279,3,
WDS_Pitch_Pine_P1,13,126,19,B,,2.088,2.08,0.85,0.73,0.4739,0.3995,3,
WDS_Pitch_Pine_P1,13,126,20,A,,1.452,1.492,0.534,0.51,0.4215,0.3877,3,
WDS_Pitch_Pine_P1,13,126,20,B,,1.802,1.8,0.652,0.622,0.4137,0.3925,3,
WDS_Pitch_Pine_P1,14,126,20,B,,1.758,1.762,0.684,0.65,0.4497,0.4229,3,
WDS_Pitch_Pine_P1,14,126,1,A,,1.902,1.948,0.758,0.73,0.4624,0.4306,3,
WDS_Pitch_Pine_P1,14,126,1,B,,2.218,2.198,0.82,0.774,0.424,0.4011,3,
WDS_Pitch_Pine_P1,14,126,2,A,,2.16,2.182,0.76,0.732,0.4007,0.3796,3,
WDS_Pitch_Pine_P1,14,126,2,B,,2.48,2.47,0.842,0.802,0.3848,0.3658,3,
WDS_Pitch_Pine_P1,14,126,3,A,,1.832,1.854,0.632,0.61,0.3918,0.3713,3,
WDS_Pitch_Pine_P1,14,126,3,B,,2.602,2.576,0.906,0.864,0.396,0.3795,3,
WDS_Pitch_Pine_P1,14,126,4,A,,1.58,1.612,0.6,0.58,0.4373,0.411,3,
WDS_Pitch_Pine_P1,14,126,4,B,,2.082,2.078,0.804,0.78,0.4458,0.4315,3,
WDS_Pitch_Pine_P1,14,126,5,A,,1.524,1.56,0.604,0.592,0.4594,0.4369,3,
WDS_Pitch_Pine_P1,14,126,5,B,,1.67,1.668,0.65,0.638,0.4498,0.4409,3,
WDS_Pitch_Pine_P1,14,126,6,A,,1.59,1.636,0.602,0.582,0.4358,0.4057,3,
WDS_Pitch_Pine_P1,14,126,6,B,,1.864,1.864,0.668,0.65,0.4092,0.3966,3,
WDS_Pitch_Pine_P1,14,126,7,A,,2.518,2.594,0.782,0.75,0.348,0.3213,3,
WDS_Pitch_Pine_P1,14,126,7,B,,3.052,3.06,0.938,0.89,0.344,0.3234,3,
WDS_Pitch_Pine_P1,14,126,8,A,,2.078,2.126,0.802,0.772,0.4455,0.4154,3,
WDS_Pitch_Pine_P1,14,126,8,B,,2.126,2.134,0.778,0.732,0.4191,0.3893,3,
WDS_Pitch_Pine_P1,14,126,9,A,,2.516,2.562,1.08,0.968,0.5042,0.4347,3,
WDS_Pitch_Pine_P1,14,126,9,B,,2.386,2.402,0.882,0.844,0.4239,0.4001,3,
WDS_Pitch_Pine_P1,14,126,10,A,,1.35,1.38,0.528,0.508,0.4524,0.4219,3,
WDS_Pitch_Pine_P1,14,126,10,B,,1.688,1.682,0.672,0.66,0.4618,0.4541,3,
WDS_Pitch_Pine_P1,14,126,11,A,,1.43,1.46,0.554,0.532,0.4475,0.417,3,
WDS_Pitch_Pine_P1,14,126,11,B,,1.85,1.862,0.742,0.72,0.4658,0.4465,3,
WDS_Pitch_Pine_P1,14,126,12,A,,1.39,1.42,0.49,0.47,0.4016,0.3738,3,
WDS_Pitch_Pine_P1,14,126,12,B,,1.79,1.79,0.66,0.632,0.4227,0.4023,3,
WDS_Pitch_Pine_P1,14,126,13,A,,1.33,1.362,0.47,0.448,0.4027,0.3712,3,
WDS_Pitch_Pine_P1,14,126,13,B,,1.502,1.51,0.528,0.522,0.4003,0.3927,3,
WDS_Pitch_Pine_P1,14,126,14,A,,1.232,1.254,0.45,0.436,0.4182,0.3953,3,
WDS_Pitch_Pine_P1,14,126,14,B,,1.472,1.476,0.542,0.528,0.422,0.4083,3,
WDS_Pitch_Pine_P1,14,126,15,A,,1.772,1.83,0.724,0.66,0.4759,0.4121,3,
WDS_Pitch_Pine_P1,14,126,15,B,,1.948,1.932,0.822,0.7,0.4942,0.4143,3,
WDS_Pitch_Pine_P1,14,126,16,A,,1.862,1.9,0.9,0.642,0.5806,0.3827,3,
WDS_Pitch_Pine_P1,14,126,16,B,,1.99,1.992,0.742,0.654,0.4282,0.3704,3,
WDS_Pitch_Pine_P1,14,126,17,A,,1.4,1.428,0.54,0.536,0.4452,0.4314,3,
WDS_Pitch_Pine_P1,14,126,17,B,,1.452,1.46,0.554,0.542,0.4397,0.426,3,
WDS_Pitch_Pine_P1,14,126,18,A,,2.03,2.104,0.778,0.742,0.4419,0.4017,3,
WDS_Pitch_Pine_P1,14,126,18,B,,2.618,2.634,0.952,0.934,0.416,0.4042,3,
WDS_Pitch_Pine_P1,14,126,19,A,,1.73,1.77,0.652,0.64,0.4335,0.4134,3,
WDS_Pitch_Pine_P1,14,126,19,B,,2.714,2.71,1.204,1.092,0.5242,0.4683,3,
WDS_Pitch_Pine_P1,14,126,20,A,,1.74,1.742,0.662,0.624,0.4382,0.409,3,
WDS_Pitch_Pine_P1,15,126,10,B,,1.486,1.452,0.602,0.562,0.4712,0.447,3,
WDS_Pitch_Pine_P1,15,126,1,A,,1.602,1.552,0.588,0.562,0.4205,0.4141,3,
WDS_Pitch_Pine_P1,15,126,1,B,,1.44,1.388,0.598,0.562,0.4851,0.471,3,
WDS_Pitch_Pine_P1,15,126,2,A,,0.75,0.748,0.304,0.294,0.4715,0.455,3,
WDS_Pitch_Pine_P1,15,126,2,B,,1.138,1.106,0.472,0.45,0.4844,0.4736,3,
WDS_Pitch_Pine_P1,15,126,3,A,,1.222,1.202,0.462,0.428,0.435,0.4062,3,
WDS_Pitch_Pine_P1,15,126,3,B,,1.402,1.338,0.532,0.466,0.4369,0.3961,3,
WDS_Pitch_Pine_P1,15,126,4,A,,0.84,0.828,0.304,0.304,0.4138,0.4206,3,
WDS_Pitch_Pine_P1,15,126,4,B,,1.058,1.018,0.39,0.364,0.4226,0.4081,3,
WDS_Pitch_Pine_P1,15,126,5,A,,1.418,1.398,0.51,0.478,0.4108,0.3879,3,
WDS_Pitch_Pine_P1,15,126,5,B,,1.22,1.182,0.438,0.402,0.41,0.3855,3,
WDS_Pitch_Pine_P1,15,126,6,A,,1.292,1.272,0.47,0.45,0.4162,0.4032,3,
WDS_Pitch_Pine_P1,15,126,6,B,,1.43,1.392,0.542,0.522,0.4363,0.431,3,
WDS_Pitch_Pine_P1,15,126,7,A,,1.118,1.086,0.44,0.354,0.4557,0.3675,3,
WDS_Pitch_Pine_P1,15,126,7,B,,1.224,1.2,0.502,0.438,0.478,0.4178,3,
WDS_Pitch_Pine_P1,15,126,8,A,,1.408,1.418,0.538,0.518,0.4404,0.4182,3,
WDS_Pitch_Pine_P1,15,126,8,B,,1.558,1.524,0.628,0.602,0.4685,0.4576,3,
WDS_Pitch_Pine_P1,15,126,9,A,,1.22,1.214,0.498,0.448,0.4754,0.4231,3,
WDS_Pitch_Pine_P1,15,126,9,B,,1.854,1.822,0.754,0.702,0.4734,0.4446,3,
WDS_Pitch_Pine_P1,15,126,10,A,,1.058,1.05,0.434,0.392,0.4782,0.4288,3,
WDS_Pitch_Pine_P1,15,126,11,A,,0.854,0.862,0.372,0.348,0.513,0.4693,3,
WDS_Pitch_Pine_P1,15,126,11,B,,1.074,1.056,0.452,0.42,0.4927,0.4613,3,
WDS_Pitch_Pine_P1,15,126,12,A,,1.082,1.068,0.438,0.408,0.4708,0.4403,3,
WDS_Pitch_Pine_P1,15,126,12,B,,1.25,1.218,0.494,0.47,0.4579,0.4454,3,
WDS_Pitch_Pine_P1,15,126,13,A,,0.924,0.924,0.348,0.326,0.4331,0.4019,3,
WDS_Pitch_Pine_P1,15,126,13,B,,1.42,1.386,0.578,0.538,0.4739,0.4485,3,
WDS_Pitch_Pine_P1,15,126,14,A,,1.156,1.148,0.4,0.374,0.3931,0.3672,3,
WDS_Pitch_Pine_P1,15,126,14,B,,1.152,1.132,0.412,0.38,0.4082,0.3799,3,
WDS_Pitch_Pine_P1,15,126,15,A,,1.244,1.222,0.442,0.41,0.4052,0.3796,3,
WDS_Pitch_Pine_P1,15,126,15,B,,1.468,1.412,0.598,0.53,0.4743,0.4315,3,
WDS_Pitch_Pine_P1,15,126,16,A,,1.33,1.314,0.55,0.532,0.4827,0.4709,3,
WDS_Pitch_Pine_P1,15,126,16,B,,1.418,1.382,0.608,0.576,0.5036,0.4871,3,
WDS_Pitch_Pine_P1,15,126,17,A,,1.08,1.066,0.42,0.408,0.4494,0.4412,3,
WDS_Pitch_Pine_P1,15,126,17,B,,1.29,1.258,0.53,0.514,0.479,0.4759,3,
WDS_Pitch_Pine_P1,15,126,18,A,,1.1,1.088,0.43,0.41,0.4521,0.4334,3,
WDS_Pitch_Pine_P1,15,126,18,B,,1.55,1.514,0.62,0.576,0.4643,0.4382,3,
WDS_Pitch_Pine_P1,15,126,19,A,,1.1,1.092,0.418,0.39,0.4376,0.4076,3,
WDS_Pitch_Pine_P1,15,126,19,B,,1.22,1.192,0.55,0.496,0.5343,0.4862,3,
WDS_Pitch_Pine_P1,15,126,20,A,,1.006,0.992,0.36,0.336,0.4085,0.3837,3,
WDS_Pitch_Pine_P1,15,126,20,B,,1.4,1.35,0.54,0.514,0.4452,0.4386,3,
WDS_Pitch_Pine_P1,16,126,10,B,,2.572,2.548,1.03,0.996,0.465,0.4521,3,
WDS_Pitch_Pine_P1,16,126,1,A,,2.348,2.278,0.95,0.878,0.4705,0.4448,3,
WDS_Pitch_Pine_P1,16,126,1,B,,2.41,2.364,1.17,1.002,0.5836,0.4968,3,
WDS_Pitch_Pine_P1,16,126,2,A,,1.694,1.698,0.822,0.658,0.5833,0.4476,3,
WDS_Pitch_Pine_P1,16,126,2,B,,2.868,2.848,1.31,1.216,0.5426,0.5011,3,
WDS_Pitch_Pine_P1,16,126,3,A,,2.262,2.256,0.904,0.868,0.4639,0.4439,3,
WDS_Pitch_Pine_P1,16,126,3,B,,2.174,2.15,0.86,0.826,0.4584,0.4432,3,
WDS_Pitch_Pine_P1,16,126,4,A,,2.52,2.516,1,0.952,0.4601,0.4355,3,
WDS_Pitch_Pine_P1,16,126,4,B,,2.76,2.734,1.088,1.052,0.4565,0.444,3,
WDS_Pitch_Pine_P1,16,126,5,A,,2.52,2.54,0.968,0.93,0.4431,0.4193,3,
WDS_Pitch_Pine_P1,16,126,5,B,,2.382,2.372,0.932,0.878,0.4526,0.4246,3,
WDS_Pitch_Pine_P1,16,126,6,A,,2.14,2.166,0.82,0.794,0.4418,0.4199,3,
WDS_Pitch_Pine_P1,16,126,6,B,,2.41,2.366,0.848,0.808,0.4007,0.3873,3,
WDS_Pitch_Pine_P1,16,126,7,A,,2.642,2.65,1.002,0.966,0.4366,0.4172,3,
WDS_Pitch_Pine_P1,16,126,7,B,,2.64,2.636,1.034,0.984,0.4531,0.4287,3,
WDS_Pitch_Pine_P1,16,126,8,A,,2.08,2.082,0.814,0.754,0.4527,0.4141,3,
WDS_Pitch_Pine_P1,16,126,8,B,,2.382,2.34,0.89,0.858,0.4292,0.42,3,
WDS_Pitch_Pine_P1,16,126,9,A,,1.97,1.962,0.82,0.73,0.4864,0.4271,3,
WDS_Pitch_Pine_P1,16,126,9,B,,2.17,2.13,0.88,0.814,0.4718,0.4405,3,
WDS_Pitch_Pine_P1,16,126,10,A,,2.038,2.052,0.82,0.788,0.4675,0.4429,3,
WDS_Pitch_Pine_P1,16,126,11,A,,2.274,2.28,0.912,0.882,0.4658,0.4467,3,
WDS_Pitch_Pine_P1,16,126,11,B,,1.67,1.652,0.64,0.62,0.4419,0.4314,3,
WDS_Pitch_Pine_P1,16,126,12,A,,1.722,1.754,0.67,0.636,0.4497,0.4147,3,
WDS_Pitch_Pine_P1,16,126,12,B,,2.35,2.302,0.878,0.852,0.4292,0.4245,3,
WDS_Pitch_Pine_P1,16,126,13,A,,2.14,2.142,0.85,0.826,0.4606,0.4451,3,
WDS_Pitch_Pine_P1,16,126,13,B,,2.228,2.216,0.89,0.852,0.4636,0.4436,3,
WDS_Pitch_Pine_P1,16,126,14,A,,1.31,1.318,0.532,0.516,0.4726,0.4529,3,
WDS_Pitch_Pine_P1,16,126,14,B,,1.174,1.172,0.492,0.472,0.4903,0.468,3,
WDS_Pitch_Pine_P1,16,126,15,A,,1.146,1.45,0.468,0.568,0.4757,0.4532,3,
WDS_Pitch_Pine_P1,16,126,15,B,,1.338,1.334,0.512,0.496,0.4411,0.4268,3,
WDS_Pitch_Pine_P1,16,126,16,A,,2.45,2.136,0.96,0.806,0.4534,0.4341,3,
WDS_Pitch_Pine_P1,16,126,16,B,,2.932,2.938,1.132,1.094,0.4457,0.4275,3,
WDS_Pitch_Pine_P1,16,126,17,A,,2.32,2.298,1.042,0.856,0.5319,0.4277,3,
WDS_Pitch_Pine_P1,16,126,17,B,,2.75,2.788,1.172,1.076,0.5,0.4455,3,
WDS_Pitch_Pine_P1,16,126,18,A,,2,2.016,0.77,0.746,0.4442,0.4244,3,
WDS_Pitch_Pine_P1,16,126,18,B,,1.912,1.932,0.722,0.692,0.4344,0.4089,3,
WDS_Pitch_Pine_P1,16,126,19,A,,1.426,1.446,0.562,0.548,0.4564,0.4362,3,
WDS_Pitch_Pine_P1,16,126,19,B,,1.67,1.634,0.642,0.624,0.4435,0.4401,3,
WDS_Pitch_Pine_P1,16,126,20,A,,1.624,1.648,0.662,0.636,0.4747,0.4455,3,
WDS_Pitch_Pine_P1,16,126,20,B,,2.148,2.172,0.872,0.858,0.4724,0.4577,3,
WDS_Pitch_Pine_P1,17,126,19,B,,2.874,2.902,1.152,1.1,0.4655,0.4363,3,
WDS_Pitch_Pine_P1,17,126,1,A,,2.582,2.618,1.16,1.11,0.5321,0.497,3,
WDS_Pitch_Pine_P1,17,126,1,B,,1.894,1.892,1.008,0.75,0.6525,0.4595,3,
WDS_Pitch_Pine_P1,17,126,2,A,,1.47,1.53,0.572,0.54,0.4497,0.4021,3,
WDS_Pitch_Pine_P1,17,126,2,B,,2.574,2.6,1.002,0.97,0.45,0.4284,3,
WDS_Pitch_Pine_P1,17,126,3,A,,1.648,1.66,0.688,0.63,0.4881,0.437,3,
WDS_Pitch_Pine_P1,17,126,3,B,,2.21,2.19,0.91,0.858,0.4803,0.4533,3,
WDS_Pitch_Pine_P1,17,126,4,A,,2.62,2.668,0.998,0.924,0.4388,0.3935,3,
WDS_Pitch_Pine_P1,17,126,4,B,,2.93,2.942,1.112,1.038,0.437,0.4019,3,
WDS_Pitch_Pine_P1,17,126,5,A,,1.602,1.66,0.664,0.64,0.484,0.445,3,
WDS_Pitch_Pine_P1,17,126,5,B,,1.93,1.95,0.802,0.778,0.4854,0.463,3,
WDS_Pitch_Pine_P1,17,126,6,A,,2.57,2.634,0.94,0.9,0.4188,0.3876,3,
WDS_Pitch_Pine_P1,17,126,6,B,,3.146,3.17,1.164,1.082,0.4244,0.3871,3,
WDS_Pitch_Pine_P1,17,126,7,A,,2.502,2.534,0.972,0.94,0.4489,0.4257,3,
WDS_Pitch_Pine_P1,17,126,7,B,,,,,,,,3,
WDS_Pitch_Pine_P1,17,126,8,A,,1.456,1.49,0.652,0.564,0.53,0.4356,3,
WDS_Pitch_Pine_P1,17,126,8,B,,1.654,1.67,0.698,0.63,0.4943,0.434,3,
WDS_Pitch_Pine_P1,17,126,9,A,,1.302,1.362,0.492,0.472,0.4348,0.3938,3,
WDS_Pitch_Pine_P1,17,126,9,B,,2.032,2.054,0.822,0.778,0.4705,0.436,3,
WDS_Pitch_Pine_P1,17,126,10,A,,1.892,1.924,0.712,0.682,0.4327,0.4041,3,
WDS_Pitch_Pine_P1,17,126,20,A,,2.958,3.018,1.01,0.988,0.3873,0.3692,3,
WDS_Pitch_Pine_P1,17,126,20,B,,4.042,4.12,1.47,1.412,0.4161,0.3888,3,
WDS_Pitch_Pine_P1,17,126,10,B,,2.302,2.304,0.87,0.84,0.4349,0.4173,3,
WDS_Pitch_Pine_P1,17,126,11,A,,1.654,1.682,0.66,0.638,0.463,0.4367,3,
WDS_Pitch_Pine_P1,17,126,11,B,,1.742,1.762,0.752,0.684,0.5076,0.4485,3,
WDS_Pitch_Pine_P1,17,126,12,A,,1.498,1.53,0.612,0.58,0.4759,0.4364,3,
WDS_Pitch_Pine_P1,17,126,12,B,,1.998,2.002,0.85,0.782,0.499,0.4517,3,
WDS_Pitch_Pine_P1,17,126,13,A,,1.83,1.87,0.692,0.672,0.4351,0.4105,3,
WDS_Pitch_Pine_P1,17,126,13,B,,2.512,2.516,1.018,0.98,0.4714,0.4503,3,
WDS_Pitch_Pine_P1,17,126,14,A,,2.234,2.302,0.824,0.82,0.4229,0.4064,3,
WDS_Pitch_Pine_P1,17,126,14,B,,2.594,2.602,1.07,0.94,0.4813,0.4129,3,
WDS_Pitch_Pine_P1,17,126,15,A,,2.148,2.222,0.712,0.672,0.3745,0.3378,3,
WDS_Pitch_Pine_P1,17,126,15,B,,3.442,3.46,1.19,1.142,0.3928,0.3727,3,
WDS_Pitch_Pine_P1,17,126,16,A,,2.282,2.332,0.928,0.874,0.4733,0.4307,3,
WDS_Pitch_Pine_P1,17,126,16,B,,2.71,2.728,1.088,1.026,0.4663,0.4324,3,
WDS_Pitch_Pine_P1,17,126,17,A,,3.452,3.454,1.222,1.152,0.4035,0.3771,3,
WDS_Pitch_Pine_P1,17,126,17,B,,2.178,2.192,0.77,0.712,0.4029,0.366,3,
WDS_Pitch_Pine_P1,17,126,18,A,,3.018,3.072,1.078,1.028,0.4076,0.3785,3,
WDS_Pitch_Pine_P1,17,126,18,B,,3.568,3.57,1.258,1.202,0.4016,0.3811,3,
WDS_Pitch_Pine_P1,17,126,19,A,,2.272,2.342,0.858,0.818,0.4345,0.3973,3,
WDS_Pitch_Pine_P1,18,126,10,B,,3.37,3.372,1.342,1.26,0.4619,0.4292,3,
WDS_Pitch_Pine_P1,18,126,20,B,,,,,,,,3,
WDS_Pitch_Pine_P1,18,126,20,A,,,,,,,,3,
WDS_Pitch_Pine_P1,18,126,19,B,,3.888,3.994,1.594,1.502,0.4778,0.4324,3,
WDS_Pitch_Pine_P1,18,126,19,A,,2.034,2.062,0.75,0.686,0.4227,0.376,3,
WDS_Pitch_Pine_P1,18,126,18,B,,3.338,3.332,1.282,1.178,0.443,0.4029,3,
WDS_Pitch_Pine_P1,18,126,18,A,,4.008,4.082,1.618,1.53,0.4693,0.4307,3,
WDS_Pitch_Pine_P1,18,126,17,B,,3.842,3.884,1.598,1.51,0.4859,0.4493,3,
WDS_Pitch_Pine_P1,18,126,17,A,,3.054,3.13,1.22,1.142,0.4636,0.4176,3,
WDS_Pitch_Pine_P1,18,126,16,B,,2.33,2.334,0.92,0.85,0.4574,0.4168,3,
WDS_Pitch_Pine_P1,18,126,16,A,,2.39,2.44,0.982,0.872,0.4791,0.4079,3,
WDS_Pitch_Pine_P1,18,126,15,B,,2.93,2.924,1.294,1.228,0.5214,0.4915,3,
WDS_Pitch_Pine_P1,18,126,15,A,,3.41,3.482,1.508,1.44,0.5222,0.4827,3,
WDS_Pitch_Pine_P1,18,126,14,B,,,,,,,,3,
WDS_Pitch_Pine_P1,18,126,14,A,,,,,,,,3,
WDS_Pitch_Pine_P1,18,126,13,B,,4.154,4.252,1.52,1.428,0.419,0.3801,3,
WDS_Pitch_Pine_P1,18,126,13,A,,4.1,4.102,1.578,1.402,0.4441,0.3877,3,
WDS_Pitch_Pine_P1,18,126,12,B,,3.142,3.168,1.13,1.052,0.4108,0.3752,3,
WDS_Pitch_Pine_P1,18,126,12,A,,3.09,3.2,1.174,1.082,0.4375,0.383,3,
WDS_Pitch_Pine_P1,18,126,11,B,,2.306,2.308,0.934,0.898,0.4711,0.4497,3,
WDS_Pitch_Pine_P1,18,126,11,A,,1.572,1.61,0.65,0.628,0.4826,0.451,3,
WDS_Pitch_Pine_P1,18,126,10,A,,3.31,3.392,1.358,1.278,0.4782,0.4333,3,
WDS_Pitch_Pine_P1,18,126,9,B,,3.43,3.432,1.36,1.24,0.4596,0.413,3,
WDS_Pitch_Pine_P1,18,126,9,A,,3.008,3.112,1.242,1.19,0.4818,0.4408,3,
WDS_Pitch_Pine_P1,18,126,8,B,,3.234,3.288,1.5,1.388,0.5526,0.4944,3,
WDS_Pitch_Pine_P1,18,126,8,A,,2.386,2.43,1.004,0.942,0.4926,0.4478,3,
WDS_Pitch_Pine_P1,18,126,7,B,,3.842,3.862,1.514,1.432,0.4564,0.4254,3,
WDS_Pitch_Pine_P1,18,126,7,A,,2.59,2.642,1.016,0.95,0.454,0.4107,3,
WDS_Pitch_Pine_P1,18,126,6,B,,2.662,2.654,0.99,0.94,0.4269,0.4037,3,
WDS_Pitch_Pine_P1,18,126,6,A,,2.5,2.558,0.942,0.9,0.4334,0.4007,3,
WDS_Pitch_Pine_P1,18,126,5,B,,3.2,3.27,1.39,1.34,0.5113,0.4776,3,
WDS_Pitch_Pine_P1,18,126,5,A,,4.022,4.072,1.754,1.682,0.5137,0.482,3,
WDS_Pitch_Pine_P1,18,126,4,B,,3.59,3.584,1.498,1.42,0.4878,0.4592,3,
WDS_Pitch_Pine_P1,18,126,4,A,,2.962,3.02,1.228,1.162,0.4841,0.4439,3,
WDS_Pitch_Pine_P1,18,126,3,B,,2.63,2.63,1.074,0.888,0.4757,0.3824,3,
WDS_Pitch_Pine_P1,18,126,3,A,,2.492,2.542,1.032,0.9,0.4835,0.4035,3,
WDS_Pitch_Pine_P1,18,126,2,B,,2.942,2.934,1.208,1.148,0.4787,0.4526,3,
WDS_Pitch_Pine_P1,18,126,2,A,,2.142,2.16,0.89,0.85,0.4854,0.4556,3,
WDS_Pitch_Pine_P1,18,126,1,B,,2.798,2.782,1.164,1.082,0.4861,0.4495,3,
WDS_Pitch_Pine_P1,18,126,1,A,,2.2,3.294,1.366,1.288,0.7911,0.4523,3,
WDS_Pitch_Pine_P1,19,126,20,B,,3.27,3.262,1.338,1.24,0.4767,0.4378,3,
WDS_Pitch_Pine_P1,19,126,19,B,,2.752,2.74,1.082,0.98,0.4552,0.4082,3,
WDS_Pitch_Pine_P1,19,126,19,A,,2.51,2.55,0.98,0.926,0.4515,0.4154,3,
WDS_Pitch_Pine_P1,19,126,18,B,,1.162,1.166,0.46,0.346,0.4588,0.3307,3,
WDS_Pitch_Pine_P1,19,126,18,A,,1.462,1.492,0.61,0.58,0.4877,0.4492,3,
WDS_Pitch_Pine_P1,19,126,17,B,,2.058,2.058,0.714,0.698,0.3943,0.3843,3,
WDS_Pitch_Pine_P1,19,126,17,A,,1.768,1.784,0.692,0.63,0.4528,0.4024,3,
WDS_Pitch_Pine_P1,19,126,16,B,,2.148,2.14,0.89,0.842,0.4838,0.4555,3,
WDS_Pitch_Pine_P1,19,126,16,A,,2.188,2.268,0.948,0.886,0.5098,0.4518,3,
WDS_Pitch_Pine_P1,19,126,15,B,,3.818,3.764,1.56,1.45,0.476,0.4446,3,
WDS_Pitch_Pine_P1,19,126,15,A,,2.458,2.474,0.962,0.922,0.4528,0.4279,3,
WDS_Pitch_Pine_P1,19,126,14,B,,3.212,3.194,1.278,1.198,0.4615,0.4311,3,
WDS_Pitch_Pine_P1,19,126,14,A,,3.378,3.43,1.482,1.312,0.5173,0.4409,3,
WDS_Pitch_Pine_P1,19,126,13,B,,3.038,3.046,1.088,1.02,0.4089,0.3788,3,
WDS_Pitch_Pine_P1,19,126,13,A,,2.892,2.99,1.018,0.952,0.4009,0.3579,3,
WDS_Pitch_Pine_P1,19,126,12,B,,2.62,2.674,1.15,1.062,0.5176,0.4605,3,
WDS_Pitch_Pine_P1,19,126,12,A,,2.878,2.91,1.362,1.154,0.566,0.4597,3,
WDS_Pitch_Pine_P1,19,126,11,B,,1.48,1.492,0.63,0.61,0.4993,0.4763,3,
WDS_Pitch_Pine_P1,19,126,11,A,,1.144,1.178,0.468,0.454,0.4766,0.4448,3,
WDS_Pitch_Pine_P1,19,126,10,B,,3.504,3.43,1.248,1.174,0.4063,0.3883,3,
WDS_Pitch_Pine_P1,19,126,10,A,,2.784,2.884,0.99,0.936,0.4056,0.3657,3,
WDS_Pitch_Pine_P1,19,126,9,B,,2.016,2.014,0.832,0.762,0.4815,0.4354,3,
WDS_Pitch_Pine_P1,19,126,9,A,,2.02,2.09,0.872,0.81,0.5076,0.4477,3,
WDS_Pitch_Pine_P1,19,126,8,B,,1.3,1.302,0.492,0.482,0.4356,0.4247,3,
WDS_Pitch_Pine_P1,19,126,8,A,,1.35,1.388,0.522,0.514,0.4465,0.4248,3,
WDS_Pitch_Pine_P1,19,126,7,B,,1.19,1.192,0.5,0.498,0.4917,0.4885,3,
WDS_Pitch_Pine_P1,19,126,7,A,,0.97,0.994,0.384,0.382,0.4588,0.4433,3,
WDS_Pitch_Pine_P1,19,126,6,B,,1.94,1.946,0.768,0.68,0.4588,0.3976,3,
WDS_Pitch_Pine_P1,19,126,6,A,,2.27,2.34,0.886,0.826,0.4513,0.4022,3,
WDS_Pitch_Pine_P1,19,126,5,B,,1.702,1.714,0.69,0.662,0.4716,0.4459,3,
WDS_Pitch_Pine_P1,19,126,5,A,,1.55,1.598,0.664,0.642,0.503,0.4667,3,
WDS_Pitch_Pine_P1,19,126,4,B,,1.87,1.876,0.86,0.82,0.547,0.5151,3,
WDS_Pitch_Pine_P1,19,126,4,A,,1.61,1.688,0.672,0.646,0.4879,0.4412,3,
WDS_Pitch_Pine_P1,19,126,3,B,,2.048,2.022,0.85,0.754,0.4847,0.4282,3,
WDS_Pitch_Pine_P1,19,126,3,A,,1.99,2.03,0.794,0.712,0.463,0.3992,3,
WDS_Pitch_Pine_P1,19,126,2,B,,1.882,1.89,0.778,0.718,0.4825,0.4375,3,
WDS_Pitch_Pine_P1,19,126,2,A,,1.33,1.364,0.518,0.486,0.4502,0.4065,3,
WDS_Pitch_Pine_P1,19,126,1,B,,2.658,2.622,1.108,1.02,0.4872,0.4496,3,
WDS_Pitch_Pine_P1,19,126,1,A,,3.35,3.472,1.454,1.362,0.5108,0.454,3,
WDS_Pitch_Pine_P1,19,126,20,A,,3.316,3.332,1.246,1.178,0.432,0.4029,3,
WDS_Pitch_Pine_P1,2,126,10,B,,2.858,2.854,1.088,0.984,0.4385,0.3915,3,
WDS_Pitch_Pine_P1,2,126,20,A,,2.368,2.42,0.846,0.81,0.4077,0.3786,3,
WDS_Pitch_Pine_P1,2,126,19,B,,1.928,1.936,0.68,0.634,0.4018,0.3694,3,
WDS_Pitch_Pine_P1,2,126,19,A,,1.89,1.932,0.658,0.628,0.3959,0.3663,3,
WDS_Pitch_Pine_P1,2,126,18,B,,1.478,1.484,0.48,0.452,0.3659,0.3405,3,
WDS_Pitch_Pine_P1,2,126,18,A,,1.65,1.71,0.564,0.538,0.3877,0.3531,3,
WDS_Pitch_Pine_P1,2,126,17,B,,2.04,2.058,0.734,0.7,0.411,0.3856,3,
WDS_Pitch_Pine_P1,2,126,17,A,,1.998,2.02,0.732,0.698,0.4196,0.3925,3,
WDS_Pitch_Pine_P1,2,126,16,B,,1.558,1.504,0.538,0.524,0.3922,0.3962,3,
WDS_Pitch_Pine_P1,2,126,16,A,,1.482,1.562,0.498,0.448,0.3803,0.3185,3,
WDS_Pitch_Pine_P1,2,126,15,B,,1.772,1.774,0.636,0.61,0.4099,0.3904,3,
WDS_Pitch_Pine_P1,2,126,15,A,,1.292,1.3,0.462,0.43,0.4081,0.3736,3,
WDS_Pitch_Pine_P1,2,126,14,B,,2.02,2.026,0.764,0.71,0.4352,0.3989,3,
WDS_Pitch_Pine_P1,2,126,14,A,,1.728,1.764,0.632,0.592,0.4188,0.3797,3,
WDS_Pitch_Pine_P1,2,126,13,B,,1.58,1.592,0.612,0.562,0.4474,0.4022,3,
WDS_Pitch_Pine_P1,2,126,13,A,,1.254,1.282,0.46,0.432,0.4202,0.3815,3,
WDS_Pitch_Pine_P1,2,126,12,B,,1.598,1.596,0.558,0.53,0.3972,0.3752,3,
WDS_Pitch_Pine_P1,2,126,12,A,,1.58,1.61,0.582,0.554,0.4222,0.3907,3,
WDS_Pitch_Pine_P1,2,126,11,B,,1.14,1.144,0.402,0.37,0.4017,0.3642,3,
WDS_Pitch_Pine_P1,2,126,11,A,,1.152,1.172,0.428,0.392,0.4264,0.3783,3,
WDS_Pitch_Pine_P1,2,126,10,A,,2.5,2.54,0.91,0.862,0.4165,0.3846,3,
WDS_Pitch_Pine_P1,2,126,9,B,,1.972,1.968,0.718,0.66,0.4166,0.3794,3,
WDS_Pitch_Pine_P1,2,126,9,A,,1.8,1.826,0.69,0.638,0.442,0.3975,3,
WDS_Pitch_Pine_P1,2,126,8,B,,1.414,1.42,0.502,0.472,0.4048,0.3756,3,
WDS_Pitch_Pine_P1,2,126,8,A,,1.32,1.358,0.498,0.46,0.434,0.3838,3,
WDS_Pitch_Pine_P1,2,126,7,B,,1.32,1.35,0.482,0.45,0.418,0.3768,3,
WDS_Pitch_Pine_P1,2,126,7,A,,1.21,1.248,0.44,0.412,0.416,0.3728,3,
WDS_Pitch_Pine_P1,2,126,6,B,,1.8,1.79,0.564,0.53,0.3515,0.3299,3,
WDS_Pitch_Pine_P1,2,126,6,A,,1.514,1.528,0.49,0.46,0.3645,0.3361,3,
WDS_Pitch_Pine_P1,2,126,5,B,,2.034,2.04,0.788,0.73,0.4475,0.4085,3,
WDS_Pitch_Pine_P1,2,126,5,A,,2.35,2.42,0.914,0.832,0.4495,0.3903,3,
WDS_Pitch_Pine_P1,2,126,4,B,,1.16,1.164,0.4,0.37,0.3916,0.3572,3,
WDS_Pitch_Pine_P1,2,126,4,A,,0.94,0.942,0.308,0.294,0.3696,0.3499,3,
WDS_Pitch_Pine_P1,2,126,3,B,,2.11,2.124,0.76,0.718,0.4115,0.3829,3,
WDS_Pitch_Pine_P1,2,126,3,A,,1.832,1.888,0.636,0.6,0.3946,0.3571,3,
WDS_Pitch_Pine_P1,2,126,2,B,,1.53,1.546,0.552,0.528,0.4123,0.3874,3,
WDS_Pitch_Pine_P1,2,126,2,A,,1.622,1.654,0.562,0.534,0.3937,0.3635,3,
WDS_Pitch_Pine_P1,2,126,1,B,,1.982,1.988,0.854,0.71,0.5065,0.4076,3,
WDS_Pitch_Pine_P1,2,126,1,A,,1.89,1.918,0.712,0.672,0.4333,0.3988,3,
WDS_Pitch_Pine_P1,2,126,20,B,,2.12,2.144,0.772,0.724,0.4167,0.3824,3,
WDS_Pitch_Pine_P1,20,126,20,A,,1.482,1.452,0.57,0.548,0.4437,0.4342,3,
WDS_Pitch_Pine_P1,20,126,20,B,,1.214,1.198,0.46,0.438,0.4362,0.4186,3,
WDS_Pitch_Pine_P1,20,126,19,B,,1.162,1.198,0.48,0.366,0.4821,0.3417,3,
WDS_Pitch_Pine_P1,20,126,19,A,,1.708,1.64,0.624,0.566,0.4183,0.392,3,
WDS_Pitch_Pine_P1,20,126,18,B,,1.152,1.124,0.46,0.416,0.4634,0.4245,3,
WDS_Pitch_Pine_P1,20,126,18,A,,1.25,1.268,0.49,0.452,0.4536,0.4067,3,
WDS_Pitch_Pine_P1,20,126,17,B,,1.33,1.33,0.468,0.444,0.4007,0.3775,3,
WDS_Pitch_Pine_P1,20,126,17,A,,1.238,1.262,0.42,0.416,0.3844,0.3721,3,
WDS_Pitch_Pine_P1,20,126,16,B,,2.124,2.138,0.78,0.716,0.4208,0.3788,3,
WDS_Pitch_Pine_P1,20,126,16,A,,1.838,1.888,0.688,0.648,0.4301,0.3895,3,
WDS_Pitch_Pine_P1,20,126,15,B,,1.28,1.3,0.468,0.394,0.4186,0.3386,3,
WDS_Pitch_Pine_P1,20,126,15,A,,1.09,1.1,0.412,0.388,0.4349,0.4018,3,
WDS_Pitch_Pine_P1,20,126,14,B,,1.832,1.802,0.74,0.692,0.4696,0.4429,3,
WDS_Pitch_Pine_P1,20,126,14,A,,1.308,1.294,0.508,0.476,0.4488,0.4216,3,
WDS_Pitch_Pine_P1,20,126,13,B,,1.112,1.098,0.512,0.486,0.5478,0.5228,3,
WDS_Pitch_Pine_P1,20,126,13,A,,0.812,0.82,0.38,0.358,0.5585,0.5144,3,
WDS_Pitch_Pine_P1,20,126,12,B,,0.85,0.88,0.33,0.304,0.4486,0.3924,3,
WDS_Pitch_Pine_P1,20,126,12,A,,0.944,0.98,0.372,0.348,0.4564,0.4049,3,
WDS_Pitch_Pine_P1,20,126,11,B,,,,,,,,3,
WDS_Pitch_Pine_P1,20,126,11,A,,,,,,,,3,
WDS_Pitch_Pine_P1,20,126,10,B,,0.914,0.922,0.394,0.378,0.5067,0.4778,3,
WDS_Pitch_Pine_P1,20,126,10,A,,1.072,1.062,0.49,0.468,0.5431,0.5201,3,
WDS_Pitch_Pine_P1,20,126,9,B,,1.52,1.54,0.69,0.578,0.5386,0.4314,3,
WDS_Pitch_Pine_P1,20,126,9,A,,1.662,1.698,0.708,0.672,0.4997,0.4586,3,
WDS_Pitch_Pine_P1,20,126,8,B,,1.718,1.652,0.662,0.642,0.4447,0.4491,3,
WDS_Pitch_Pine_P1,20,126,8,A,,1.432,1.448,0.588,0.568,0.4787,0.4539,3,
WDS_Pitch_Pine_P1,20,126,7,B,,1.638,1.608,0.6,0.572,0.4195,0.4057,3,
WDS_Pitch_Pine_P1,20,126,7,A,,1.648,1.648,0.618,0.6,0.431,0.4166,3,
WDS_Pitch_Pine_P1,20,126,6,B,,1.394,1.388,0.582,0.554,0.4881,0.4632,3,
WDS_Pitch_Pine_P1,20,126,6,A,,1.418,1.472,0.62,0.584,0.5153,0.46,3,
WDS_Pitch_Pine_P1,20,126,5,B,,1.152,1.17,0.472,0.454,0.4775,0.4483,3,
WDS_Pitch_Pine_P1,20,126,5,A,,1.11,1.14,0.458,0.438,0.4814,0.4432,3,
WDS_Pitch_Pine_P1,20,126,4,B,,2,2.002,0.76,0.732,0.4376,0.4187,3,
WDS_Pitch_Pine_P1,20,126,4,A,,2.262,2.32,0.92,0.888,0.4734,0.4413,3,
WDS_Pitch_Pine_P1,20,126,3,B,,2.144,2.15,0.868,0.836,0.4709,0.4494,3,
WDS_Pitch_Pine_P1,20,126,3,A,,1.524,1.572,0.6,0.572,0.4559,0.4163,3,
WDS_Pitch_Pine_P1,20,126,2,B,,2.41,2.418,0.95,0.898,0.4565,0.4262,3,
WDS_Pitch_Pine_P1,20,126,2,A,,2.45,2.522,1.042,0.98,0.4988,0.449,3,
WDS_Pitch_Pine_P1,20,126,1,B,,1.408,1.426,0.528,0.478,0.431,0.3792,3,
WDS_Pitch_Pine_P1,20,126,1,A,,2.038,2.11,0.892,0.788,0.5159,0.429,3,
WDS_Pitch_Pine_P1,21,126,20,B,,2.3,2.318,1.012,0.962,0.5191,0.4847,3,
WDS_Pitch_Pine_P1,21,126,19,B,,2.132,2.082,0.998,0.884,0.5587,0.4978,3,
WDS_Pitch_Pine_P1,21,126,19,A,,1.754,1.812,0.798,0.704,0.5401,0.4489,3,
WDS_Pitch_Pine_P1,21,126,18,B,,1.16,1.138,0.528,0.466,0.5404,0.4772,3,
WDS_Pitch_Pine_P1,21,126,18,A,,1.038,1.048,0.46,0.426,0.5235,0.4731,3,
WDS_Pitch_Pine_P1,21,126,17,B,,1.75,1.732,0.84,0.728,0.5757,0.492,3,
WDS_Pitch_Pine_P1,21,126,17,A,,1.058,1.078,0.46,0.412,0.5119,0.4405,3,
WDS_Pitch_Pine_P1,21,126,16,B,,2.2,2.152,0.858,0.752,0.4509,0.3976,3,
WDS_Pitch_Pine_P1,21,126,16,A,,1.89,1.9,0.804,0.712,0.4989,0.4306,3,
WDS_Pitch_Pine_P1,21,126,15,B,,1.918,1.918,0.802,0.742,0.489,0.4467,3,
WDS_Pitch_Pine_P1,21,126,15,A,,1.508,1.548,0.638,0.564,0.4957,0.417,3,
WDS_Pitch_Pine_P1,21,126,14,B,,1.568,1.544,0.608,0.632,0.4479,0.477,3,
WDS_Pitch_Pine_P1,21,126,14,A,,1.272,1.332,0.492,0.484,0.4466,0.4157,3,
WDS_Pitch_Pine_P1,21,126,13,B,,1.56,1.582,0.67,0.576,0.5046,0.4166,3,
WDS_Pitch_Pine_P1,21,126,13,A,,1.412,1.4,0.598,0.518,0.4963,0.4244,3,
WDS_Pitch_Pine_P1,21,126,12,B,,1.28,1.25,0.448,0.424,0.3983,0.3844,3,
WDS_Pitch_Pine_P1,21,126,12,A,,1.82,1.832,0.69,0.662,0.4364,0.4131,3,
WDS_Pitch_Pine_P1,21,126,11,B,,1.154,1.13,0.48,0.468,0.486,0.4835,3,
WDS_Pitch_Pine_P1,21,126,11,A,,1.06,1.094,0.432,0.42,0.4745,0.4428,3,
WDS_Pitch_Pine_P1,21,126,10,B,,1.86,1.89,0.668,0.628,0.4102,0.3755,3,
WDS_Pitch_Pine_P1,21,126,20,A,,1.898,1.93,0.812,0.768,0.5023,0.4615,3,
WDS_Pitch_Pine_P1,21,126,10,A,,2.068,2.14,0.752,0.722,0.416,0.382,3,
WDS_Pitch_Pine_P1,21,126,9,B,,1.17,1.206,0.452,0.446,0.446,0.4242,3,
WDS_Pitch_Pine_P1,21,126,9,A,,1.114,1.142,0.44,0.434,0.4576,0.4376,3,
WDS_Pitch_Pine_P1,21,126,8,B,,1.86,1.872,0.868,0.714,0.5567,0.4395,3,
WDS_Pitch_Pine_P1,21,126,8,A,,1.432,1.508,0.57,0.518,0.4617,0.3899,3,
WDS_Pitch_Pine_P1,21,126,7,B,,1.22,1.238,0.49,0.466,0.4666,0.4329,3,
WDS_Pitch_Pine_P1,21,126,7,A,,1.01,1.044,0.422,0.414,0.4885,0.4597,3,
WDS_Pitch_Pine_P1,21,126,6,B,,1.99,2.022,0.818,0.782,0.4793,0.4466,3,
WDS_Pitch_Pine_P1,21,126,6,A,,1.512,1.554,0.578,0.558,0.4406,0.4101,3,
WDS_Pitch_Pine_P1,21,126,5,B,,2.152,2.176,0.76,0.742,0.4024,0.3867,3,
WDS_Pitch_Pine_P1,21,126,5,A,,1.67,1.75,0.602,0.576,0.4119,0.3715,3,
WDS_Pitch_Pine_P1,21,126,4,B,,1.838,1.85,0.712,0.682,0.4474,0.4226,3,
WDS_Pitch_Pine_P1,21,126,4,A,,1.63,1.692,0.592,0.58,0.4155,0.389,3,
WDS_Pitch_Pine_P1,21,126,3,B,,1.092,1.138,0.456,0.422,0.4882,0.4255,3,
WDS_Pitch_Pine_P1,21,126,3,A,,1.002,1.032,0.4,0.392,0.4633,0.4374,3,
WDS_Pitch_Pine_P1,21,126,2,B,,1.288,1.3,0.45,0.438,0.3975,0.3814,3,
WDS_Pitch_Pine_P1,21,126,2,A,,0.914,0.92,0.308,0.312,0.3815,0.3843,3,
WDS_Pitch_Pine_P1,21,126,1,B,,1.514,1.518,0.62,0.584,0.4772,0.4439,3,
WDS_Pitch_Pine_P1,21,126,1,A,,1.042,1.062,0.412,0.392,0.4581,0.4232,3,
WDS_Pitch_Pine_P1,22,126,15,B,,1.518,1.51,0.62,0.55,0.4757,0.4168,3,
WDS_Pitch_Pine_P1,22,126,1,B,,2.918,2.924,1.338,1.288,0.5451,0.5198,3,
WDS_Pitch_Pine_P1,22,126,2,A,,2.084,2.146,0.82,0.846,0.4556,0.4566,3,
WDS_Pitch_Pine_P1,22,126,2,B,,2.272,2.274,0.908,0.79,0.4639,0.3949,3,
WDS_Pitch_Pine_P1,22,126,3,A,,2.038,2.088,0.792,0.772,0.4491,0.424,3,
WDS_Pitch_Pine_P1,22,126,3,B,,2.068,2.072,0.812,0.788,0.4545,0.438,3,
WDS_Pitch_Pine_P1,22,126,4,A,,1.582,1.638,0.654,0.632,0.4825,0.4454,3,
WDS_Pitch_Pine_P1,22,126,4,B,,2.38,2.378,1.004,0.982,0.494,0.4819,3,
WDS_Pitch_Pine_P1,22,126,5,A,,2.488,2.54,1.072,0.912,0.5065,0.4101,3,
WDS_Pitch_Pine_P1,22,126,5,B,,3.174,3.188,1.378,1.21,0.511,0.437,3,
WDS_Pitch_Pine_P1,22,126,6,A,,3.692,3.802,1.59,1.578,0.5062,0.4847,3,
WDS_Pitch_Pine_P1,22,126,6,B,,2.958,2.964,1.15,1.1,0.4493,0.4259,3,
WDS_Pitch_Pine_P1,22,126,7,A,,2.572,2.646,1.078,0.94,0.4903,0.4051,3,
WDS_Pitch_Pine_P1,22,126,7,B,,2.658,2.646,1.08,0.898,0.4729,0.3846,3,
WDS_Pitch_Pine_P1,22,126,8,A,,1.98,2.032,0.76,0.742,0.4427,0.418,3,
WDS_Pitch_Pine_P1,22,126,8,B,,1.788,1.792,0.702,0.68,0.4544,0.4369,3,
WDS_Pitch_Pine_P1,22,126,9,A,,2.22,2.292,0.962,0.94,0.5099,0.478,3,
WDS_Pitch_Pine_P1,22,126,9,B,,1.972,1.974,0.818,0.792,0.4844,0.466,3,
WDS_Pitch_Pine_P1,22,126,10,A,,1.886,1.948,0.818,0.71,0.5104,0.4171,3,
WDS_Pitch_Pine_P1,22,126,10,B,,2.212,2.188,0.924,0.832,0.4884,0.4379,3,
WDS_Pitch_Pine_P1,22,126,20,A,,2.1,2.15,0.83,0.8,0.4579,0.4272,3,
WDS_Pitch_Pine_P1,22,126,11,A,,2.26,2.344,0.83,0.79,0.4208,0.3816,3,
WDS_Pitch_Pine_P1,22,126,11,B,,1.68,1.708,0.648,0.56,0.4452,0.3699,3,
WDS_Pitch_Pine_P1,22,126,12,A,,2.79,2.89,1.29,1.148,0.5505,0.4606,3,
WDS_Pitch_Pine_P1,22,126,12,B,,2.288,2.278,0.972,0.91,0.4981,0.4636,3,
WDS_Pitch_Pine_P1,22,126,13,A,,2.418,2.47,1.006,0.962,0.4861,0.4502,3,
WDS_Pitch_Pine_P1,22,126,13,B,,2.91,2.92,1.208,1.15,0.4848,0.4561,3,
WDS_Pitch_Pine_P1,22,126,14,A,,2.368,2.45,0.898,0.83,0.4366,0.3838,3,
WDS_Pitch_Pine_P1,22,126,14,B,,2.15,2.17,0.792,0.758,0.4223,0.3974,3,
WDS_Pitch_Pine_P1,22,126,15,A,,3.21,3.248,1.448,1.098,0.5346,0.3829,3,
WDS_Pitch_Pine_P1,22,126,1,A,,2.952,3.024,1.368,1.32,0.552,0.5143,3,
WDS_Pitch_Pine_P1,22,126,16,A,,2.512,2.588,0.986,0.95,0.4543,0.4206,3,
WDS_Pitch_Pine_P1,22,126,16,B,,3.62,3.66,1.438,1.402,0.4606,0.4417,3,
WDS_Pitch_Pine_P1,22,126,17,A,,2.368,2.44,1.002,0.97,0.4958,0.461,3,
WDS_Pitch_Pine_P1,22,126,17,B,,2.122,2.168,0.904,0.868,0.4998,0.4648,3,
WDS_Pitch_Pine_P1,22,126,18,A,,2.23,2.282,0.944,0.864,0.4961,0.4358,3,
WDS_Pitch_Pine_P1,22,126,18,B,,1.738,1.738,0.674,0.612,0.448,0.401,3,
WDS_Pitch_Pine_P1,22,126,19,A,,1.912,1.99,0.75,0.73,0.4539,0.4202,3,
WDS_Pitch_Pine_P1,22,126,19,B,,2.17,2.174,0.862,0.84,0.4606,0.4461,3,
WDS_Pitch_Pine_P1,22,126,20,B,,1.824,1.83,0.71,0.682,0.4499,0.4279,3,
WDS_Pitch_Pine_P1,23,126,1,A,,2.29,2.282,0.9,0.828,0.455,0.415,3,
WDS_Pitch_Pine_P1,23,126,1,B,,3.01,3.012,1.196,1.112,0.4608,0.4233,3,
WDS_Pitch_Pine_P1,23,126,2,A,,1.762,1.764,0.82,0.71,0.5548,0.4677,3,
WDS_Pitch_Pine_P1,23,126,2,B,,2.172,2.172,0.91,0.86,0.4901,0.4589,3,
WDS_Pitch_Pine_P1,23,126,3,A,,1.762,1.758,0.72,0.662,0.476,0.4331,3,
WDS_Pitch_Pine_P1,23,126,3,B,,1.538,1.53,0.572,0.546,0.4269,0.4072,3,
WDS_Pitch_Pine_P1,23,126,4,A,,1.06,1.062,0.388,0.366,0.4192,0.3914,3,
WDS_Pitch_Pine_P1,23,126,4,B,,1.7,1.712,0.752,0.67,0.5224,0.4527,3,
WDS_Pitch_Pine_P1,23,126,5,A,,1.95,1.938,0.74,0.702,0.4369,0.4142,3,
WDS_Pitch_Pine_P1,23,126,5,B,,2.268,2.272,0.868,0.82,0.4412,0.4125,3,
WDS_Pitch_Pine_P1,23,126,6,A,,1.162,1.16,0.518,0.47,0.5272,0.4713,3,
WDS_Pitch_Pine_P1,23,126,6,B,,1.386,1.39,0.616,0.588,0.5253,0.4957,3,
WDS_Pitch_Pine_P1,23,126,7,A,,2.504,2.498,1.074,0.922,0.5038,0.4232,3,
WDS_Pitch_Pine_P1,23,126,7,B,,2.49,2.472,0.89,0.822,0.4079,0.3758,3,
WDS_Pitch_Pine_P1,23,126,8,A,,2.11,2.114,0.794,0.74,0.4327,0.3984,3,
WDS_Pitch_Pine_P1,23,126,8,B,,2.948,2.962,1.172,1.088,0.4611,0.4209,3,
WDS_Pitch_Pine_P1,23,126,9,A,,1.308,1.306,0.558,0.538,0.5006,0.4805,3,
WDS_Pitch_Pine_P1,23,126,9,B,,1.628,1.63,0.69,0.672,0.4968,0.481,3,
WDS_Pitch_Pine_P1,23,126,10,A,,1.614,1.594,0.612,0.492,0.4365,0.3456,3,
WDS_Pitch_Pine_P1,23,126,10,B,,2.06,2.048,0.824,0.72,0.4643,0.4003,3,
WDS_Pitch_Pine_P1,23,126,11,A,,1.854,1.84,0.728,0.638,0.4545,0.3941,3,
WDS_Pitch_Pine_P1,23,126,11,B,,2.792,2.806,1.208,1.104,0.5089,0.4555,3,
WDS_Pitch_Pine_P1,23,126,12,A,,2.53,2.518,1.064,1.032,0.4923,0.4777,3,
WDS_Pitch_Pine_P1,23,126,12,B,,2.44,2.478,0.98,0.95,0.4666,0.4421,3,
WDS_Pitch_Pine_P1,23,126,13,A,,1.35,1.36,0.59,0.522,0.515,0.4427,3,
WDS_Pitch_Pine_P1,23,126,13,B,,1.408,1.41,0.572,0.53,0.4728,0.4322,3,
WDS_Pitch_Pine_P1,23,126,14,A,,2.632,2.638,0.91,0.87,0.3928,0.3723,3,
WDS_Pitch_Pine_P1,23,126,14,B,,3.12,3.124,1.238,1.172,0.46,0.4312,3,
WDS_Pitch_Pine_P1,23,126,15,A,,1.836,1.858,0.794,0.742,0.5087,0.4635,3,
WDS_Pitch_Pine_P1,23,126,15,B,,2.132,2.128,0.936,0.86,0.5178,0.4699,3,
WDS_Pitch_Pine_P1,23,126,16,A,,1.322,1.308,0.608,0.54,0.5471,0.4817,3,
WDS_Pitch_Pine_P1,23,126,16,B,,1.658,1.658,0.752,0.702,0.5381,0.4962,3,
WDS_Pitch_Pine_P1,23,126,17,A,,2.16,2.174,0.842,0.78,0.4507,0.4097,3,
WDS_Pitch_Pine_P1,23,126,17,B,,2.79,2.888,1.134,1.102,0.4731,0.4397,3,
WDS_Pitch_Pine_P1,23,126,18,A,,2.258,2.248,0.92,0.86,0.4744,0.441,3,
WDS_Pitch_Pine_P1,23,126,18,B,,2.932,2.94,1.338,1.202,0.542,0.4763,3,
WDS_Pitch_Pine_P1,23,126,19,A,,1.168,1.17,0.468,0.39,0.4653,0.3768,3,
WDS_Pitch_Pine_P1,23,126,19,B,,1.35,1.34,0.602,0.452,0.5274,0.3819,3,
WDS_Pitch_Pine_P1,23,126,20,A,,2.182,2.222,0.84,0.798,0.4442,0.4102,3,
WDS_Pitch_Pine_P1,23,126,20,B,,2.282,2.27,0.834,0.784,0.4184,0.3923,3,
WDS_Pitch_Pine_P1,24,126,10,B,,2.022,2.032,0.89,0.86,0.5193,0.4959,3,
WDS_Pitch_Pine_P1,24,126,1,A,,1.068,1.102,0.4,0.388,0.4304,0.401,3,
WDS_Pitch_Pine_P1,24,126,1,B,,1.538,1.53,0.584,0.56,0.4372,0.4192,3,
WDS_Pitch_Pine_P1,24,126,2,A,,1.39,1.422,0.53,0.508,0.4393,0.4077,3,
WDS_Pitch_Pine_P1,24,126,2,B,,2.054,2.054,0.86,0.818,0.4897,0.462,3,
WDS_Pitch_Pine_P1,24,126,3,A,,1.902,1.942,0.81,0.682,0.4996,0.3998,3,
WDS_Pitch_Pine_P1,24,126,3,B,,1.682,1.684,0.72,0.622,0.5026,0.4236,3,
WDS_Pitch_Pine_P1,24,126,4,A,,1.33,1.362,0.608,0.558,0.5432,0.4775,3,
WDS_Pitch_Pine_P1,24,126,4,B,,1.59,1.608,0.658,0.638,0.4831,0.46,3,
WDS_Pitch_Pine_P1,24,126,5,A,,1.464,1.438,0.498,0.452,0.3856,0.3527,3,
WDS_Pitch_Pine_P1,24,126,5,B,,1.86,1.84,0.69,0.622,0.4257,0.3829,3,
WDS_Pitch_Pine_P1,24,126,6,A,,1.926,1.99,0.78,0.752,0.4711,0.4348,3,
WDS_Pitch_Pine_P1,24,126,6,B,,2.212,2.24,0.89,0.86,0.4675,0.4428,3,
WDS_Pitch_Pine_P1,24,126,7,A,,1.43,1.464,0.574,0.538,0.4662,0.4211,3,
WDS_Pitch_Pine_P1,24,126,7,B,,1.818,1.842,0.728,0.688,0.4649,0.429,3,
WDS_Pitch_Pine_P1,24,126,8,A,,1.548,1.588,0.626,0.592,0.4703,0.4281,3,
WDS_Pitch_Pine_P1,24,126,8,B,,1.89,1.886,0.844,0.698,0.5283,0.4245,3,
WDS_Pitch_Pine_P1,24,126,9,A,,1.808,1.848,0.822,0.798,0.5396,0.5078,3,
WDS_Pitch_Pine_P1,24,126,9,B,,1.392,1.392,0.622,0.62,0.5287,0.5267,3,
WDS_Pitch_Pine_P1,24,126,10,A,,1.43,1.452,0.61,0.566,0.5005,0.4507,3,
WDS_Pitch_Pine_P1,24,126,11,A,,2.558,2.638,0.98,0.94,0.4417,0.4065,3,
WDS_Pitch_Pine_P1,24,126,11,B,,2.8,2.81,1.052,1.002,0.4319,0.4068,3,
WDS_Pitch_Pine_P1,24,126,12,A,,1.532,1.562,0.622,0.6,0.4725,0.4431,3,
WDS_Pitch_Pine_P1,24,126,12,B,,1.61,1.614,0.662,0.642,0.4795,0.4613,3,
WDS_Pitch_Pine_P1,24,126,13,A,,1.414,1.454,0.544,0.508,0.4439,0.3975,3,
WDS_Pitch_Pine_P1,24,126,13,B,,1.73,1.736,0.71,0.68,0.4784,0.4532,3,
WDS_Pitch_Pine_P1,24,126,14,A,,1.598,1.632,0.702,0.618,0.5181,0.4358,3,
WDS_Pitch_Pine_P1,24,126,14,B,,1.774,1.774,0.748,0.682,0.4938,0.4435,3,
WDS_Pitch_Pine_P1,24,126,15,A,,1.972,2.026,0.84,0.818,0.4997,0.4694,3,
WDS_Pitch_Pine_P1,24,126,15,B,,2.23,2.242,0.964,0.932,0.5084,0.4856,3,
WDS_Pitch_Pine_P1,24,126,16,A,,1.862,1.916,0.682,0.65,0.4195,0.3844,3,
WDS_Pitch_Pine_P1,24,126,16,B,,2.26,2.272,0.862,0.83,0.4395,0.4182,3,
WDS_Pitch_Pine_P1,24,126,17,A,,1.978,2.028,0.874,0.7,0.5217,0.392,3,
WDS_Pitch_Pine_P1,24,126,17,B,,2.558,2.564,1,0.94,0.4522,0.4199,3,
WDS_Pitch_Pine_P1,24,126,18,A,,2.598,2.674,1.086,1.042,0.4888,0.4505,3,
WDS_Pitch_Pine_P1,24,126,18,B,,2.288,2.31,0.894,0.854,0.4519,0.424,3,
WDS_Pitch_Pine_P1,24,126,19,A,,2.55,2.614,1.062,1.01,0.4867,0.4461,3,
WDS_Pitch_Pine_P1,24,126,19,B,,2.088,2.064,0.792,0.758,0.4367,0.4208,3,
WDS_Pitch_Pine_P1,24,126,20,A,,1.66,1.708,0.62,0.6,0.429,0.4,3,
WDS_Pitch_Pine_P1,24,126,20,B,,1.66,1.68,0.628,0.61,0.4354,0.4153,3,
WDS_Pitch_Pine_P1,25,126,20,B,,3.55,3.542,1.4,1.294,0.4568,0.4183,3,
WDS_Pitch_Pine_P1,25,126,1,A,,1.942,2.008,0.788,0.75,0.4721,0.429,3,
WDS_Pitch_Pine_P1,25,126,1,B,,2.612,2.63,1.142,1,0.5152,0.4379,3,
WDS_Pitch_Pine_P1,25,126,2,A,,1.514,1.578,0.61,0.55,0.4683,0.3964,3,
WDS_Pitch_Pine_P1,25,126,2,B,,1.562,1.57,0.642,0.562,0.4792,0.4086,3,
WDS_Pitch_Pine_P1,25,126,3,A,,1.108,1.144,0.43,0.372,0.4484,0.3665,3,
WDS_Pitch_Pine_P1,25,126,3,B,,2.324,2.32,0.942,0.838,0.4715,0.4129,3,
WDS_Pitch_Pine_P1,25,126,4,A,,1.648,1.692,0.788,0.514,0.5731,0.3395,3,
WDS_Pitch_Pine_P1,25,126,4,B,,1.938,1.924,0.89,0.6,0.5461,0.3496,3,
WDS_Pitch_Pine_P1,25,126,5,A,,1.4,1.442,0.556,0.464,0.4605,0.3621,3,
WDS_Pitch_Pine_P1,25,126,5,B,,1.7,1.692,0.662,0.564,0.4501,0.3768,3,
WDS_Pitch_Pine_P1,25,126,6,A,,1.668,1.72,0.67,0.65,0.4666,0.4348,3,
WDS_Pitch_Pine_P1,25,126,6,B,,2.24,2.26,0.922,0.872,0.4801,0.4454,3,
WDS_Pitch_Pine_P1,25,126,7,A,,1.972,2.038,0.7,0.752,0.4047,0.4231,3,
WDS_Pitch_Pine_P1,25,126,7,B,,2.452,2.486,0.992,0.954,0.4705,0.4426,3,
WDS_Pitch_Pine_P1,25,126,8,A,,1.122,1.168,0.46,0.434,0.4778,0.4265,3,
WDS_Pitch_Pine_P1,25,126,8,B,,1.082,1.088,0.48,0.4,0.5242,0.4213,3,
WDS_Pitch_Pine_P1,25,126,9,A,,1.352,1.4,0.558,0.518,0.4816,0.4244,3,
WDS_Pitch_Pine_P1,25,126,9,B,,2.434,2.448,1.054,0.988,0.5095,0.4692,3,
WDS_Pitch_Pine_P1,25,126,10,A,,0.952,0.986,0.39,0.36,0.4774,0.418,3,
WDS_Pitch_Pine_P1,25,126,10,B,,1.002,1.002,0.39,0.34,0.4499,0.3845,3,
WDS_Pitch_Pine_P1,25,126,11,A,,1.432,1.468,0.66,0.578,0.5485,0.4559,3,
WDS_Pitch_Pine_P1,25,126,11,B,,1.95,1.956,0.912,0.854,0.5581,0.5144,3,
WDS_Pitch_Pine_P1,25,126,12,A,,2.186,2.254,0.832,0.802,0.4384,0.4058,3,
WDS_Pitch_Pine_P1,25,126,12,B,,2.668,2.68,0.988,0.958,0.4248,0.408,3,
WDS_Pitch_Pine_P1,25,126,13,A,,1.608,1.672,0.582,0.554,0.4138,0.3743,3,
WDS_Pitch_Pine_P1,25,126,13,B,,1.606,1.64,0.58,0.552,0.4128,0.381,3,
WDS_Pitch_Pine_P1,25,126,14,A,,1.548,1.534,0.61,0.564,0.4564,0.4213,3,
WDS_Pitch_Pine_P1,25,126,14,B,,1.962,1.978,0.782,0.738,0.4624,0.4285,3,
WDS_Pitch_Pine_P1,25,126,15,A,,0.83,0.86,0.31,0.302,0.429,0.3998,3,
WDS_Pitch_Pine_P1,25,126,15,B,,0.95,0.96,0.342,0.332,0.4113,0.3929,3,
WDS_Pitch_Pine_P1,25,126,16,A,,1.55,1.596,0.68,0.66,0.5173,0.4827,3,
WDS_Pitch_Pine_P1,25,126,16,B,,1.216,1.22,0.52,0.5,0.502,0.4776,3,
WDS_Pitch_Pine_P1,25,126,17,A,,0.802,0.822,0.32,0.302,0.463,0.421,3,
WDS_Pitch_Pine_P1,25,126,17,B,,0.54,0.56,0.24,0.232,0.5253,0.4837,3,
WDS_Pitch_Pine_P1,25,126,18,A,,1.73,1.774,0.68,0.636,0.455,0.4093,3,
WDS_Pitch_Pine_P1,25,126,18,B,,2.712,2.74,1.114,1.064,0.4789,0.4487,3,
WDS_Pitch_Pine_P1,25,126,19,A,,1.802,1.83,0.774,0.652,0.5046,0.4064,3,
WDS_Pitch_Pine_P1,25,126,19,B,,2.482,2.522,0.982,0.88,0.4585,0.3969,3,
WDS_Pitch_Pine_P1,25,126,20,A,,2.818,2.954,1.072,1.018,0.4381,0.3913,3,
WDS_Pitch_Pine_P1,26,126,18,A,,2.018,2.07,0.84,0.772,0.4864,0.4283,3,
WDS_Pitch_Pine_P1,26,126,1,A,,2.438,2.522,1.044,0.936,0.5028,0.4259,3,
WDS_Pitch_Pine_P1,26,126,1,B,,3.084,3.11,1.23,1.186,0.4628,0.4394,3,
WDS_Pitch_Pine_P1,26,126,2,A,,2.19,2.256,0.92,0.872,0.4916,0.4463,3,
WDS_Pitch_Pine_P1,26,126,2,B,,2.428,2.498,1.02,0.972,0.4916,0.4497,3,
WDS_Pitch_Pine_P1,26,126,3,A,,1.34,1.382,0.62,0.59,0.551,0.501,3,
WDS_Pitch_Pine_P1,26,126,3,B,,1.378,1.39,0.634,0.6,0.5473,0.5075,3,
WDS_Pitch_Pine_P1,26,126,4,A,,1.96,2.002,0.782,0.752,0.463,0.4318,3,
WDS_Pitch_Pine_P1,26,126,4,B,,2.516,2.53,1.032,1,0.4781,0.458,3,
WDS_Pitch_Pine_P1,26,126,5,A,,2.014,2.102,0.956,0.908,0.5681,0.508,3,
WDS_Pitch_Pine_P1,26,126,5,B,,2.574,2.59,1.134,1.098,0.5199,0.4969,3,
WDS_Pitch_Pine_P1,26,126,6,A,,1.16,1.184,0.484,0.476,0.4877,0.4671,3,
WDS_Pitch_Pine_P1,26,126,6,B,,1.452,1.472,0.598,0.582,0.4804,0.4581,3,
WDS_Pitch_Pine_P1,26,126,7,A,,1.312,1.346,0.702,0.514,0.6568,0.4401,3,
WDS_Pitch_Pine_P1,26,126,7,B,,1.7,1.732,0.732,0.692,0.5061,0.4637,3,
WDS_Pitch_Pine_P1,26,126,8,A,,1.052,1.096,0.428,0.398,0.4736,0.4154,3,
WDS_Pitch_Pine_P1,26,126,8,B,,1.538,1.554,0.598,0.566,0.4493,0.4168,3,
WDS_Pitch_Pine_P1,26,126,9,A,,1.24,1.282,0.548,0.51,0.5218,0.4614,3,
WDS_Pitch_Pine_P1,26,126,9,B,,1.508,1.51,0.662,0.632,0.5177,0.4895,3,
WDS_Pitch_Pine_P1,26,126,10,A,,2.4,2.5,1.174,1.048,0.589,0.4904,3,
WDS_Pitch_Pine_P1,26,126,10,B,,2.312,2.34,0.944,0.904,0.4756,0.446,3,
WDS_Pitch_Pine_P1,26,126,11,A,,2.22,2.354,0.97,0.88,0.5149,0.4294,3,
WDS_Pitch_Pine_P1,26,126,11,B,,2.99,3.012,1.29,1.234,0.5072,0.4775,3,
WDS_Pitch_Pine_P1,26,126,12,A,,1.06,1.092,0.44,0.418,0.4848,0.4413,3,
WDS_Pitch_Pine_P1,26,126,12,B,,1.39,1.402,0.58,0.556,0.4878,0.4597,3,
WDS_Pitch_Pine_P1,26,126,13,A,,2.67,2.77,1.01,0.94,0.4353,0.3846,3,
WDS_Pitch_Pine_P1,26,126,13,B,,3.28,3.332,1.26,1.164,0.4431,0.3974,3,
WDS_Pitch_Pine_P1,26,126,14,A,,0.898,0.914,0.38,0.35,0.4958,0.4415,3,
WDS_Pitch_Pine_P1,26,126,14,B,,1.092,1.1,0.458,0.438,0.4907,0.4619,3,
WDS_Pitch_Pine_P1,26,126,15,A,,1.712,1.796,0.7,0.682,0.4763,0.4372,3,
WDS_Pitch_Pine_P1,26,126,15,B,,2.04,2.054,0.832,0.81,0.4749,0.4567,3,
WDS_Pitch_Pine_P1,26,126,16,A,,2.544,2.626,0.954,0.922,0.431,0.3997,3,
WDS_Pitch_Pine_P1,26,126,16,B,,3.09,3.094,1.484,1.204,0.5761,0.4498,3,
WDS_Pitch_Pine_P1,26,126,17,A,,1.902,1.976,0.846,0.752,0.5258,0.4384,3,
WDS_Pitch_Pine_P1,26,126,17,B,,3.34,3.374,1.46,1.348,0.5151,0.4637,3,
WDS_Pitch_Pine_P1,26,126,18,B,,2.474,2.49,1.042,0.942,0.4931,0.4354,3,
WDS_Pitch_Pine_P1,26,126,19,A,,1.878,1.922,0.86,0.752,0.5443,0.4526,3,
WDS_Pitch_Pine_P1,26,126,19,B,,1.948,1.974,0.932,0.82,0.5735,0.4852,3,
WDS_Pitch_Pine_P1,26,126,20,A,,1.584,1.608,0.708,0.624,0.5289,0.4483,3,
WDS_Pitch_Pine_P1,26,126,20,B,,2.09,2.1,0.864,0.78,0.4825,0.4263,3,
WDS_Pitch_Pine_P1,27,126,20,A,,1.718,1.738,0.678,0.634,0.4571,0.4176,3,
WDS_Pitch_Pine_P1,27,126,1,A,,2.994,3.108,1.23,1.08,0.479,0.395,3,
WDS_Pitch_Pine_P1,27,126,1,B,,3.21,3.218,1.218,1.162,0.4369,0.4127,3,
WDS_Pitch_Pine_P1,27,126,2,A,,1.426,1.482,0.58,0.558,0.4734,0.433,3,
WDS_Pitch_Pine_P1,27,126,2,B,,1.968,1.97,0.81,0.774,0.48,0.4548,3,
WDS_Pitch_Pine_P1,27,126,3,A,,2.102,2.182,0.84,0.81,0.4638,0.426,3,
WDS_Pitch_Pine_P1,27,126,3,B,,2.398,2.39,1.006,0.882,0.4908,0.4231,3,
WDS_Pitch_Pine_P1,27,126,4,A,,0.834,0.86,0.31,0.29,0.4266,0.3818,3,
WDS_Pitch_Pine_P1,27,126,4,B,,0.852,0.86,0.302,0.28,0.4041,0.367,3,
WDS_Pitch_Pine_P1,27,126,5,A,,1.942,2.014,0.732,0.708,0.4335,0.4003,3,
WDS_Pitch_Pine_P1,27,126,5,B,,2.16,2.194,0.822,0.79,0.4383,0.4114,3,
WDS_Pitch_Pine_P1,27,126,6,A,,1.954,2,0.712,0.694,0.417,0.3944,3,
WDS_Pitch_Pine_P1,27,126,6,B,,1.972,1.962,0.682,0.644,0.3929,0.3703,3,
WDS_Pitch_Pine_P1,27,126,7,A,,1.39,1.432,0.54,0.526,0.4489,0.4209,3,
WDS_Pitch_Pine_P1,27,126,7,B,,1.374,1.384,0.538,0.514,0.453,0.4262,3,
WDS_Pitch_Pine_P1,27,126,8,A,,1.182,1.208,0.476,0.458,0.468,0.4365,3,
WDS_Pitch_Pine_P1,27,126,8,B,,1.292,1.292,0.482,0.468,0.4284,0.4142,3,
WDS_Pitch_Pine_P1,27,126,9,A,,1.06,1.092,0.38,0.378,0.4093,0.3933,3,
WDS_Pitch_Pine_P1,27,126,9,B,,1.362,1.364,0.504,0.478,0.4245,0.3989,3,
WDS_Pitch_Pine_P1,27,126,10,A,,1.58,1.622,0.62,0.582,0.4541,0.4097,3,
WDS_Pitch_Pine_P1,27,126,10,B,,1.48,1.472,0.554,0.5,0.4301,0.385,3,
WDS_Pitch_Pine_P1,27,126,11,A,,2.294,2.34,0.87,0.834,0.4366,0.4066,3,
WDS_Pitch_Pine_P1,27,126,11,B,,2.84,2.864,1.084,1.046,0.4398,0.4181,3,
WDS_Pitch_Pine_P1,27,126,12,A,,2.5,2.578,0.88,0.838,0.4009,0.3663,3,
WDS_Pitch_Pine_P1,27,126,12,B,,2.49,2.494,0.812,0.772,0.3676,0.3467,3,
WDS_Pitch_Pine_P1,27,126,13,A,,1.72,1.768,0.712,0.67,0.4832,0.4362,3,
WDS_Pitch_Pine_P1,27,126,13,B,,1.31,1.32,0.6,0.542,0.5444,0.4787,3,
WDS_Pitch_Pine_P1,27,126,14,A,,2.042,2.084,0.87,0.722,0.4998,0.3937,3,
WDS_Pitch_Pine_P1,27,126,14,B,,3.42,3.534,1.47,1.292,0.505,0.4186,3,
WDS_Pitch_Pine_P1,27,126,15,A,,0.958,0.988,0.342,0.332,0.4074,0.3803,3,
WDS_Pitch_Pine_P1,27,126,15,B,,1.17,1.178,0.432,0.414,0.4234,0.4002,3,
WDS_Pitch_Pine_P1,27,126,16,A,,1.092,1.132,0.472,0.454,0.5083,0.4658,3,
WDS_Pitch_Pine_P1,27,126,16,B,,1.574,1.598,0.662,0.64,0.4923,0.465,3,
WDS_Pitch_Pine_P1,27,126,17,A,,1.182,1.222,0.44,0.422,0.4274,0.3923,3,
WDS_Pitch_Pine_P1,27,126,17,B,,1.096,1.1,0.396,0.382,0.413,0.3948,3,
WDS_Pitch_Pine_P1,27,126,20,B,,1.674,1.656,0.62,0.58,0.4249,0.3986,3,
WDS_Pitch_Pine_P1,27,126,18,A,,1.28,1.32,0.498,0.48,0.4497,0.416,3,
WDS_Pitch_Pine_P1,27,126,18,B,,1.418,1.43,0.522,0.504,0.4219,0.4015,3,
WDS_Pitch_Pine_P1,27,126,19,A,,3.46,3.56,1.25,1.206,0.413,0.3838,3,
WDS_Pitch_Pine_P1,27,126,19,B,,3.256,3.238,1.14,1.098,0.3984,0.3842,3,
WDS_Pitch_Pine_P1,28,126,20,B,,1.25,1.28,0.504,0.446,0.4687,0.3963,3,
WDS_Pitch_Pine_P1,28,126,20,A,,1.346,1.354,0.542,0.48,0.4679,0.4041,3,
WDS_Pitch_Pine_P1,28,126,19,B,,1.22,1.24,0.508,0.484,0.4866,0.4513,3,
WDS_Pitch_Pine_P1,28,126,19,A,,0.808,0.832,0.31,0.302,0.4425,0.4152,3,
WDS_Pitch_Pine_P1,28,126,18,B,,2.044,2.074,0.772,0.744,0.4345,0.4096,3,
WDS_Pitch_Pine_P1,28,126,18,A,,2.754,2.87,1.254,1.138,0.5406,0.4597,3,
WDS_Pitch_Pine_P1,28,126,17,B,,1.872,1.986,0.818,0.842,0.5149,0.497,3,
WDS_Pitch_Pine_P1,28,126,17,A,,1.932,1.912,0.864,0.796,0.5292,0.4865,3,
WDS_Pitch_Pine_P1,28,126,16,B,,2.25,2.272,0.962,0.922,0.5019,0.4722,3,
WDS_Pitch_Pine_P1,28,126,16,A,,2.138,2.19,0.91,0.868,0.4992,0.4594,3,
WDS_Pitch_Pine_P1,28,126,15,B,,3.462,3.482,1.448,1.342,0.4891,0.4448,3,
WDS_Pitch_Pine_P1,28,126,15,A,,2.884,2.97,1.21,1.124,0.4909,0.4356,3,
WDS_Pitch_Pine_P1,28,126,14,B,,2.33,2.36,0.982,0.928,0.4935,0.4552,3,
WDS_Pitch_Pine_P1,28,126,14,A,,2.15,2.202,0.874,0.822,0.4731,0.4287,3,
WDS_Pitch_Pine_P1,28,126,13,B,,2.8,2.822,1.18,1.142,0.4935,0.4707,3,
WDS_Pitch_Pine_P1,28,126,13,A,,2.746,2.832,1.2,1.162,0.515,0.4783,3,
WDS_Pitch_Pine_P1,28,126,12,B,,1.84,1.842,0.778,0.756,0.4954,0.4784,3,
WDS_Pitch_Pine_P1,28,126,12,A,,1.932,1.99,0.79,0.764,0.4764,0.4428,3,
WDS_Pitch_Pine_P1,28,126,11,B,,2.478,2.54,1.118,1.002,0.5347,0.4569,3,
WDS_Pitch_Pine_P1,28,126,11,A,,2.238,2.28,0.97,0.858,0.51,0.4327,3,
WDS_Pitch_Pine_P1,28,126,10,B,,1.93,1.94,0.87,0.718,0.5342,0.4245,3,
WDS_Pitch_Pine_P1,28,126,10,A,,2.088,2.172,0.974,0.834,0.5564,0.4429,3,
WDS_Pitch_Pine_P1,28,126,9,B,,2.538,2.54,1.048,0.982,0.4818,0.4464,3,
WDS_Pitch_Pine_P1,28,126,9,A,,2.96,3.032,1.238,1.16,0.4891,0.441,3,
WDS_Pitch_Pine_P1,28,126,8,B,,1.766,1.798,0.658,0.63,0.4278,0.3988,3,
WDS_Pitch_Pine_P1,28,126,8,A,,1.942,1.99,0.738,0.706,0.4376,0.4045,3,
WDS_Pitch_Pine_P1,28,126,7,B,,2.234,2.294,0.934,0.904,0.4889,0.4564,3,
WDS_Pitch_Pine_P1,28,126,7,A,,2.026,2.084,0.83,0.788,0.4774,0.4351,3,
WDS_Pitch_Pine_P1,28,126,6,B,,3.19,3.214,1.262,1.218,0.4584,0.4362,3,
WDS_Pitch_Pine_P1,28,126,6,A,,2.53,2.64,1.014,0.97,0.4654,0.421,3,
WDS_Pitch_Pine_P1,28,126,5,B,,2.56,2.57,1.402,1.106,0.6759,0.5057,3,
WDS_Pitch_Pine_P1,28,126,5,A,,3.508,3.492,1.838,1.62,0.6401,0.5527,3,
WDS_Pitch_Pine_P1,28,126,4,B,,2.56,2.582,1.192,1.126,0.5552,0.5137,3,
WDS_Pitch_Pine_P1,28,126,4,A,,1.864,1.93,0.834,0.806,0.5295,0.4882,3,
WDS_Pitch_Pine_P1,28,126,3,B,,2.692,2.69,1.184,1.092,0.5189,0.4724,3,
WDS_Pitch_Pine_P1,28,126,3,A,,2.992,3.002,1.25,1.202,0.4885,0.4649,3,
WDS_Pitch_Pine_P1,28,126,2,B,,2.37,2.42,1.018,0.978,0.5046,0.4699,3,
WDS_Pitch_Pine_P1,28,126,2,A,,2.162,2.212,0.932,0.876,0.5068,0.459,3,
WDS_Pitch_Pine_P1,28,126,1,B,,2.662,2.67,1.078,1.008,0.471,0.4343,3,
WDS_Pitch_Pine_P1,28,126,1,A,,3.52,3.65,1.64,1.442,0.5556,0.4577,3,
WDS_Pitch_Pine_P1,29,126,20,B,,2.498,2.43,0.98,0.952,0.454,0.4533,3,
WDS_Pitch_Pine_P1,29,126,1,B,,2.03,1.982,0.822,0.794,0.471,0.4652,3,
WDS_Pitch_Pine_P1,29,126,2,A,,3.35,3.338,1.2,1.18,0.409,0.4028,3,
WDS_Pitch_Pine_P1,29,126,2,B,,4.028,3.912,1.54,1.462,0.4407,0.4293,3,
WDS_Pitch_Pine_P1,29,126,3,A,,3.37,3.324,1.29,1.238,0.4413,0.4276,3,
WDS_Pitch_Pine_P1,29,126,3,B,,3.514,3.408,1.41,1.352,0.466,0.4599,3,
WDS_Pitch_Pine_P1,29,126,4,A,,2.158,2.152,0.91,0.872,0.4938,0.4714,3,
WDS_Pitch_Pine_P1,29,126,4,B,,2.278,2.182,0.888,0.846,0.4507,0.4479,3,
WDS_Pitch_Pine_P1,29,126,5,A,,2.65,2.616,1.1,1.042,0.4848,0.4621,3,
WDS_Pitch_Pine_P1,29,126,5,B,,2.454,2.366,1.026,0.978,0.4889,0.4824,3,
WDS_Pitch_Pine_P1,29,126,6,A,,1.958,1.942,0.85,0.766,0.511,0.4569,3,
WDS_Pitch_Pine_P1,29,126,6,B,,2.27,2.232,0.91,0.832,0.4655,0.428,3,
WDS_Pitch_Pine_P1,29,126,7,A,,3.6,3.55,1.528,1.45,0.4976,0.4758,3,
WDS_Pitch_Pine_P1,29,126,7,B,,3.294,3.15,1.61,1.226,0.5884,0.4499,3,
WDS_Pitch_Pine_P1,29,126,8,A,,2.554,2.506,1.008,0.956,0.4572,0.4396,3,
WDS_Pitch_Pine_P1,29,126,8,B,,2.782,2.676,1.058,1.012,0.438,0.4352,3,
WDS_Pitch_Pine_P1,29,126,9,A,,2.59,2.464,1.148,0.972,0.5236,0.4569,3,
WDS_Pitch_Pine_P1,29,126,9,B,,3.224,3.076,1.36,1.212,0.494,0.4563,3,
WDS_Pitch_Pine_P1,29,126,10,A,,2.194,2.186,0.87,0.832,0.4597,0.4384,3,
WDS_Pitch_Pine_P1,29,126,10,B,,3.81,3.692,1.644,1.504,0.5073,0.4743,3,
WDS_Pitch_Pine_P1,29,126,11,A,,2.41,2.382,0.99,0.926,0.4789,0.4492,3,
WDS_Pitch_Pine_P1,29,126,11,B,,2.454,2.388,0.99,0.932,0.469,0.4513,3,
WDS_Pitch_Pine_P1,29,126,12,A,,2.69,2.678,1.158,1.098,0.5059,0.4779,3,
WDS_Pitch_Pine_P1,29,126,12,B,,3.14,3.042,1.232,1.164,0.4541,0.4411,3,
WDS_Pitch_Pine_P1,29,126,13,A,,2.552,2.542,0.93,0.876,0.4171,0.3913,3,
WDS_Pitch_Pine_P1,29,126,13,B,,3.42,3.328,1.318,1.254,0.4448,0.4334,3,
WDS_Pitch_Pine_P1,29,126,14,A,,2.26,2.246,0.908,0.838,0.4667,0.4285,3,
WDS_Pitch_Pine_P1,29,126,14,B,,2.72,2.648,1.098,1.028,0.4693,0.4485,3,
WDS_Pitch_Pine_P1,29,126,15,A,,2.928,2.864,1.212,1.114,0.4832,0.4495,3,
WDS_Pitch_Pine_P1,29,126,15,B,,4.572,4.518,1.972,1.872,0.5071,0.4838,3,
WDS_Pitch_Pine_P1,29,126,16,A,,2.704,2.69,1.07,1.01,0.4586,0.4316,3,
WDS_Pitch_Pine_P1,29,126,16,B,,2.092,2.038,0.82,0.75,0.4536,0.4218,3,
WDS_Pitch_Pine_P1,29,126,17,A,,2.04,1.988,0.808,0.766,0.4591,0.4447,3,
WDS_Pitch_Pine_P1,29,126,17,B,,1.964,1.898,0.78,0.746,0.4605,0.455,3,
WDS_Pitch_Pine_P1,29,126,18,A,,2.016,1.986,0.822,0.75,0.4748,0.4345,3,
WDS_Pitch_Pine_P1,29,126,18,B,,2.694,2.598,1.12,1.028,0.4857,0.4585,3,
WDS_Pitch_Pine_P1,29,126,19,A,,1.608,1.606,0.67,0.636,0.487,0.459,3,
WDS_Pitch_Pine_P1,29,126,19,B,,2.074,2.022,0.88,0.844,0.4974,0.488,3,
WDS_Pitch_Pine_P1,29,126,20,A,,1.898,1.896,0.722,0.7,0.4381,0.4233,3,
WDS_Pitch_Pine_P1,29,126,1,A,,1.72,1.702,0.706,0.672,0.4785,0.4574,3,
WDS_Pitch_Pine_P1,3,126,10,B,,2.014,2.04,0.77,0.7,0.4407,0.3894,3,
WDS_Pitch_Pine_P1,3,126,20,A,,1.194,1.208,0.478,0.45,0.4648,0.4277,3,
WDS_Pitch_Pine_P1,3,126,19,B,,1.238,1.24,0.53,0.498,0.5027,0.4665,3,
WDS_Pitch_Pine_P1,3,126,19,A,,0.938,0.954,0.39,0.368,0.4857,0.4452,3,
WDS_Pitch_Pine_P1,3,126,18,B,,2.27,2.254,0.862,0.812,0.4373,0.4116,3,
WDS_Pitch_Pine_P1,3,126,18,A,,2.38,2.442,0.914,0.85,0.443,0.3958,3,
WDS_Pitch_Pine_P1,3,126,17,B,,1.594,1.63,0.714,0.6,0.5302,0.4219,3,
WDS_Pitch_Pine_P1,3,126,17,A,,1.764,1.79,0.73,0.678,0.4831,0.436,3,
WDS_Pitch_Pine_P1,3,126,16,B,,2.294,2.29,0.868,0.802,0.4355,0.3986,3,
WDS_Pitch_Pine_P1,3,126,16,A,,2.132,2.198,0.87,0.78,0.4752,0.4046,3,
WDS_Pitch_Pine_P1,3,126,15,B,,3.142,3.16,1.222,1.16,0.4495,0.4206,3,
WDS_Pitch_Pine_P1,3,126,15,A,,2.55,2.618,1.014,0.95,0.4612,0.415,3,
WDS_Pitch_Pine_P1,3,126,14,B,,1.256,1.26,0.52,0.488,0.4833,0.4473,3,
WDS_Pitch_Pine_P1,3,126,14,A,,1.444,1.462,0.61,0.582,0.4949,0.4618,3,
WDS_Pitch_Pine_P1,3,126,13,B,,2.154,2.162,0.906,0.86,0.4923,0.4614,3,
WDS_Pitch_Pine_P1,3,126,13,A,,2.132,2.202,0.892,0.826,0.4893,0.4311,3,
WDS_Pitch_Pine_P1,3,126,12,B,,3.214,3.224,1.266,1.14,0.4561,0.403,3,
WDS_Pitch_Pine_P1,3,126,12,A,,2.42,3.472,1.374,1.3,0.7068,0.4302,3,
WDS_Pitch_Pine_P1,3,126,11,B,,2.47,2.486,0.924,0.854,0.4298,0.3899,3,
WDS_Pitch_Pine_P1,3,126,11,A,,3.07,3.164,1.264,1.18,0.4802,0.4283,3,
WDS_Pitch_Pine_P1,3,126,10,A,,1.918,1.96,0.75,0.71,0.4523,0.4142,3,
WDS_Pitch_Pine_P1,3,126,9,B,,1.742,1.76,0.63,0.612,0.4134,0.3953,3,
WDS_Pitch_Pine_P1,3,126,9,A,,1.132,1.154,0.38,0.352,0.3799,0.3411,3,
WDS_Pitch_Pine_P1,3,126,8,B,,1.432,1.43,0.66,0.55,0.5485,0.4437,3,
WDS_Pitch_Pine_P1,3,126,8,A,,1.468,1.492,0.674,0.622,0.546,0.4873,3,
WDS_Pitch_Pine_P1,3,126,7,B,,1.42,1.432,0.61,0.592,0.5047,0.4825,3,
WDS_Pitch_Pine_P1,3,126,7,A,,1.19,1.218,0.5,0.474,0.4917,0.4498,3,
WDS_Pitch_Pine_P1,3,126,6,B,,0.942,0.95,0.32,0.35,0.385,0.4223,3,
WDS_Pitch_Pine_P1,3,126,6,A,,1.34,1.36,0.548,0.504,0.4765,0.4252,3,
WDS_Pitch_Pine_P1,3,126,5,B,,1.7,1.75,0.64,0.602,0.4329,0.3905,3,
WDS_Pitch_Pine_P1,3,126,5,A,,2.098,2.168,0.818,0.77,0.4508,0.405,3,
WDS_Pitch_Pine_P1,3,126,4,B,,1.386,1.378,0.514,0.482,0.4255,0.398,3,
WDS_Pitch_Pine_P1,3,126,4,A,,1.59,1.61,0.608,0.558,0.4408,0.3939,3,
WDS_Pitch_Pine_P1,3,126,3,B,,2.402,2.52,1.18,0.932,0.592,0.4242,3,
WDS_Pitch_Pine_P1,3,126,3,A,,1.94,1.982,0.74,0.638,0.4395,0.3623,3,
WDS_Pitch_Pine_P1,3,126,2,B,,2.24,2.222,1,0.844,0.5281,0.4374,3,
WDS_Pitch_Pine_P1,3,126,2,A,,2.178,2.19,0.97,0.8,0.5266,0.4182,3,
WDS_Pitch_Pine_P1,3,126,1,B,,1.302,1.29,0.568,0.528,0.5139,0.4769,3,
WDS_Pitch_Pine_P1,3,126,1,A,,0.974,1.002,0.41,0.35,0.4928,0.3974,3,
WDS_Pitch_Pine_P1,3,126,20,B,,1.608,1.61,0.692,0.668,0.5057,0.4845,3,
WDS_Pitch_Pine_P1,30,126,20,B,,1.704,1.662,0.622,0.586,0.4179,0.4016,3,
WDS_Pitch_Pine_P1,30,126,19,B,,2.11,2.064,0.794,0.752,0.4327,0.417,3,
WDS_Pitch_Pine_P1,30,126,19,A,,1.896,1.922,0.78,0.742,0.4798,0.4457,3,
WDS_Pitch_Pine_P1,30,126,18,B,,2.39,2.324,1.258,0.984,0.6437,0.4962,3,
WDS_Pitch_Pine_P1,30,126,18,A,,2.29,2.292,1.092,0.928,0.5712,0.4709,3,
WDS_Pitch_Pine_P1,30,126,17,B,,1.7,1.67,0.708,0.678,0.4867,0.4724,3,
WDS_Pitch_Pine_P1,30,126,17,A,,1.46,1.482,0.61,0.578,0.4885,0.4509,3,
WDS_Pitch_Pine_P1,30,126,16,B,,2.148,2.104,0.924,0.854,0.5055,0.4723,3,
WDS_Pitch_Pine_P1,30,126,16,A,,1.76,1.774,0.74,0.69,0.4921,0.4495,3,
WDS_Pitch_Pine_P1,30,126,15,B,,1.498,1.47,0.638,0.438,0.4996,0.3323,3,
WDS_Pitch_Pine_P1,30,126,15,A,,1.804,1.788,0.69,0.638,0.4409,0.4071,3,
WDS_Pitch_Pine_P1,30,126,14,B,,2.264,2.236,0.872,0.832,0.4445,0.4272,3,
WDS_Pitch_Pine_P1,30,126,14,A,,1.892,1.898,0.77,0.736,0.4738,0.4479,3,
WDS_Pitch_Pine_P1,30,126,13,B,,2.2,2.154,0.794,0.768,0.4125,0.4068,3,
WDS_Pitch_Pine_P1,30,126,13,A,,1.89,1.912,0.66,0.636,0.3973,0.376,3,
WDS_Pitch_Pine_P1,30,126,12,B,,3.032,2.98,1.094,1.022,0.4124,0.3892,3,
WDS_Pitch_Pine_P1,30,126,12,A,,2.092,2.126,0.754,0.7,0.4118,0.3716,3,
WDS_Pitch_Pine_P1,30,126,11,B,,,,,,,,3,
WDS_Pitch_Pine_P1,30,126,11,A,,2.504,2.522,1.14,1.104,0.5405,0.516,3,
WDS_Pitch_Pine_P1,30,126,10,B,,2.208,2.158,0.876,0.832,0.46,0.445,3,
WDS_Pitch_Pine_P1,30,126,10,A,,2.01,2.02,0.834,0.788,0.4846,0.4511,3,
WDS_Pitch_Pine_P1,30,126,9,B,,2.438,2.444,0.99,0.95,0.4725,0.4492,3,
WDS_Pitch_Pine_P1,30,126,9,A,,2.32,2.338,0.862,0.826,0.4264,0.4026,3,
WDS_Pitch_Pine_P1,30,126,8,B,,2.068,2.064,0.882,0.838,0.5004,0.4725,3,
WDS_Pitch_Pine_P1,30,126,8,A,,2.358,2.4,1.054,1.012,0.5289,0.4938,3,
WDS_Pitch_Pine_P1,30,126,7,B,,2.92,2.886,1.182,1.112,0.4708,0.4447,3,
WDS_Pitch_Pine_P1,30,126,7,A,,1.9,1.918,0.808,0.668,0.4987,0.3961,3,
WDS_Pitch_Pine_P1,30,126,6,B,,2.18,2.132,0.864,0.838,0.4594,0.455,3,
WDS_Pitch_Pine_P1,30,126,6,A,,2.358,2.386,0.992,0.954,0.4925,0.4641,3,
WDS_Pitch_Pine_P1,30,126,5,B,,3.72,3.762,1.656,1.558,0.5263,0.4835,3,
WDS_Pitch_Pine_P1,30,126,5,A,,2.794,2.798,1.182,1.108,0.4957,0.459,3,
WDS_Pitch_Pine_P1,30,126,4,B,,2.61,2.558,1.102,1.032,0.4946,0.469,3,
WDS_Pitch_Pine_P1,30,126,4,A,,1.992,2.014,0.848,0.796,0.4993,0.4579,3,
WDS_Pitch_Pine_P1,30,126,3,B,,1.32,1.282,0.512,0.442,0.4481,0.3915,3,
WDS_Pitch_Pine_P1,30,126,3,A,,3.03,3.048,1.16,1.084,0.4414,0.4056,3,
WDS_Pitch_Pine_P1,30,126,2,B,,2.752,2.702,1.198,1.076,0.5126,0.4619,3,
WDS_Pitch_Pine_P1,30,126,2,A,,2.67,2.688,1.008,0.966,0.4343,0.4105,3,
WDS_Pitch_Pine_P1,30,126,1,B,,1.978,1.946,0.81,0.766,0.4772,0.4558,3,
WDS_Pitch_Pine_P1,30,126,1,A,,1.9,1.86,0.728,0.688,0.4418,0.4243,3,
WDS_Pitch_Pine_P1,30,126,20,A,,1.5,1.516,0.588,0.554,0.4536,0.4184,3,
WDS_Pitch_Pine_P1,31,126,20,B,,2.618,2.652,1.11,0.98,0.497,0.4238,3,
WDS_Pitch_Pine_P1,31,126,1,A,,2.314,2.428,1.002,0.944,0.5094,0.4493,3,
WDS_Pitch_Pine_P1,31,126,1,B,,2.544,2.568,1.04,0.988,0.4762,0.4439,3,
WDS_Pitch_Pine_P1,31,126,2,A,,1.588,1.662,0.662,0.638,0.4872,0.4428,3,
WDS_Pitch_Pine_P1,31,126,2,B,,2.102,2.124,0.862,0.84,0.478,0.4583,3,
WDS_Pitch_Pine_P1,31,126,3,A,,1.95,2.03,0.84,0.818,0.5063,0.4683,3,
WDS_Pitch_Pine_P1,31,126,3,B,,2.682,2.73,1.13,1.126,0.4933,0.4812,3,
WDS_Pitch_Pine_P1,31,126,4,A,,2.03,2.078,0.822,0.786,0.471,0.4353,3,
WDS_Pitch_Pine_P1,31,126,4,B,,2.09,2.134,0.988,0.892,0.5653,0.4888,3,
WDS_Pitch_Pine_P1,31,126,5,A,,1.502,1.56,0.614,0.59,0.4762,0.4352,3,
WDS_Pitch_Pine_P1,31,126,5,B,,2.268,2.28,0.9,0.876,0.4601,0.4432,3,
WDS_Pitch_Pine_P1,31,126,6,A,,0.992,1.042,0.386,0.37,0.4497,0.4049,3,
WDS_Pitch_Pine_P1,31,126,6,B,,1.266,1.284,0.532,0.51,0.4918,0.4606,3,
WDS_Pitch_Pine_P1,31,126,7,A,,1.002,1.032,0.408,0.402,0.4741,0.4503,3,
WDS_Pitch_Pine_P1,31,126,7,B,,1.49,1.502,0.632,0.608,0.4972,0.4708,3,
WDS_Pitch_Pine_P1,31,126,8,A,,1.428,1.462,0.588,0.61,0.4803,0.4877,3,
WDS_Pitch_Pine_P1,31,126,8,B,,1.618,1.62,0.66,0.518,0.475,0.3596,3,
WDS_Pitch_Pine_P1,31,126,9,A,,2.45,2.48,0.984,0.97,0.4665,0.4524,3,
WDS_Pitch_Pine_P1,31,126,9,B,,2.2,2.248,0.962,0.848,0.5153,0.4339,3,
WDS_Pitch_Pine_P1,31,126,10,A,,2.05,2.102,0.882,0.852,0.5056,0.4715,3,
WDS_Pitch_Pine_P1,31,126,10,B,,1.98,2.002,0.882,0.838,0.5267,0.4896,3,
WDS_Pitch_Pine_P1,31,126,11,A,,2.25,2.32,0.92,0.848,0.4764,0.4185,3,
WDS_Pitch_Pine_P1,31,126,11,B,,2.698,2.736,1.08,1.022,0.4647,0.4291,3,
WDS_Pitch_Pine_P1,31,126,12,A,,2.682,2.782,1.162,1.124,0.5098,0.4698,3,
WDS_Pitch_Pine_P1,31,126,12,B,,2.954,2.982,1.258,1.18,0.4996,0.4586,3,
WDS_Pitch_Pine_P1,31,126,13,A,,1.68,1.73,0.86,0.628,0.6222,0.4152,3,
WDS_Pitch_Pine_P1,31,126,13,B,,2.14,2.126,0.844,0.78,0.4568,0.4203,3,
WDS_Pitch_Pine_P1,31,126,14,A,,1.362,1.41,0.554,0.524,0.4735,0.4265,3,
WDS_Pitch_Pine_P1,31,126,14,B,,1.54,1.54,0.628,0.57,0.4749,0.4246,3,
WDS_Pitch_Pine_P1,31,126,15,A,,1.562,1.628,0.632,0.604,0.4706,0.4257,3,
WDS_Pitch_Pine_P1,31,126,15,B,,2.258,2.27,0.958,0.878,0.4974,0.4466,3,
WDS_Pitch_Pine_P1,31,126,16,A,,1.568,1.6,0.67,0.632,0.5015,0.4576,3,
WDS_Pitch_Pine_P1,31,126,16,B,,1.73,1.72,0.98,0.648,0.7048,0.4333,3,
WDS_Pitch_Pine_P1,31,126,17,A,,1.678,1.72,0.64,0.602,0.4395,0.3983,3,
WDS_Pitch_Pine_P1,31,126,17,B,,1.924,1.956,0.77,0.738,0.4646,0.434,3,
WDS_Pitch_Pine_P1,31,126,18,A,,2.29,2.37,0.95,0.912,0.4845,0.444,3,
WDS_Pitch_Pine_P1,31,126,18,B,,2.454,2.46,1.04,0.964,0.4967,0.4534,3,
WDS_Pitch_Pine_P1,31,126,19,A,,1.98,2.036,0.88,0.84,0.5253,0.4814,3,
WDS_Pitch_Pine_P1,31,126,19,B,,2.204,2.248,0.9,0.87,0.4756,0.4469,3,
WDS_Pitch_Pine_P1,31,126,20,A,,1.54,1.6,0.602,0.574,0.4521,0.4097,3,
WDS_Pitch_Pine_P1,32,126,18,A,,1.604,1.6,0.562,0.55,0.3988,0.3902,3,
WDS_Pitch_Pine_P1,32,126,1,A,,1.628,1.612,0.654,0.62,0.4667,0.4437,3,
WDS_Pitch_Pine_P1,32,126,1,B,,2.072,2.004,0.842,0.808,0.4729,0.4686,3,
WDS_Pitch_Pine_P1,32,126,2,A,,2.368,2.348,0.92,0.86,0.4489,0.4195,3,
WDS_Pitch_Pine_P1,32,126,2,B,,2.368,2.304,0.924,0.876,0.4512,0.4379,3,
WDS_Pitch_Pine_P1,32,126,3,A,,1.54,1.524,0.702,0.668,0.5413,0.5168,3,
WDS_Pitch_Pine_P1,32,126,3,B,,1.59,1.558,0.71,0.68,0.5283,0.5142,3,
WDS_Pitch_Pine_P1,32,126,4,A,,2.232,2.228,0.86,0.822,0.4447,0.423,3,
WDS_Pitch_Pine_P1,32,126,4,B,,2.424,2.368,1.01,0.896,0.487,0.4355,3,
WDS_Pitch_Pine_P1,32,126,5,A,,1.61,1.592,0.722,0.652,0.5309,0.4773,3,
WDS_Pitch_Pine_P1,32,126,5,B,,1.598,1.568,0.72,0.644,0.5339,0.4788,3,
WDS_Pitch_Pine_P1,32,126,6,A,,2.154,2.132,0.85,0.804,0.4571,0.4338,3,
WDS_Pitch_Pine_P1,32,126,6,B,,2.32,2.26,0.856,0.814,0.423,0.4115,3,
WDS_Pitch_Pine_P1,32,126,7,A,,1.268,1.266,0.602,0.578,0.5682,0.5423,3,
WDS_Pitch_Pine_P1,32,126,7,B,,1.402,1.348,0.654,0.606,0.5564,0.5325,3,
WDS_Pitch_Pine_P1,32,126,8,A,,2.32,2.302,0.87,0.82,0.431,0.4064,3,
WDS_Pitch_Pine_P1,32,126,8,B,,2.48,2.402,0.972,0.862,0.4535,0.4098,3,
WDS_Pitch_Pine_P1,32,126,9,A,,2.33,2.3,0.942,0.874,0.4701,0.4376,3,
WDS_Pitch_Pine_P1,32,126,9,B,,2.938,2.848,1.196,1.128,0.4739,0.459,3,
WDS_Pitch_Pine_P1,32,126,10,A,,2.226,2.202,0.97,0.916,0.5132,0.486,3,
WDS_Pitch_Pine_P1,32,126,10,B,,2.062,1.988,0.792,0.758,0.443,0.4393,3,
WDS_Pitch_Pine_P1,32,126,11,A,,1.848,1.848,0.74,0.702,0.4649,0.4374,3,
WDS_Pitch_Pine_P1,32,126,11,B,,2.572,2.484,1.032,0.982,0.466,0.4581,3,
WDS_Pitch_Pine_P1,32,126,12,A,,2.098,2.068,0.79,0.742,0.433,0.4097,3,
WDS_Pitch_Pine_P1,32,126,12,B,,2.06,1.99,0.74,0.704,0.4103,0.4032,3,
WDS_Pitch_Pine_P1,32,126,13,A,,1.768,1.744,0.786,0.68,0.5255,0.4508,3,
WDS_Pitch_Pine_P1,32,126,13,B,,2.674,2.578,1.122,1.054,0.491,0.4763,3,
WDS_Pitch_Pine_P1,32,126,14,A,,1.848,1.83,0.772,0.708,0.4884,0.4468,3,
WDS_Pitch_Pine_P1,32,126,14,B,,2.438,2.364,1.1,1.022,0.5348,0.5085,3,
WDS_Pitch_Pine_P1,32,126,15,A,,1.5,1.488,0.652,0.578,0.5117,0.4488,3,
WDS_Pitch_Pine_P1,32,126,15,B,,2.004,1.934,0.84,0.808,0.4904,0.4885,3,
WDS_Pitch_Pine_P1,32,126,16,A,,2.184,2.176,0.914,0.892,0.4895,0.4778,3,
WDS_Pitch_Pine_P1,32,126,16,B,,2.882,2.824,1.302,1.254,0.5356,0.5248,3,
WDS_Pitch_Pine_P1,32,126,17,A,,1.68,1.668,0.638,0.612,0.4373,0.4203,3,
WDS_Pitch_Pine_P1,32,126,17,B,,1.97,1.908,0.728,0.676,0.4238,0.4039,3,
WDS_Pitch_Pine_P1,32,126,18,B,,2.174,2.124,0.778,0.762,0.4085,0.4097,3,
WDS_Pitch_Pine_P1,32,126,19,A,,1.23,1.23,0.508,0.476,0.482,0.4469,3,
WDS_Pitch_Pine_P1,32,126,19,B,,1.89,1.838,0.84,0.794,0.5253,0.508,3,
WDS_Pitch_Pine_P1,32,126,20,A,,1.33,1.322,0.51,0.49,0.4422,0.4253,3,
WDS_Pitch_Pine_P1,32,126,20,B,,2.808,2.712,1.16,1.118,0.4821,0.4809,3,
WDS_Pitch_Pine_P1,33,126,20,B,,3.224,3.122,1.24,1.212,0.4437,0.4485,3,
WDS_Pitch_Pine_P1,33,126,20,A,,1.62,1.598,0.578,0.554,0.4071,0.394,3,
WDS_Pitch_Pine_P1,33,126,19,B,,2.37,2.272,0.998,0.97,0.493,0.501,3,
WDS_Pitch_Pine_P1,33,126,19,A,,1.692,1.678,0.638,0.618,0.4337,0.4222,3,
WDS_Pitch_Pine_P1,33,126,18,B,,2.28,2.194,0.948,0.918,0.4858,0.4893,3,
WDS_Pitch_Pine_P1,33,126,18,A,,2.632,2.606,1.192,1.158,0.5372,0.5252,3,
WDS_Pitch_Pine_P1,33,126,17,B,,2.22,2.334,0.872,0.84,0.4547,0.4112,3,
WDS_Pitch_Pine_P1,33,126,17,A,,2.268,2.074,0.864,0.838,0.4389,0.4698,3,
WDS_Pitch_Pine_P1,33,126,16,B,,2.128,2.282,0.92,0.88,0.5085,0.4451,3,
WDS_Pitch_Pine_P1,33,126,16,A,,,,,,,,3,
WDS_Pitch_Pine_P1,33,126,15,B,,3.79,3.78,1.752,1.684,0.5504,0.5268,3,
WDS_Pitch_Pine_P1,33,126,15,A,,2.354,2.382,0.994,0.958,0.4946,0.4673,3,
WDS_Pitch_Pine_P1,33,126,14,B,,2.414,2.602,1.03,0.994,0.5007,0.4403,3,
WDS_Pitch_Pine_P1,33,126,14,A,,2.698,2.412,1.01,0.952,0.4301,0.4572,3,
WDS_Pitch_Pine_P1,33,126,13,B,,,,,,,,3,
WDS_Pitch_Pine_P1,33,126,13,A,,2.112,2.064,0.814,0.744,0.4448,0.4119,3,
WDS_Pitch_Pine_P1,33,126,12,B,,2.962,2.848,1.21,1.148,0.4758,0.4685,3,
WDS_Pitch_Pine_P1,33,126,12,A,,2.11,2.072,0.864,0.818,0.4772,0.4573,3,
WDS_Pitch_Pine_P1,33,126,11,B,,2.454,2.172,0.99,0.836,0.469,0.4441,3,
WDS_Pitch_Pine_P1,33,126,11,A,,1.33,1.31,0.51,0.488,0.4422,0.4277,3,
WDS_Pitch_Pine_P1,33,126,10,B,,1.642,1.598,0.682,0.656,0.4851,0.4786,3,
WDS_Pitch_Pine_P1,33,126,10,A,,1.788,1.762,0.822,0.796,0.5468,0.5356,3,
WDS_Pitch_Pine_P1,33,126,9,B,,3.24,3.102,1.266,1.186,0.4519,0.4407,3,
WDS_Pitch_Pine_P1,33,126,9,A,,3.414,3.388,1.412,1.338,0.4828,0.4575,3,
WDS_Pitch_Pine_P1,33,126,8,B,,3.27,3.162,1.268,1.204,0.4479,0.4386,3,
WDS_Pitch_Pine_P1,33,126,8,A,,2.88,2.792,1.08,1.028,0.431,0.422,3,
WDS_Pitch_Pine_P1,33,126,7,B,,2.042,1.96,0.914,0.792,0.5297,0.4698,3,
WDS_Pitch_Pine_P1,33,126,7,A,,2.01,1.952,0.84,0.792,0.4887,0.4721,3,
WDS_Pitch_Pine_P1,33,126,6,B,,2.288,2.202,0.94,0.866,0.479,0.4553,3,
WDS_Pitch_Pine_P1,33,126,6,A,,2.48,2.438,1.078,0.982,0.5117,0.4681,3,
WDS_Pitch_Pine_P1,33,126,5,B,,2.32,2.252,1.012,0.906,0.5139,0.4675,3,
WDS_Pitch_Pine_P1,33,126,5,A,,3.608,3.49,1.506,1.44,0.488,0.4814,3,
WDS_Pitch_Pine_P1,33,126,4,B,,2.422,2.364,1.064,1.004,0.5182,0.498,3,
WDS_Pitch_Pine_P1,33,126,4,A,,2.19,2.18,0.986,0.942,0.5334,0.5082,3,
WDS_Pitch_Pine_P1,33,126,3,B,,3.202,3.122,1.254,1.106,0.4531,0.4038,3,
WDS_Pitch_Pine_P1,33,126,3,A,,2.178,2.138,0.81,0.726,0.4269,0.3848,3,
WDS_Pitch_Pine_P1,33,126,2,B,,2.13,2.086,0.97,0.876,0.5407,0.4914,3,
WDS_Pitch_Pine_P1,33,126,2,A,,2.59,2.576,1.104,1.064,0.5001,0.482,3,
WDS_Pitch_Pine_P1,33,126,1,B,,1.924,1.864,0.81,0.776,0.4929,0.4865,3,
WDS_Pitch_Pine_P1,33,126,1,A,,2.202,2.164,0.938,0.902,0.4997,0.4872,3,
WDS_Pitch_Pine_P1,34,126,6,A,,4.042,3.966,1.678,1.54,0.4849,0.4486,3,
WDS_Pitch_Pine_P1,34,126,20,A,,2.978,2.958,1.408,1.242,0.5654,0.4913,3,
WDS_Pitch_Pine_P1,34,126,19,B,,2.912,2.818,1.18,1.116,0.4714,0.459,3,
WDS_Pitch_Pine_P1,34,126,19,A,,2.832,2.808,1.27,1.218,0.5309,0.5105,3,
WDS_Pitch_Pine_P1,34,126,18,B,,3.1,2.992,1.478,1.092,0.5711,0.4178,3,
WDS_Pitch_Pine_P1,34,126,18,A,,2.278,2.262,1.008,0.762,0.5226,0.3814,3,
WDS_Pitch_Pine_P1,34,126,17,B,,2.142,2.09,0.914,0.878,0.5007,0.4916,3,
WDS_Pitch_Pine_P1,34,126,17,A,,2.11,2.116,0.908,0.87,0.5057,0.4794,3,
WDS_Pitch_Pine_P1,34,126,16,B,,2.938,2.826,1.15,1.098,0.4528,0.449,3,
WDS_Pitch_Pine_P1,34,126,16,A,,2.438,2.42,0.98,0.908,0.467,0.4313,3,
WDS_Pitch_Pine_P1,34,126,15,B,,2.398,2.342,1.07,0.982,0.5278,0.4906,3,
WDS_Pitch_Pine_P1,34,126,15,A,,2.722,2.722,1.31,1.216,0.5775,0.5285,3,
WDS_Pitch_Pine_P1,34,126,14,B,,1.878,1.834,0.814,0.748,0.51,0.475,3,
WDS_Pitch_Pine_P1,34,126,14,A,,1.586,1.588,0.674,0.628,0.4983,0.4582,3,
WDS_Pitch_Pine_P1,34,126,13,B,,2.92,2.812,1.108,1.032,0.4369,0.4205,3,
WDS_Pitch_Pine_P1,34,126,13,A,,2.58,2.532,1.042,0.872,0.4696,0.391,3,
WDS_Pitch_Pine_P1,34,126,12,B,,3.172,3.068,1.272,1.224,0.4657,0.4629,3,
WDS_Pitch_Pine_P1,34,126,12,A,,2.67,2.66,1.09,0.93,0.4755,0.3978,3,
WDS_Pitch_Pine_P1,34,126,11,B,,3.748,3.628,1.468,1.402,0.4532,0.4462,3,
WDS_Pitch_Pine_P1,34,126,11,A,,3.092,3.094,1.172,1.112,0.4363,0.4105,3,
WDS_Pitch_Pine_P1,34,126,10,B,,3.48,3.36,1.484,1.402,0.5003,0.4878,3,
WDS_Pitch_Pine_P1,34,126,10,A,,3.414,3.418,1.418,1.338,0.4852,0.4529,3,
WDS_Pitch_Pine_P1,34,126,9,B,,3.678,3.514,1.522,1.362,0.4831,0.4477,3,
WDS_Pitch_Pine_P1,34,126,9,A,,2.87,2.85,1.21,1.124,0.4937,0.4568,3,
WDS_Pitch_Pine_P1,34,126,8,B,,2.968,2.868,1.164,1.088,0.4538,0.4368,3,
WDS_Pitch_Pine_P1,34,126,8,A,,2.384,2.4,0.958,0.89,0.4668,0.4255,3,
WDS_Pitch_Pine_P1,34,126,7,B,,3.402,3.29,1.362,1.282,0.4648,0.4505,3,
WDS_Pitch_Pine_P1,34,126,7,A,,2.83,2.784,1.062,0.968,0.4313,0.3953,3,
WDS_Pitch_Pine_P1,34,126,6,B,,4.152,4.03,1.66,1.54,0.4641,0.4404,3,
WDS_Pitch_Pine_P1,34,126,20,B,,2.922,2.808,1.276,1.138,0.5145,0.4715,3,
WDS_Pitch_Pine_P1,34,126,5,B,,3.026,2.97,1.34,1.208,0.5231,0.4734,3,
WDS_Pitch_Pine_P1,34,126,5,A,,3.008,2.942,1.31,1.188,0.5129,0.4695,3,
WDS_Pitch_Pine_P1,34,126,4,B,,2.648,2.566,1.11,1.016,0.4904,0.4589,3,
WDS_Pitch_Pine_P1,34,126,4,A,,3.312,3.244,1.456,1.258,0.5186,0.448,3,
WDS_Pitch_Pine_P1,34,126,3,B,,3.398,3.286,1.404,1.312,0.4822,0.4634,3,
WDS_Pitch_Pine_P1,34,126,3,A,,3.07,3.054,1.248,1.154,0.4731,0.4348,3,
WDS_Pitch_Pine_P1,34,126,2,B,,3.218,3.11,1.458,1.402,0.5374,0.5342,3,
WDS_Pitch_Pine_P1,34,126,2,A,,3.884,3.828,1.582,1.518,0.4742,0.4597,3,
WDS_Pitch_Pine_P1,34,126,1,B,,3.68,3.634,1.47,1.422,0.4636,0.4527,3,
WDS_Pitch_Pine_P1,34,126,1,A,,3.1,3.03,1.194,1.106,0.4445,0.4179,3,
WDS_Pitch_Pine_P1,35,126,20,A,,2.522,2.508,0.81,0.776,0.3614,0.3466,3,
WDS_Pitch_Pine_P1,35,126,19,B,,1.396,1.366,0.55,0.542,0.4563,0.46,3,
WDS_Pitch_Pine_P1,35,126,19,A,,0.96,0.962,0.372,0.37,0.4476,0.4437,3,
WDS_Pitch_Pine_P1,35,126,18,B,,1.16,1.126,0.44,0.418,0.4367,0.426,3,
WDS_Pitch_Pine_P1,35,126,1,A,,1.802,1.78,0.682,0.652,0.4356,0.4195,3,
WDS_Pitch_Pine_P1,35,126,18,A,,1.124,1.108,0.428,0.38,0.4386,0.3892,3,
WDS_Pitch_Pine_P1,35,126,17,B,,2.2,2.158,0.902,0.882,0.4779,0.4761,3,
WDS_Pitch_Pine_P1,35,126,17,A,,1.498,1.456,0.57,0.548,0.4383,0.4328,3,
WDS_Pitch_Pine_P1,35,126,16,B,,1.07,1.052,0.452,0.402,0.4948,0.4404,3,
WDS_Pitch_Pine_P1,35,126,16,A,,0.902,0.92,0.38,0.344,0.4933,0.4296,3,
WDS_Pitch_Pine_P1,35,126,15,B,,2.47,2.382,0.804,0.782,0.3669,0.3704,3,
WDS_Pitch_Pine_P1,35,126,15,A,,2.232,2.238,0.772,0.752,0.393,0.3803,3,
WDS_Pitch_Pine_P1,35,126,14,B,,1.928,1.87,0.71,0.65,0.4221,0.3952,3,
WDS_Pitch_Pine_P1,35,126,14,A,,1.692,1.714,0.61,0.586,0.412,0.3878,3,
WDS_Pitch_Pine_P1,35,126,13,B,,2.93,2.85,1.166,1.134,0.4616,0.4615,3,
WDS_Pitch_Pine_P1,35,126,13,A,,2.71,2.692,1.084,1.044,0.4643,0.448,3,
WDS_Pitch_Pine_P1,35,126,12,B,,1.742,1.722,0.664,0.628,0.4392,0.4174,3,
WDS_Pitch_Pine_P1,35,126,12,A,,1.532,1.544,0.662,0.614,0.5082,0.4612,3,
WDS_Pitch_Pine_P1,35,126,11,B,,1.592,1.556,0.554,0.552,0.3957,0.4045,3,
WDS_Pitch_Pine_P1,35,126,11,A,,1.378,1.382,0.5,0.494,0.415,0.408,3,
WDS_Pitch_Pine_P1,35,126,10,B,,2.272,2.23,0.87,0.812,0.4415,0.4167,3,
WDS_Pitch_Pine_P1,35,126,10,A,,1.852,1.846,0.698,0.658,0.4335,0.4067,3,
WDS_Pitch_Pine_P1,35,126,9,B,,,,,,,,3,
WDS_Pitch_Pine_P1,35,126,9,A,,0.802,0.826,0.28,0.28,0.3972,0.3841,3,
WDS_Pitch_Pine_P1,35,126,8,B,,1.22,1.188,0.404,0.392,0.3741,0.3725,3,
WDS_Pitch_Pine_P1,35,126,8,A,,1.462,1.446,0.54,0.518,0.4235,0.409,3,
WDS_Pitch_Pine_P1,35,126,7,B,,1.33,1.306,0.474,0.45,0.4066,0.3913,3,
WDS_Pitch_Pine_P1,35,126,7,A,,0.85,0.852,0.3,0.28,0.4021,0.3709,3,
WDS_Pitch_Pine_P1,35,126,6,B,,1.434,1.406,0.53,0.5,0.4239,0.4056,3,
WDS_Pitch_Pine_P1,35,126,6,A,,1.47,1.466,0.54,0.49,0.4209,0.378,3,
WDS_Pitch_Pine_P1,35,126,5,B,,1.9,1.838,0.73,0.688,0.4432,0.4301,3,
WDS_Pitch_Pine_P1,35,126,5,A,,2.064,2.042,0.768,0.736,0.4272,0.4119,3,
WDS_Pitch_Pine_P1,35,126,4,B,,1.28,1.254,0.458,0.448,0.4084,0.4077,3,
WDS_Pitch_Pine_P1,35,126,4,A,,1.392,1.386,0.532,0.522,0.4405,0.4331,3,
WDS_Pitch_Pine_P1,35,126,3,B,,1.72,1.666,0.61,0.562,0.4043,0.382,3,
WDS_Pitch_Pine_P1,35,126,3,A,,1.34,1.34,0.462,0.426,0.3915,0.3573,3,
WDS_Pitch_Pine_P1,35,126,2,B,,1.172,1.152,0.414,0.408,0.4025,0.4037,3,
WDS_Pitch_Pine_P1,35,126,2,A,,1.552,1.554,0.598,0.59,0.4447,0.4372,3,
WDS_Pitch_Pine_P1,35,126,1,B,,1.734,1.718,0.64,0.608,0.4232,0.4033,3,
WDS_Pitch_Pine_P1,35,126,20,B,,2.72,2.638,0.984,0.924,0.4136,0.3986,3,
WDS_Pitch_Pine_P1,36,126,1,A,,2.338,2.326,0.974,0.922,0.4869,0.4595,3,
WDS_Pitch_Pine_P1,36,126,1,B,,2.732,2.654,1.196,1.102,0.516,0.485,3,
WDS_Pitch_Pine_P1,36,126,2,A,,1.84,1.392,0.668,0.488,0.4153,0.399,3,
WDS_Pitch_Pine_P1,36,126,2,B,,1.72,1.686,0.678,0.638,0.4565,0.4355,3,
WDS_Pitch_Pine_P1,36,126,3,A,,2.652,2.674,1.208,1.134,0.5408,0.4971,3,
WDS_Pitch_Pine_P1,36,126,3,B,,2.51,2.458,1.112,1.028,0.5233,0.4891,3,
WDS_Pitch_Pine_P1,36,126,4,A,,1.99,1.964,0.87,0.73,0.5152,0.4266,3,
WDS_Pitch_Pine_P1,36,126,4,B,,2.312,2.288,0.968,0.898,0.4897,0.4542,3,
WDS_Pitch_Pine_P1,36,126,5,A,,2.278,2.296,0.94,0.902,0.4815,0.4547,3,
WDS_Pitch_Pine_P1,36,126,5,B,,2.308,2.228,0.918,0.882,0.4613,0.4588,3,
WDS_Pitch_Pine_P1,36,126,6,A,,2.482,2.452,0.952,0.882,0.4423,0.4109,3,
WDS_Pitch_Pine_P1,36,126,6,B,,2.246,2.196,0.882,0.754,0.4545,0.3897,3,
WDS_Pitch_Pine_P1,36,126,7,A,,2.38,2.394,1.022,0.952,0.5044,0.4612,3,
WDS_Pitch_Pine_P1,36,126,7,B,,2.932,2.876,1.364,1.252,0.5546,0.5126,3,
WDS_Pitch_Pine_P1,36,126,8,A,,2.002,1.994,0.792,0.754,0.4584,0.4351,3,
WDS_Pitch_Pine_P1,36,126,8,B,,1.932,1.892,0.722,0.692,0.4293,0.4188,3,
WDS_Pitch_Pine_P1,36,126,9,A,,3.05,2.978,1.218,1.14,0.4635,0.4413,3,
WDS_Pitch_Pine_P1,36,126,9,B,,2.236,2.238,0.856,0.786,0.4414,0.3999,3,
WDS_Pitch_Pine_P1,36,126,10,A,,1.558,1.546,0.67,0.582,0.5053,0.4329,3,
WDS_Pitch_Pine_P1,36,126,10,B,,2.024,1.978,0.872,0.77,0.5064,0.45,3,
WDS_Pitch_Pine_P1,36,126,11,A,,1.71,1.702,0.69,0.638,0.4691,0.4308,3,
WDS_Pitch_Pine_P1,36,126,11,B,,2.218,2.17,0.932,0.878,0.4918,0.4706,3,
WDS_Pitch_Pine_P1,36,126,12,A,,1.602,1.588,0.752,0.65,0.5606,0.4769,3,
WDS_Pitch_Pine_P1,36,126,12,B,,2.182,2.122,0.974,0.908,0.528,0.5024,3,
WDS_Pitch_Pine_P1,36,126,13,A,,2.192,2.174,1.004,0.95,0.5444,0.5149,3,
WDS_Pitch_Pine_P1,36,126,13,B,,1.48,1.432,0.644,0.594,0.5124,0.4844,3,
WDS_Pitch_Pine_P1,36,126,14,A,,1.82,1.828,0.702,0.672,0.4452,0.4213,3,
WDS_Pitch_Pine_P1,36,126,14,B,,2.108,2.07,0.83,0.788,0.4559,0.4385,3,
WDS_Pitch_Pine_P1,36,126,15,A,,1.49,1.502,0.614,0.564,0.4807,0.4316,3,
WDS_Pitch_Pine_P1,36,126,15,B,,2.05,2,0.902,0.836,0.5191,0.4888,3,
WDS_Pitch_Pine_P1,36,126,16,A,,2.248,2.262,1.022,0.966,0.5396,0.5012,3,
WDS_Pitch_Pine_P1,36,126,16,B,,1.678,1.636,0.69,0.632,0.4795,0.446,3,
WDS_Pitch_Pine_P1,36,126,17,A,,1.668,1.668,0.722,0.662,0.5092,0.4601,3,
WDS_Pitch_Pine_P1,36,126,17,B,,2.03,1.968,0.92,0.816,0.5376,0.4842,3,
WDS_Pitch_Pine_P1,36,126,18,A,,1.944,1.948,0.73,0.692,0.4317,0.4051,3,
WDS_Pitch_Pine_P1,36,126,18,B,,2.732,2.658,1.082,1.046,0.459,0.4556,3,
WDS_Pitch_Pine_P1,36,126,19,A,,2.28,2.276,0.946,0.866,0.4846,0.4383,3,
WDS_Pitch_Pine_P1,36,126,19,B,,1.924,1.862,0.83,0.712,0.5072,0.4408,3,
WDS_Pitch_Pine_P1,36,126,20,A,,,,,,,,3,
WDS_Pitch_Pine_P1,36,126,20,B,,,,,,,,3,
WDS_Pitch_Pine_P1,37,126,20,B,,2.848,2.782,1.192,1.08,0.4895,0.4485,3,
WDS_Pitch_Pine_P1,37,126,1,A,,3.332,3.302,1.372,1.282,0.4803,0.4486,3,
WDS_Pitch_Pine_P1,37,126,1,B,,2.674,2.614,1.138,0.994,0.4992,0.4379,3,
WDS_Pitch_Pine_P1,37,126,2,A,,3.14,3.114,1.322,1.2,0.4929,0.4447,3,
WDS_Pitch_Pine_P1,37,126,2,B,,2.552,2.498,1.068,0.956,0.4895,0.4412,3,
WDS_Pitch_Pine_P1,37,126,3,A,,3.04,3.05,1.198,1.102,0.4564,0.413,3,
WDS_Pitch_Pine_P1,37,126,3,B,,2.798,2.71,1.06,0.972,0.4361,0.4096,3,
WDS_Pitch_Pine_P1,37,126,4,A,,3.47,3.5,1.63,1.372,0.561,0.4536,3,
WDS_Pitch_Pine_P1,37,126,4,B,,3.262,3.282,1.44,1.314,0.5211,0.4648,3,
WDS_Pitch_Pine_P1,37,126,5,A,,3.222,3.22,1.11,1.138,0.3912,0.4027,3,
WDS_Pitch_Pine_P1,37,126,5,B,,3.19,3.118,1.162,1.096,0.4169,0.4002,3,
WDS_Pitch_Pine_P1,37,126,6,A,,2.608,2.608,1.07,1.028,0.4782,0.4565,3,
WDS_Pitch_Pine_P1,37,126,6,B,,2.568,2.472,1,0.95,0.4501,0.4433,3,
WDS_Pitch_Pine_P1,37,126,7,A,,2.594,2.584,1.062,1.056,0.4771,0.4761,3,
WDS_Pitch_Pine_P1,37,126,7,B,,2.678,2.562,1.098,1.012,0.4779,0.4576,3,
WDS_Pitch_Pine_P1,37,126,8,A,,2.46,2.466,0.892,0.828,0.4147,0.38,3,
WDS_Pitch_Pine_P1,37,126,8,B,,3.06,2.976,1.23,1.072,0.467,0.4116,3,
WDS_Pitch_Pine_P1,37,126,9,A,,1.972,1.948,0.812,0.762,0.4803,0.4525,3,
WDS_Pitch_Pine_P1,37,126,9,B,,2.24,2.16,0.872,0.824,0.45,0.4396,3,
WDS_Pitch_Pine_P1,37,126,10,A,,3.336,3.32,1.388,1.262,0.4861,0.4378,3,
WDS_Pitch_Pine_P1,37,126,10,B,,3.3,3.186,1.264,1.182,0.4416,0.4257,3,
WDS_Pitch_Pine_P1,37,126,11,A,,3.08,3.092,1.22,1.168,0.4591,0.4346,3,
WDS_Pitch_Pine_P1,37,126,11,B,,4.012,3.978,1.702,1.528,0.4973,0.4431,3,
WDS_Pitch_Pine_P1,37,126,12,A,,2.882,2.886,1.194,1.078,0.4837,0.429,3,
WDS_Pitch_Pine_P1,37,126,12,B,,2.696,2.638,1.432,0.98,0.6509,0.4264,3,
WDS_Pitch_Pine_P1,37,126,13,A,,3.768,3.8,1.554,1.452,0.4812,0.4404,3,
WDS_Pitch_Pine_P1,37,126,13,B,,3.872,3.692,1.852,1.374,0.5733,0.4272,3,
WDS_Pitch_Pine_P1,37,126,14,A,,3.562,3.662,1.364,1.292,0.4415,0.4019,3,
WDS_Pitch_Pine_P1,37,126,14,B,,3.452,3.428,1.28,1.218,0.4254,0.4052,3,
WDS_Pitch_Pine_P1,37,126,15,A,,2.11,2.108,0.934,0.868,0.5228,0.4803,3,
WDS_Pitch_Pine_P1,37,126,15,B,,1.992,1.972,0.83,0.782,0.487,0.4597,3,
WDS_Pitch_Pine_P1,37,126,16,A,,2.2,2.184,0.97,0.928,0.5204,0.4982,3,
WDS_Pitch_Pine_P1,37,126,16,B,,2.722,2.656,1.184,1.138,0.5121,0.5031,3,
WDS_Pitch_Pine_P1,37,126,17,A,,3.848,3.878,1.52,1.332,0.4576,0.3899,3,
WDS_Pitch_Pine_P1,37,126,17,B,,3.782,3.76,1.438,1.362,0.4379,0.4142,3,
WDS_Pitch_Pine_P1,37,126,18,A,,2.298,2.272,1.088,1.024,0.5663,0.5341,3,
WDS_Pitch_Pine_P1,37,126,18,B,,2.84,2.756,1.3,1.246,0.544,0.5361,3,
WDS_Pitch_Pine_P1,37,126,19,A,,3.11,2.942,1.328,1.206,0.5011,0.4778,3,
WDS_Pitch_Pine_P1,37,126,19,B,,3.36,3.086,1.502,1.322,0.5289,0.503,3,
WDS_Pitch_Pine_P1,37,126,20,A,,2.55,2.546,0.982,0.912,0.4444,0.409,3,
WDS_Pitch_Pine_P1,38,126,1,A,,2.422,2.428,1.022,0.978,0.4942,0.4681,3,
WDS_Pitch_Pine_P1,38,126,20,B,,1.998,2.022,0.89,0.838,0.5267,0.4839,3,
WDS_Pitch_Pine_P1,38,126,20,A,,1.404,1.406,0.592,0.542,0.4938,0.4449,3,
WDS_Pitch_Pine_P1,38,126,19,B,,3.198,3.202,1.476,1.412,0.5494,0.5205,3,
WDS_Pitch_Pine_P1,38,126,19,A,,2.378,2.392,1.012,0.972,0.4992,0.4729,3,
WDS_Pitch_Pine_P1,38,126,18,B,,3.004,3.006,1.232,1.182,0.478,0.4552,3,
WDS_Pitch_Pine_P1,38,126,18,A,,2.02,2.032,0.882,0.778,0.5144,0.4414,3,
WDS_Pitch_Pine_P1,38,126,17,B,,4.602,4.566,2.096,1.842,0.5408,0.469,3,
WDS_Pitch_Pine_P1,38,126,17,A,,3.962,3.932,1.792,1.628,0.5363,0.4834,3,
WDS_Pitch_Pine_P1,38,126,16,B,,2.524,2.508,1.168,1.008,0.5511,0.4669,3,
WDS_Pitch_Pine_P1,38,126,16,A,,2.252,2.254,0.958,0.852,0.4989,0.4349,3,
WDS_Pitch_Pine_P1,38,126,15,B,,4.018,3.996,1.736,1.618,0.5081,0.471,3,
WDS_Pitch_Pine_P1,38,126,15,A,,3.838,3.828,1.71,1.572,0.5269,0.4788,3,
WDS_Pitch_Pine_P1,38,126,14,B,,3.612,3.598,1.67,1.532,0.5505,0.4995,3,
WDS_Pitch_Pine_P1,38,126,14,A,,3.408,3.39,1.642,1.362,0.5783,0.4667,3,
WDS_Pitch_Pine_P1,38,126,13,B,,3.218,3.234,1.4,1.318,0.5123,0.4745,3,
WDS_Pitch_Pine_P1,38,126,13,A,,2.842,2.846,1.196,1.126,0.4926,0.4585,3,
WDS_Pitch_Pine_P1,38,126,12,B,,3.868,3.85,1.674,1.548,0.5091,0.4671,3,
WDS_Pitch_Pine_P1,38,126,12,A,,3.212,3.212,1.41,1.298,0.5177,0.4699,3,
WDS_Pitch_Pine_P1,38,126,11,B,,4.322,4.348,2.098,2.022,0.5835,0.5543,3,
WDS_Pitch_Pine_P1,38,126,11,A,,3.592,3.628,1.69,1.628,0.5621,0.5313,3,
WDS_Pitch_Pine_P1,38,126,10,B,,4.816,4.844,2.112,1.962,0.5171,0.4711,3,
WDS_Pitch_Pine_P1,38,126,10,A,,3.848,3.83,1.55,1.476,0.4681,0.4448,3,
WDS_Pitch_Pine_P1,38,126,9,B,,3.498,3.512,1.388,1.21,0.46,0.3912,3,
WDS_Pitch_Pine_P1,38,126,9,A,,3.418,3.41,1.516,1.22,0.5241,0.4084,3,
WDS_Pitch_Pine_P1,38,126,8,B,,2.236,2.258,0.89,0.852,0.4617,0.4341,3,
WDS_Pitch_Pine_P1,38,126,8,A,,2.322,2.328,0.922,0.878,0.4604,0.4338,3,
WDS_Pitch_Pine_P1,38,126,7,B,,4.212,4.202,1.928,1.716,0.544,0.4757,3,
WDS_Pitch_Pine_P1,38,126,7,A,,4.572,4.568,2.188,1.924,0.5737,0.4931,3,
WDS_Pitch_Pine_P1,38,126,6,B,,3.362,3.366,1.442,1.248,0.5038,0.4254,3,
WDS_Pitch_Pine_P1,38,126,6,A,,2.592,2.554,1.18,1.018,0.5405,0.4624,3,
WDS_Pitch_Pine_P1,38,126,5,B,,2.548,2.562,1.018,0.974,0.4637,0.4378,3,
WDS_Pitch_Pine_P1,38,126,5,A,,3.038,3.058,1.192,1.142,0.4541,0.4289,3,
WDS_Pitch_Pine_P1,38,126,4,B,,3.222,3.208,1.406,1.256,0.5141,0.453,3,
WDS_Pitch_Pine_P1,38,126,4,A,,2.554,2.538,1.094,0.98,0.503,0.4458,3,
WDS_Pitch_Pine_P1,38,126,3,B,,2.986,2.944,1.54,1.132,0.6279,0.4436,3,
WDS_Pitch_Pine_P1,38,126,3,A,,3.404,3.414,1.656,1.358,0.5851,0.4613,3,
WDS_Pitch_Pine_P1,38,126,2,B,,5.122,5.124,2.174,2,0.4976,0.4513,3,
WDS_Pitch_Pine_P1,38,126,2,A,,3.714,3.694,1.398,1.32,0.4329,0.4078,3,
WDS_Pitch_Pine_P1,38,126,1,B,,2.894,2.904,1.31,1.228,0.5368,0.4954,3,
WDS_Pitch_Pine_P1,39,126,1,A,,2.036,2.038,0.846,0.776,0.4854,0.4386,3,
WDS_Pitch_Pine_P1,39,126,20,B,,1.642,1.662,0.662,0.628,0.4686,0.4348,3,
WDS_Pitch_Pine_P1,39,126,20,A,,1.53,1.532,0.576,0.54,0.4329,0.4015,3,
WDS_Pitch_Pine_P1,39,126,19,B,,2.46,2.462,1.1,0.966,0.5291,0.4541,3,
WDS_Pitch_Pine_P1,39,126,19,A,,2.39,2.404,1.118,1.018,0.5582,0.4963,3,
WDS_Pitch_Pine_P1,39,126,18,B,,1.466,1.47,0.648,0.608,0.5219,0.4828,3,
WDS_Pitch_Pine_P1,39,126,18,A,,1.42,1.428,0.612,0.594,0.5066,0.486,3,
WDS_Pitch_Pine_P1,39,126,17,B,,2.81,2.812,1.152,1.11,0.4778,0.4573,3,
WDS_Pitch_Pine_P1,39,126,17,A,,2.178,2.178,0.822,0.792,0.4342,0.416,3,
WDS_Pitch_Pine_P1,39,126,16,B,,2.096,2.076,0.896,0.776,0.5018,0.4294,3,
WDS_Pitch_Pine_P1,39,126,16,A,,1.638,1.628,0.77,0.668,0.5615,0.4783,3,
WDS_Pitch_Pine_P1,39,126,15,B,,2.104,2.124,0.822,0.792,0.4518,0.4282,3,
WDS_Pitch_Pine_P1,39,126,15,A,,2.118,2.134,0.762,0.76,0.411,0.4063,3,
WDS_Pitch_Pine_P1,39,126,14,B,,2.99,2.988,1.15,1.108,0.4437,0.4255,3,
WDS_Pitch_Pine_P1,39,126,14,A,,2.61,2.614,1.028,0.938,0.4561,0.4098,3,
WDS_Pitch_Pine_P1,39,126,13,B,,2.216,2.228,0.946,0.912,0.501,0.477,3,
WDS_Pitch_Pine_P1,39,126,13,A,,1.46,1.448,0.638,0.562,0.5149,0.4484,3,
WDS_Pitch_Pine_P1,39,126,12,B,,1.19,1.186,0.522,0.45,0.5173,0.4368,3,
WDS_Pitch_Pine_P1,39,126,12,A,,1.062,1.058,0.458,0.428,0.507,0.4705,3,
WDS_Pitch_Pine_P1,39,126,11,B,,1.444,1.448,0.612,0.578,0.4968,0.4632,3,
WDS_Pitch_Pine_P1,39,126,11,A,,1.404,1.414,0.61,0.586,0.5114,0.4839,3,
WDS_Pitch_Pine_P1,39,126,10,B,,1.428,1.434,0.668,0.622,0.5582,0.5104,3,
WDS_Pitch_Pine_P1,39,126,10,A,,1.214,1.216,0.522,0.48,0.5052,0.4573,3,
WDS_Pitch_Pine_P1,39,126,9,B,,2.216,2.19,1.158,0.922,0.6381,0.4929,3,
WDS_Pitch_Pine_P1,39,126,9,A,,2.318,2.316,1.048,0.932,0.5361,0.4676,3,
WDS_Pitch_Pine_P1,39,126,8,B,,1.29,1.304,0.512,0.474,0.4602,0.4159,3,
WDS_Pitch_Pine_P1,39,126,8,A,,1.42,1.438,0.55,0.514,0.4473,0.408,3,
WDS_Pitch_Pine_P1,39,126,7,B,,1.882,1.89,0.768,0.73,0.4753,0.4459,3,
WDS_Pitch_Pine_P1,39,126,7,A,,1.982,2,0.78,0.75,0.4557,0.431,3,
WDS_Pitch_Pine_P1,39,126,6,B,,2.164,2.188,0.894,0.84,0.4821,0.4428,3,
WDS_Pitch_Pine_P1,39,126,6,A,,1.908,1.922,0.792,0.74,0.4848,0.4443,3,
WDS_Pitch_Pine_P1,39,126,5,B,,2.29,2.308,0.97,0.928,0.4964,0.4671,3,
WDS_Pitch_Pine_P1,39,126,5,A,,1.722,1.732,0.654,0.628,0.4373,0.4147,3,
WDS_Pitch_Pine_P1,39,126,4,B,,1.62,1.626,0.668,0.618,0.4811,0.4377,3,
WDS_Pitch_Pine_P1,39,126,4,A,,1.252,1.264,0.562,0.512,0.5315,0.4712,3,
WDS_Pitch_Pine_P1,39,126,3,B,,1.57,1.874,0.746,0.656,0.5688,0.3984,3,
WDS_Pitch_Pine_P1,39,126,3,A,,1.47,1.672,0.646,0.57,0.5184,0.3866,3,
WDS_Pitch_Pine_P1,39,126,2,B,,1.596,1.562,0.63,0.598,0.4573,0.4414,3,
WDS_Pitch_Pine_P1,39,126,2,A,,1.672,1.664,0.64,0.612,0.4413,0.4215,3,
WDS_Pitch_Pine_P1,39,126,1,B,,2.35,2.35,1.042,0.938,0.5239,0.4632,3,
WDS_Pitch_Pine_P1,4,126,1,A,,1.84,1.88,0.842,0.636,0.5438,0.3832,3,
WDS_Pitch_Pine_P1,4,126,20,B,,2.436,2.41,0.906,0.752,0.4269,0.3498,3,
WDS_Pitch_Pine_P1,4,126,20,A,,2.488,2.538,0.85,0.768,0.3875,0.338,3,
WDS_Pitch_Pine_P1,4,126,19,B,,0.958,0.952,0.352,0.34,0.421,0.4076,3,
WDS_Pitch_Pine_P1,4,126,19,A,,1.37,1.416,0.544,0.522,0.4604,0.4226,3,
WDS_Pitch_Pine_P1,4,126,18,B,,1.928,1.9,0.772,0.71,0.4649,0.4292,3,
WDS_Pitch_Pine_P1,4,126,18,A,,1.382,1.374,0.564,0.532,0.4753,0.4472,3,
WDS_Pitch_Pine_P1,4,126,17,B,,1.938,1.942,0.82,0.768,0.4958,0.4582,3,
WDS_Pitch_Pine_P1,4,126,17,A,,1.38,1.402,0.566,0.528,0.4781,0.4331,3,
WDS_Pitch_Pine_P1,4,126,16,B,,2.342,2.376,0.838,0.79,0.4084,0.3758,3,
WDS_Pitch_Pine_P1,4,126,16,A,,2.44,2.492,0.958,0.886,0.4544,0.4055,3,
WDS_Pitch_Pine_P1,4,126,15,B,,2.59,2.542,1.15,0.862,0.5247,0.3842,3,
WDS_Pitch_Pine_P1,4,126,15,A,,2.352,2.33,1.132,0.954,0.5776,0.4771,3,
WDS_Pitch_Pine_P1,4,126,14,B,,1.872,1.848,0.672,0.59,0.41,0.359,3,
WDS_Pitch_Pine_P1,4,126,14,A,,1.74,1.32,0.632,0.448,0.4155,0.3846,3,
WDS_Pitch_Pine_P1,4,126,13,B,,2.7,2.74,0.896,0.84,0.375,0.343,3,
WDS_Pitch_Pine_P1,4,126,13,A,,2.43,2.52,0.854,0.802,0.4002,0.3577,3,
WDS_Pitch_Pine_P1,4,126,12,B,,1.348,1.782,0.562,0.554,0.4873,0.3484,3,
WDS_Pitch_Pine_P1,4,126,12,A,,1.834,1.86,0.83,0.72,0.5367,0.447,3,
WDS_Pitch_Pine_P1,4,126,11,B,,2.762,2.74,0.914,0.842,0.3738,0.3439,3,
WDS_Pitch_Pine_P1,4,126,11,A,,2.886,2.86,1.012,0.932,0.3991,0.3673,3,
WDS_Pitch_Pine_P1,4,126,10,B,,1.89,1.928,0.82,0.722,0.5106,0.4303,3,
WDS_Pitch_Pine_P1,4,126,10,A,,1.84,1.864,0.694,0.652,0.4339,0.398,3,
WDS_Pitch_Pine_P1,4,126,9,B,,1.804,1.792,0.646,0.62,0.4088,0.3931,3,
WDS_Pitch_Pine_P1,4,126,9,A,,1.958,2,0.762,0.718,0.4498,0.41,3,
WDS_Pitch_Pine_P1,4,126,8,B,,2.29,2.26,0.812,0.748,0.4042,0.3738,3,
WDS_Pitch_Pine_P1,4,126,8,A,,2.526,2.6,0.854,0.81,0.3829,0.3492,3,
WDS_Pitch_Pine_P1,4,126,7,B,,1.89,1.882,0.818,0.708,0.5091,0.4326,3,
WDS_Pitch_Pine_P1,4,126,7,A,,1.192,1.202,0.47,0.43,0.4567,0.4083,3,
WDS_Pitch_Pine_P1,4,126,6,B,,2.128,2.094,0.874,0.75,0.4788,0.4089,3,
WDS_Pitch_Pine_P1,4,126,6,A,,2.018,2.046,0.778,0.692,0.445,0.3831,3,
WDS_Pitch_Pine_P1,4,126,5,B,,2.652,2.63,1.062,0.978,0.4649,0.4268,3,
WDS_Pitch_Pine_P1,4,126,5,A,,2.464,2.504,0.95,0.88,0.445,0.4002,3,
WDS_Pitch_Pine_P1,4,126,4,B,,1.69,1.69,0.606,0.53,0.4094,0.3518,3,
WDS_Pitch_Pine_P1,4,126,4,A,,2.614,2.648,1.014,0.89,0.4481,0.3804,3,
WDS_Pitch_Pine_P1,4,126,3,B,,2.51,2.498,0.87,0.832,0.3939,0.3765,3,
WDS_Pitch_Pine_P1,4,126,3,A,,2.028,2.072,0.77,0.74,0.4372,0.4076,3,
WDS_Pitch_Pine_P1,4,126,2,B,,1.048,1.06,0.348,0.332,0.3752,0.3513,3,
WDS_Pitch_Pine_P1,4,126,2,A,,1.29,1.33,0.482,0.43,0.4292,0.3641,3,
WDS_Pitch_Pine_P1,4,126,1,B,,2.132,2.156,0.812,0.72,0.4387,0.3776,3,
WDS_Pitch_Pine_P1,40,126,3,B,,3.46,3.478,1.466,1.376,0.4966,0.4585,3,
WDS_Pitch_Pine_P1,40,126,20,B,,1.07,1.082,0.452,0.438,0.4948,0.4708,3,
WDS_Pitch_Pine_P1,40,126,20,A,,0.994,1.008,0.408,0.396,0.4785,0.4547,3,
WDS_Pitch_Pine_P1,40,126,19,B,,1.612,1.63,0.636,0.608,0.457,0.4284,3,
WDS_Pitch_Pine_P1,40,126,19,A,,1.594,1.622,0.654,0.616,0.4783,0.4373,3,
WDS_Pitch_Pine_P1,40,126,18,B,,1.332,1.342,0.526,0.508,0.4575,0.4357,3,
WDS_Pitch_Pine_P1,40,126,18,A,,1.06,1.08,0.422,0.404,0.4618,0.4298,3,
WDS_Pitch_Pine_P1,40,126,17,B,,1.982,1.99,0.85,0.772,0.5037,0.4482,3,
WDS_Pitch_Pine_P1,40,126,17,A,,1.648,1.654,0.698,0.624,0.4964,0.434,3,
WDS_Pitch_Pine_P1,40,126,16,B,,1.842,1.826,0.808,0.756,0.5173,0.4833,3,
WDS_Pitch_Pine_P1,40,126,16,A,,1.616,1.618,0.696,0.652,0.5062,0.4683,3,
WDS_Pitch_Pine_P1,40,126,15,B,,3.442,3.438,1.382,1.304,0.4664,0.4367,3,
WDS_Pitch_Pine_P1,40,126,15,A,,2.334,2.342,0.892,0.834,0.4405,0.4062,3,
WDS_Pitch_Pine_P1,40,126,14,B,,1.802,1.816,0.678,0.654,0.4326,0.4115,3,
WDS_Pitch_Pine_P1,40,126,14,A,,1.68,1.694,0.626,0.6,0.4278,0.4037,3,
WDS_Pitch_Pine_P1,40,126,13,B,,0.772,0.772,0.29,0.264,0.4318,0.3879,3,
WDS_Pitch_Pine_P1,40,126,13,A,,1.292,1.3,0.526,0.5,0.474,0.4437,3,
WDS_Pitch_Pine_P1,40,126,12,B,,2.7,2.708,1.12,0.998,0.4844,0.4225,3,
WDS_Pitch_Pine_P1,40,126,12,A,,1.83,1.838,0.714,0.682,0.4511,0.4258,3,
WDS_Pitch_Pine_P1,40,126,11,B,,1.748,1.754,0.868,0.772,0.5997,0.5193,3,
WDS_Pitch_Pine_P1,40,126,11,A,,1.808,1.814,0.838,0.776,0.5521,0.5022,3,
WDS_Pitch_Pine_P1,40,126,10,B,,1.97,1.972,0.778,0.716,0.4575,0.4153,3,
WDS_Pitch_Pine_P1,40,126,10,A,,1.672,1.688,0.666,0.628,0.4621,0.4271,3,
WDS_Pitch_Pine_P1,40,126,9,B,,2.342,2.344,0.982,0.994,0.4906,0.4971,3,
WDS_Pitch_Pine_P1,40,126,9,A,,1.742,1.752,0.696,0.664,0.4637,0.4363,3,
WDS_Pitch_Pine_P1,40,126,8,B,,3.426,3.46,1.292,1.242,0.4338,0.4099,3,
WDS_Pitch_Pine_P1,40,126,8,A,,2.662,2.69,0.978,0.936,0.421,0.3956,3,
WDS_Pitch_Pine_P1,40,126,7,B,,2.234,2.242,0.916,0.878,0.4779,0.4531,3,
WDS_Pitch_Pine_P1,40,126,7,A,,2.05,2.054,0.828,0.778,0.4696,0.436,3,
WDS_Pitch_Pine_P1,40,126,6,B,,2.068,2.072,0.866,0.828,0.4898,0.4638,3,
WDS_Pitch_Pine_P1,40,126,6,A,,1.706,1.724,0.668,0.642,0.453,0.4275,3,
WDS_Pitch_Pine_P1,40,126,5,B,,1.982,1.998,0.864,0.812,0.5135,0.473,3,
WDS_Pitch_Pine_P1,40,126,5,A,,1.814,1.826,0.76,0.704,0.4901,0.445,3,
WDS_Pitch_Pine_P1,40,126,4,B,,2.48,2.482,1.038,0.998,0.4895,0.4672,3,
WDS_Pitch_Pine_P1,40,126,4,A,,1.994,2,0.83,0.796,0.4864,0.4616,3,
WDS_Pitch_Pine_P1,40,126,3,A,,2.83,2.838,1.118,1.064,0.4577,0.4309,3,
WDS_Pitch_Pine_P1,40,126,2,B,,2.718,2.718,1.258,1.156,0.5512,0.4988,3,
WDS_Pitch_Pine_P1,40,126,2,A,,1.752,1.752,0.722,0.678,0.4807,0.4469,3,
WDS_Pitch_Pine_P1,40,126,1,B,,2.852,2.874,1.13,1.09,0.4592,0.4366,3,
WDS_Pitch_Pine_P1,40,126,1,A,,2.362,2.382,0.87,0.826,0.4222,0.3941,3,
WDS_Pitch_Pine_P1,41,126,20,B,,1.732,1.686,0.642,0.588,0.4253,0.3967,3,
WDS_Pitch_Pine_P1,41,126,1,A,,2.168,2.162,0.86,0.818,0.4599,0.4354,3,
WDS_Pitch_Pine_P1,41,126,1,B,,2.776,2.726,1.158,1.102,0.4876,0.4701,3,
WDS_Pitch_Pine_P1,41,126,2,A,,2.252,2.182,0.79,0.752,0.3993,0.3914,3,
WDS_Pitch_Pine_P1,41,126,2,B,,2.752,2.71,1.006,0.956,0.4186,0.4019,3,
WDS_Pitch_Pine_P1,41,126,3,A,,2.754,2.71,1.232,1.172,0.5294,0.5087,3,
WDS_Pitch_Pine_P1,41,126,3,B,,2.114,2.1,0.938,0.874,0.5243,0.4863,3,
WDS_Pitch_Pine_P1,41,126,4,A,,1.62,1.576,0.662,0.612,0.476,0.4487,3,
WDS_Pitch_Pine_P1,41,126,4,B,,2.578,2.538,1.164,1.092,0.5352,0.5056,3,
WDS_Pitch_Pine_P1,41,126,5,A,,2.718,2.698,1.122,1.064,0.4817,0.4568,3,
WDS_Pitch_Pine_P1,41,126,5,B,,2.868,2.85,1.184,1.104,0.4817,0.4474,3,
WDS_Pitch_Pine_P1,41,126,6,A,,2.838,2.762,1.16,1.104,0.4762,0.4639,3,
WDS_Pitch_Pine_P1,41,126,6,B,,2.398,2.376,0.988,0.932,0.4806,0.4539,3,
WDS_Pitch_Pine_P1,41,126,7,A,,2.378,2.324,0.938,0.894,0.4569,0.4438,3,
WDS_Pitch_Pine_P1,41,126,7,B,,2.398,2.402,1.186,0.95,0.5968,0.4583,3,
WDS_Pitch_Pine_P1,41,126,8,A,,2.1,2.03,0.732,0.692,0.3964,0.3865,3,
WDS_Pitch_Pine_P1,41,126,8,B,,2.518,2.518,0.934,0.892,0.4256,0.4038,3,
WDS_Pitch_Pine_P1,41,126,9,A,,1.774,1.76,0.724,0.682,0.4753,0.4476,3,
WDS_Pitch_Pine_P1,41,126,9,B,,2.212,2.148,0.942,0.89,0.4996,0.4838,3,
WDS_Pitch_Pine_P1,41,126,10,A,,1.648,1.612,0.66,0.632,0.465,0.4537,3,
WDS_Pitch_Pine_P1,41,126,10,B,,1.218,1.226,0.466,0.432,0.441,0.4014,3,
WDS_Pitch_Pine_P1,41,126,11,A,,1.952,1.908,0.832,0.77,0.5001,0.4691,3,
WDS_Pitch_Pine_P1,41,126,11,B,,2.342,2.286,0.954,0.91,0.4743,0.4617,3,
WDS_Pitch_Pine_P1,41,126,12,A,,2.818,2.768,0.948,0.88,0.3808,0.3573,3,
WDS_Pitch_Pine_P1,41,126,12,B,,3.738,3.618,1.37,1.26,0.4198,0.396,3,
WDS_Pitch_Pine_P1,41,126,13,A,,1.64,1.588,0.61,0.578,0.427,0.4165,3,
WDS_Pitch_Pine_P1,41,126,13,B,,1.616,1.538,0.604,0.572,0.4294,0.4269,3,
WDS_Pitch_Pine_P1,41,126,14,A,,1.652,1.632,0.636,0.652,0.4442,0.4637,3,
WDS_Pitch_Pine_P1,41,126,14,B,,1.632,1.602,0.65,0.618,0.462,0.4453,3,
WDS_Pitch_Pine_P1,41,126,15,A,,1.84,1.802,0.734,0.686,0.4629,0.4385,3,
WDS_Pitch_Pine_P1,41,126,15,B,,2.352,2.292,0.976,0.922,0.4846,0.4674,3,
WDS_Pitch_Pine_P1,41,126,16,A,,2.02,1.972,0.808,0.746,0.4643,0.4353,3,
WDS_Pitch_Pine_P1,41,126,16,B,,2.22,2.158,0.932,0.872,0.4913,0.4698,3,
WDS_Pitch_Pine_P1,41,126,17,A,,2.272,2.25,0.84,0.778,0.424,0.3928,3,
WDS_Pitch_Pine_P1,41,126,17,B,,2.306,2.326,0.922,0.868,0.4641,0.4286,3,
WDS_Pitch_Pine_P1,41,126,18,A,,2.218,2.148,0.838,0.756,0.4347,0.4008,3,
WDS_Pitch_Pine_P1,41,126,18,B,,2.346,2.238,1.046,0.8,0.5273,0.408,3,
WDS_Pitch_Pine_P1,41,126,19,A,,2.03,2.028,0.816,0.76,0.467,0.4307,3,
WDS_Pitch_Pine_P1,41,126,19,B,,2.03,1.962,0.828,0.78,0.475,0.461,3,
WDS_Pitch_Pine_P1,41,126,20,A,,1.85,1.832,0.69,0.642,0.4283,0.3989,3,
WDS_Pitch_Pine_P1,42,126,20,B,,1.838,1.846,0.748,0.67,0.4738,0.4151,3,
WDS_Pitch_Pine_P1,42,126,20,A,,1.988,1.988,0.762,0.698,0.442,0.3997,3,
WDS_Pitch_Pine_P1,42,126,19,B,,2.408,2.412,1.082,0.946,0.5322,0.4539,3,
WDS_Pitch_Pine_P1,42,126,19,A,,2.206,2.216,0.932,0.88,0.4949,0.4605,3,
WDS_Pitch_Pine_P1,42,126,18,B,,2.2,2.216,0.808,0.772,0.4208,0.3962,3,
WDS_Pitch_Pine_P1,42,126,18,A,,2.166,2.192,0.878,0.802,0.4716,0.419,3,
WDS_Pitch_Pine_P1,42,126,17,B,,1.758,1.754,0.728,0.688,0.4835,0.4539,3,
WDS_Pitch_Pine_P1,42,126,17,A,,1.99,2.008,0.868,0.832,0.5138,0.4838,3,
WDS_Pitch_Pine_P1,42,126,16,B,,1.834,1.852,0.77,0.726,0.4913,0.4536,3,
WDS_Pitch_Pine_P1,42,126,16,A,,1.976,2.022,0.866,0.822,0.5167,0.4732,3,
WDS_Pitch_Pine_P1,42,126,15,B,,2.104,2.112,0.932,0.814,0.5233,0.4448,3,
WDS_Pitch_Pine_P1,42,126,15,A,,2.498,2.498,0.97,0.9,0.4487,0.4117,3,
WDS_Pitch_Pine_P1,42,126,14,B,,1.662,1.688,0.72,0.692,0.5097,0.4778,3,
WDS_Pitch_Pine_P1,42,126,14,A,,1.664,1.688,0.658,0.622,0.4582,0.4224,3,
WDS_Pitch_Pine_P1,42,126,13,B,,1.686,1.688,0.702,0.632,0.4865,0.4302,3,
WDS_Pitch_Pine_P1,42,126,13,A,,1.272,1.276,0.558,0.5,0.5173,0.4534,3,
WDS_Pitch_Pine_P1,42,126,12,B,,3.044,3.048,1.248,1.18,0.4779,0.4471,3,
WDS_Pitch_Pine_P1,42,126,12,A,,2.042,2.044,0.792,0.74,0.4481,0.4139,3,
WDS_Pitch_Pine_P1,42,126,11,B,,1.57,1.57,0.602,0.526,0.4422,0.379,3,
WDS_Pitch_Pine_P1,42,126,1,A,,1.968,1.952,0.75,0.688,0.4391,0.4015,3,
WDS_Pitch_Pine_P1,42,126,11,A,,1.752,1.746,0.798,0.712,0.5408,0.4749,3,
WDS_Pitch_Pine_P1,42,126,10,B,,2.968,2.97,1.234,1.176,0.4857,0.4589,3,
WDS_Pitch_Pine_P1,42,126,10,A,,2.278,2.298,0.93,0.872,0.4755,0.4369,3,
WDS_Pitch_Pine_P1,42,126,9,B,,2.26,2.242,0.932,0.852,0.4811,0.4376,3,
WDS_Pitch_Pine_P1,42,126,9,A,,1.902,1.912,0.778,0.738,0.4766,0.4456,3,
WDS_Pitch_Pine_P1,42,126,8,B,,2.552,2.554,0.942,0.912,0.4232,0.4075,3,
WDS_Pitch_Pine_P1,42,126,8,A,,2.14,2.132,0.738,0.712,0.3916,0.3776,3,
WDS_Pitch_Pine_P1,42,126,7,B,,3.16,3.118,1.872,1.358,0.7454,0.5129,3,
WDS_Pitch_Pine_P1,42,126,7,A,,2.042,2.038,0.872,0.778,0.5012,0.4399,3,
WDS_Pitch_Pine_P1,42,126,6,B,,2.498,2.506,0.982,0.944,0.4551,0.4332,3,
WDS_Pitch_Pine_P1,42,126,6,A,,2.47,2.472,0.92,0.882,0.4276,0.4071,3,
WDS_Pitch_Pine_P1,42,126,5,B,,2.116,2.096,0.954,0.868,0.5343,0.4835,3,
WDS_Pitch_Pine_P1,42,126,5,A,,1.496,1.484,0.642,0.578,0.5041,0.4502,3,
WDS_Pitch_Pine_P1,42,126,4,B,,2.432,2.436,0.988,0.932,0.4728,0.441,3,
WDS_Pitch_Pine_P1,42,126,4,A,,2.58,2.578,1.048,0.988,0.4727,0.4419,3,
WDS_Pitch_Pine_P1,42,126,3,B,,2.054,2.042,0.864,0.734,0.4924,0.4106,3,
WDS_Pitch_Pine_P1,42,126,3,A,,1.704,1.694,0.714,0.596,0.4902,0.4007,3,
WDS_Pitch_Pine_P1,42,126,2,B,,2.796,2.822,1.188,1.136,0.4982,0.4678,3,
WDS_Pitch_Pine_P1,42,126,2,A,,2.45,2.49,0.912,0.868,0.4274,0.3965,3,
WDS_Pitch_Pine_P1,42,126,1,B,,2.066,2.072,0.908,0.796,0.5184,0.4431,3,
WDS_Pitch_Pine_P1,43,126,10,B,,1.552,1.572,0.674,0.64,0.5112,0.474,3,
WDS_Pitch_Pine_P1,43,126,20,A,,1.536,1.56,0.632,0.576,0.4799,0.4234,3,
WDS_Pitch_Pine_P1,43,126,19,B,,1.306,1.316,0.542,0.512,0.4847,0.4497,3,
WDS_Pitch_Pine_P1,43,126,19,A,,1.302,1.316,0.566,0.52,0.5118,0.4578,3,
WDS_Pitch_Pine_P1,43,126,18,B,,2.1,2.114,0.816,0.732,0.449,0.3935,3,
WDS_Pitch_Pine_P1,43,126,18,A,,1.806,1.82,0.652,0.612,0.4126,0.3806,3,
WDS_Pitch_Pine_P1,43,126,17,B,,1.8,1.808,0.738,0.7,0.4779,0.4471,3,
WDS_Pitch_Pine_P1,43,126,17,A,,1.34,1.35,0.508,0.488,0.4364,0.4132,3,
WDS_Pitch_Pine_P1,43,126,16,B,,1.952,1.972,0.808,0.752,0.4832,0.4394,3,
WDS_Pitch_Pine_P1,43,126,16,A,,1.648,1.664,0.674,0.626,0.4765,0.4326,3,
WDS_Pitch_Pine_P1,43,126,15,B,,1.568,1.562,0.678,0.646,0.5086,0.4827,3,
WDS_Pitch_Pine_P1,43,126,15,A,,1.514,1.514,0.622,0.592,0.479,0.4523,3,
WDS_Pitch_Pine_P1,43,126,14,B,,1.402,1.312,0.54,0.49,0.4445,0.429,3,
WDS_Pitch_Pine_P1,43,126,14,A,,1.894,1.992,0.782,0.772,0.4818,0.4476,3,
WDS_Pitch_Pine_P1,43,126,13,B,,2.418,2.398,1.08,1.004,0.5284,0.4897,3,
WDS_Pitch_Pine_P1,43,126,13,A,,1.942,1.932,0.948,0.772,0.5875,0.4638,3,
WDS_Pitch_Pine_P1,43,126,12,B,,1.236,1.252,0.568,0.55,0.5466,0.5181,3,
WDS_Pitch_Pine_P1,43,126,12,A,,1.138,1.146,0.5,0.478,0.5182,0.4875,3,
WDS_Pitch_Pine_P1,43,126,11,B,,1.474,1.492,0.69,0.664,0.5587,0.5262,3,
WDS_Pitch_Pine_P1,43,126,11,A,,1.33,1.342,0.582,0.548,0.5158,0.4756,3,
WDS_Pitch_Pine_P1,43,126,20,B,,1.788,1.776,1.028,0.78,0.7179,0.518,3,
WDS_Pitch_Pine_P1,43,126,10,A,,1.23,1.242,0.514,0.482,0.4886,0.4484,3,
WDS_Pitch_Pine_P1,43,126,9,B,,1.35,1.372,0.518,0.502,0.4425,0.419,3,
WDS_Pitch_Pine_P1,43,126,9,A,,1.338,1.364,0.542,0.524,0.4712,0.4431,3,
WDS_Pitch_Pine_P1,43,126,8,B,,1.886,1.902,0.742,0.718,0.4555,0.4343,3,
WDS_Pitch_Pine_P1,43,126,8,A,,1.264,1.272,0.498,0.478,0.4563,0.432,3,
WDS_Pitch_Pine_P1,43,126,7,B,,2.028,2.652,1.052,1.012,0.6324,0.4397,3,
WDS_Pitch_Pine_P1,43,126,7,A,,2.158,2.174,0.846,0.81,0.4536,0.4278,3,
WDS_Pitch_Pine_P1,43,126,6,B,,1.892,1.884,0.842,0.75,0.5261,0.4618,3,
WDS_Pitch_Pine_P1,43,126,1,A,,1.136,1.136,0.438,0.412,0.445,0.4148,3,
WDS_Pitch_Pine_P1,43,126,6,A,,1.2,1.19,0.498,0.432,0.4847,0.4152,3,
WDS_Pitch_Pine_P1,43,126,5,B,,2.694,2.69,1.088,1.04,0.4696,0.4464,3,
WDS_Pitch_Pine_P1,43,126,5,A,,2.068,2.084,0.816,0.768,0.4571,0.4225,3,
WDS_Pitch_Pine_P1,43,126,4,B,,1.51,1.522,0.652,0.634,0.5077,0.4868,3,
WDS_Pitch_Pine_P1,43,126,4,A,,1.262,1.268,0.534,0.514,0.4958,0.4716,3,
WDS_Pitch_Pine_P1,43,126,3,B,,1.666,1.676,0.718,0.672,0.5066,0.4656,3,
WDS_Pitch_Pine_P1,43,126,3,A,,1.848,1.862,0.842,0.79,0.541,0.4974,3,
WDS_Pitch_Pine_P1,43,126,2,B,,1.788,1.798,0.8,0.75,0.5295,0.4876,3,
WDS_Pitch_Pine_P1,43,126,2,A,,1.042,1.036,0.426,0.4,0.4763,0.4457,3,
WDS_Pitch_Pine_P1,43,126,1,B,,1.64,1.64,0.646,0.622,0.4561,0.4366,3,
WDS_Pitch_Pine_P1,44,126,20,B,,3.096,3.102,1.144,1.096,0.4237,0.4026,3,
WDS_Pitch_Pine_P1,44,126,20,A,,2.312,2.324,0.9,0.862,0.4499,0.4256,3,
WDS_Pitch_Pine_P1,44,126,19,B,,1.93,1.924,0.89,0.756,0.5488,0.4548,3,
WDS_Pitch_Pine_P1,44,126,19,A,,1.55,1.552,0.684,0.58,0.5209,0.4293,3,
WDS_Pitch_Pine_P1,44,126,18,B,,2.656,2.668,1.234,0.958,0.5537,0.4101,3,
WDS_Pitch_Pine_P1,44,126,18,A,,2.746,2.76,1.086,1.022,0.4583,0.4248,3,
WDS_Pitch_Pine_P1,44,126,17,B,,3.444,3.464,1.466,1.4,0.4993,0.47,3,
WDS_Pitch_Pine_P1,44,126,17,A,,3.07,3.084,1.258,1.184,0.4776,0.4428,3,
WDS_Pitch_Pine_P1,44,126,16,B,,4,4.054,1.778,1.686,0.5254,0.4859,3,
WDS_Pitch_Pine_P1,44,126,16,A,,2.748,2.75,1.084,0.996,0.4569,0.4141,3,
WDS_Pitch_Pine_P1,44,126,15,B,,4.422,4.448,1.942,1.704,0.518,0.4417,3,
WDS_Pitch_Pine_P1,44,126,15,A,,2.286,2.296,0.948,0.84,0.4843,0.4189,3,
WDS_Pitch_Pine_P1,44,126,14,B,,3.518,3.442,1.576,1.242,0.5303,0.4124,3,
WDS_Pitch_Pine_P1,44,126,14,A,,3.442,3.44,1.464,1.334,0.4988,0.448,3,
WDS_Pitch_Pine_P1,44,126,13,B,,1.272,1.274,0.486,0.462,0.4404,0.4147,3,
WDS_Pitch_Pine_P1,44,126,13,A,,1.772,1.778,0.816,0.778,0.5479,0.5157,3,
WDS_Pitch_Pine_P1,44,126,12,B,,2.934,2.932,1.058,1,0.4121,0.3868,3,
WDS_Pitch_Pine_P1,44,126,12,A,,3.17,3.176,1.182,1.12,0.4282,0.4017,3,
WDS_Pitch_Pine_P1,44,126,11,B,,3.078,3.072,1.318,1.14,0.5028,0.4258,3,
WDS_Pitch_Pine_P1,44,126,11,A,,3.396,3.38,1.472,1.226,0.51,0.4148,3,
WDS_Pitch_Pine_P1,44,126,10,B,,1.142,1.14,0.452,0.426,0.4587,0.4292,3,
WDS_Pitch_Pine_P1,44,126,10,A,,1.694,1.702,0.732,0.698,0.5082,0.478,3,
WDS_Pitch_Pine_P1,44,126,9,B,,1.8,1.8,0.788,0.756,0.516,0.4915,3,
WDS_Pitch_Pine_P1,44,126,9,A,,1.876,1.876,0.832,0.798,0.524,0.4989,3,
WDS_Pitch_Pine_P1,44,126,8,B,,2.3,2.296,0.932,0.882,0.4714,0.4431,3,
WDS_Pitch_Pine_P1,44,126,8,A,,2.842,2.838,1.192,1.128,0.4907,0.4609,3,
WDS_Pitch_Pine_P1,44,126,7,B,,3.696,3.688,1.432,1.312,0.4475,0.4058,3,
WDS_Pitch_Pine_P1,44,126,7,A,,3.68,3.672,1.402,1.308,0.4389,0.4063,3,
WDS_Pitch_Pine_P1,44,126,6,B,,3.152,3.14,1.314,1.246,0.4872,0.4601,3,
WDS_Pitch_Pine_P1,44,126,6,A,,2.768,2.76,1.2,1.134,0.5101,0.4791,3,
WDS_Pitch_Pine_P1,44,126,5,B,,2.496,2.484,1.068,1.016,0.5023,0.4765,3,
WDS_Pitch_Pine_P1,44,126,5,A,,1.56,1.532,0.596,0.556,0.4403,0.4151,3,
WDS_Pitch_Pine_P1,44,126,4,B,,2.27,2.246,0.934,0.88,0.4798,0.4533,3,
WDS_Pitch_Pine_P1,44,126,4,A,,2.53,2.51,1.018,0.936,0.4675,0.4282,3,
WDS_Pitch_Pine_P1,44,126,3,B,,3.71,3.69,1.744,1.418,0.5615,0.4433,3,
WDS_Pitch_Pine_P1,44,126,3,A,,3.944,3.936,1.792,1.432,0.5392,0.4163,3,
WDS_Pitch_Pine_P1,44,126,2,B,,3.716,3.744,1.582,1.51,0.4994,0.4688,3,
WDS_Pitch_Pine_P1,44,126,2,A,,3.366,3.382,1.44,1.338,0.5022,0.4585,3,
WDS_Pitch_Pine_P1,44,126,1,B,,3.354,3.38,1.208,1.15,0.4115,0.3857,3,
WDS_Pitch_Pine_P1,44,126,1,A,,3.242,3.254,1.108,1.048,0.3877,0.3625,3,
WDS_Pitch_Pine_P1,45,126,11,A,,2.356,2.382,0.958,0.902,0.4733,0.4358,3,
WDS_Pitch_Pine_P1,45,126,1,A,,2.488,2.508,1.072,1.04,0.5065,0.4842,3,
WDS_Pitch_Pine_P1,45,126,1,B,,1.982,1.998,0.834,0.806,0.4926,0.4689,3,
WDS_Pitch_Pine_P1,45,126,2,A,,2.722,2.692,1.242,1.036,0.5419,0.444,3,
WDS_Pitch_Pine_P1,45,126,2,B,,3.54,3.518,1.538,1.408,0.5114,0.4646,3,
WDS_Pitch_Pine_P1,45,126,3,A,,2.544,2.558,1.148,1.078,0.5349,0.4935,3,
WDS_Pitch_Pine_P1,45,126,3,B,,2.622,2.644,1.2,1.14,0.5439,0.5069,3,
WDS_Pitch_Pine_P1,45,126,4,A,,2.706,2.722,1.148,1.1,0.4973,0.4699,3,
WDS_Pitch_Pine_P1,45,126,4,B,,2.382,2.402,1.004,0.972,0.4936,0.4706,3,
WDS_Pitch_Pine_P1,45,126,5,A,,2.854,2.878,1.38,1.302,0.5808,0.5365,3,
WDS_Pitch_Pine_P1,45,126,5,B,,3.072,3.06,1.554,1.3,0.6133,0.4981,3,
WDS_Pitch_Pine_P1,45,126,6,A,,1.882,1.888,0.738,0.7,0.4538,0.4254,3,
WDS_Pitch_Pine_P1,45,126,6,B,,1.992,2,0.856,0.808,0.5049,0.4697,3,
WDS_Pitch_Pine_P1,45,126,7,A,,2.746,2.762,1.218,1.16,0.5241,0.4915,3,
WDS_Pitch_Pine_P1,45,126,7,B,,1.748,1.752,0.726,0.682,0.4851,0.4499,3,
WDS_Pitch_Pine_P1,45,126,8,A,,3.042,3.054,1.408,1.362,0.5512,0.5275,3,
WDS_Pitch_Pine_P1,45,126,8,B,,1.836,1.846,0.818,0.758,0.5268,0.4787,3,
WDS_Pitch_Pine_P1,45,126,9,A,,1.484,1.488,0.576,0.538,0.4484,0.4133,3,
WDS_Pitch_Pine_P1,45,126,9,B,,2.538,2.548,1.114,1.034,0.5176,0.4722,3,
WDS_Pitch_Pine_P1,45,126,10,A,,1.672,1.694,0.734,0.694,0.5177,0.4774,3,
WDS_Pitch_Pine_P1,45,126,10,B,,1.766,1.782,0.796,0.758,0.5341,0.4989,3,
WDS_Pitch_Pine_P1,45,126,11,B,,3.186,3.216,1.432,1.362,0.5324,0.4963,3,
WDS_Pitch_Pine_P1,45,126,12,A,,2.42,2.408,1.026,0.876,0.497,0.4162,3,
WDS_Pitch_Pine_P1,45,126,12,B,,3.092,3.092,1.294,1.162,0.4895,0.4321,3,
WDS_Pitch_Pine_P1,45,126,13,A,,2.304,2.314,0.992,0.95,0.506,0.4786,3,
WDS_Pitch_Pine_P1,45,126,13,B,,2.148,2.152,0.936,0.87,0.5132,0.4701,3,
WDS_Pitch_Pine_P1,45,126,14,A,,2.312,2.316,1,0.936,0.5088,0.4699,3,
WDS_Pitch_Pine_P1,45,126,14,B,,1.9,1.914,0.772,0.728,0.4729,0.4381,3,
WDS_Pitch_Pine_P1,45,126,15,A,,2.352,2.368,1.054,1.002,0.5305,0.4958,3,
WDS_Pitch_Pine_P1,45,126,15,B,,2.362,2.372,1.03,0.982,0.5137,0.4833,3,
WDS_Pitch_Pine_P1,45,126,16,A,,1.702,1.718,0.788,0.768,0.5514,0.5289,3,
WDS_Pitch_Pine_P1,45,126,16,B,,2.18,2.186,1.064,0.98,0.5874,0.5307,3,
WDS_Pitch_Pine_P1,45,126,17,A,,3.224,3.246,1.428,1.378,0.5232,0.4977,3,
WDS_Pitch_Pine_P1,45,126,17,B,,2.578,2.614,1.148,1.108,0.5265,0.4968,3,
WDS_Pitch_Pine_P1,45,126,18,A,,2.296,2.308,1.008,0.962,0.5178,0.4871,3,
WDS_Pitch_Pine_P1,45,126,18,B,,2.364,2.362,1.14,0.992,0.5789,0.4915,3,
WDS_Pitch_Pine_P1,45,126,19,A,,2.082,2.1,0.876,0.822,0.4925,0.4528,3,
WDS_Pitch_Pine_P1,45,126,19,B,,2.256,2.276,0.922,0.872,0.4761,0.4418,3,
WDS_Pitch_Pine_P1,45,126,20,A,,2.284,2.298,1.01,0.972,0.5222,0.4956,3,
WDS_Pitch_Pine_P1,45,126,20,B,,2.118,2.106,0.918,0.88,0.51,0.4886,3,
WDS_Pitch_Pine_P1,46,126,10,B,,2.716,2.7,1.318,1.186,0.5833,0.5181,3,
WDS_Pitch_Pine_P1,46,126,1,A,,2.498,2.48,0.984,0.908,0.4562,0.4193,3,
WDS_Pitch_Pine_P1,46,126,1,B,,2.628,2.618,1.098,1.066,0.4885,0.474,3,
WDS_Pitch_Pine_P1,46,126,2,A,,1.262,1.258,0.522,0.478,0.4828,0.4376,3,
WDS_Pitch_Pine_P1,46,126,2,B,,1.456,1.452,0.544,0.516,0.4292,0.4053,3,
WDS_Pitch_Pine_P1,46,126,3,A,,2.608,2.602,1.122,1.084,0.5056,0.4869,3,
WDS_Pitch_Pine_P1,46,126,3,B,,2.602,2.6,1.056,1.01,0.4722,0.4489,3,
WDS_Pitch_Pine_P1,46,126,4,A,,1.88,1.9,0.758,0.728,0.4686,0.4418,3,
WDS_Pitch_Pine_P1,46,126,4,B,,2.058,2.066,0.894,0.866,0.5113,0.4904,3,
WDS_Pitch_Pine_P1,46,126,5,A,,2.502,2.488,1.13,0.998,0.5354,0.4659,3,
WDS_Pitch_Pine_P1,46,126,5,B,,2.658,2.656,1.252,1.032,0.5629,0.449,3,
WDS_Pitch_Pine_P1,46,126,6,A,,1.54,1.542,0.67,0.642,0.5123,0.4865,3,
WDS_Pitch_Pine_P1,46,126,6,B,,1.748,1.744,0.794,0.762,0.5391,0.5149,3,
WDS_Pitch_Pine_P1,46,126,7,A,,1.59,1.594,0.676,0.656,0.4986,0.48,3,
WDS_Pitch_Pine_P1,46,126,7,B,,1.858,1.874,0.846,0.828,0.5406,0.5217,3,
WDS_Pitch_Pine_P1,46,126,8,A,,1.662,1.674,0.726,0.692,0.5147,0.4825,3,
WDS_Pitch_Pine_P1,46,126,8,B,,1.878,1.888,0.838,0.806,0.5278,0.501,3,
WDS_Pitch_Pine_P1,46,126,9,A,,1.132,1.15,0.48,0.464,0.497,0.469,3,
WDS_Pitch_Pine_P1,46,126,9,B,,1.822,1.868,0.812,0.786,0.527,0.4926,3,
WDS_Pitch_Pine_P1,46,126,10,A,,2.298,2.308,1.108,1.066,0.5788,0.5498,3,
WDS_Pitch_Pine_P1,46,126,11,A,,1.632,1.642,0.692,0.67,0.497,0.4752,3,
WDS_Pitch_Pine_P1,46,126,11,B,,2.068,2.074,0.912,0.882,0.5205,0.4987,3,
WDS_Pitch_Pine_P1,46,126,12,A,,2.438,2.43,1.016,0.966,0.487,0.461,3,
WDS_Pitch_Pine_P1,46,126,12,B,,2.808,2.794,1.224,1.17,0.5134,0.4898,3,
WDS_Pitch_Pine_P1,46,126,13,A,,1.332,1.328,0.536,0.52,0.4676,0.453,3,
WDS_Pitch_Pine_P1,46,126,13,B,,1.632,1.638,0.674,0.652,0.4819,0.4617,3,
WDS_Pitch_Pine_P1,46,126,14,A,,1.188,1.192,0.568,0.53,0.573,0.5256,3,
WDS_Pitch_Pine_P1,46,126,14,B,,1.516,1.518,0.724,0.688,0.5722,0.5376,3,
WDS_Pitch_Pine_P1,46,126,15,A,,1.542,1.554,0.582,0.558,0.4342,0.4101,3,
WDS_Pitch_Pine_P1,46,126,15,B,,1.542,1.548,0.63,0.604,0.4759,0.4512,3,
WDS_Pitch_Pine_P1,46,126,16,A,,1.726,1.712,0.728,0.658,0.494,0.4434,3,
WDS_Pitch_Pine_P1,46,126,16,B,,2.142,2.122,0.892,0.85,0.4866,0.4651,3,
WDS_Pitch_Pine_P1,46,126,17,A,,3.312,3.328,1.302,1.242,0.4551,0.4286,3,
WDS_Pitch_Pine_P1,46,126,17,B,,3.644,3.634,1.482,1.41,0.4734,0.4482,3,
WDS_Pitch_Pine_P1,46,126,18,A,,0.818,0.834,0.38,0.368,0.5536,0.5209,3,
WDS_Pitch_Pine_P1,46,126,18,B,,1.134,1.15,0.528,0.502,0.5551,0.5143,3,
WDS_Pitch_Pine_P1,46,126,19,A,,1.148,1.17,0.48,0.462,0.4889,0.4574,3,
WDS_Pitch_Pine_P1,46,126,19,B,,1.2,1.222,0.482,0.466,0.4666,0.4394,3,
WDS_Pitch_Pine_P1,46,126,20,A,,1.334,1.352,0.52,0.502,0.4507,0.4261,3,
WDS_Pitch_Pine_P1,46,126,20,B,,1.19,1.204,0.454,0.44,0.4396,0.4184,3,
WDS_Pitch_Pine_P1,47,126,20,A,,1.556,1.568,0.682,0.626,0.5168,0.4633,3,
WDS_Pitch_Pine_P1,47,126,1,A,,1.716,1.732,0.734,0.702,0.5021,0.4715,3,
WDS_Pitch_Pine_P1,47,126,1,B,,1.752,1.768,0.766,0.742,0.5153,0.4911,3,
WDS_Pitch_Pine_P1,47,126,2,A,,2.464,2.48,1.014,0.928,0.4799,0.4299,3,
WDS_Pitch_Pine_P1,47,126,2,B,,3.336,3.338,1.48,1.306,0.5242,0.4526,3,
WDS_Pitch_Pine_P1,47,126,3,A,,2.142,2.146,0.946,0.762,0.5214,0.4049,3,
WDS_Pitch_Pine_P1,47,126,3,B,,3.508,3.512,1.492,1.37,0.4988,0.451,3,
WDS_Pitch_Pine_P1,47,126,4,A,,2.126,2.132,0.924,0.858,0.5117,0.4676,3,
WDS_Pitch_Pine_P1,47,126,4,B,,2.184,2.196,0.908,0.854,0.4857,0.4494,3,
WDS_Pitch_Pine_P1,47,126,5,A,,2.702,2.718,1.098,0.998,0.4729,0.4207,3,
WDS_Pitch_Pine_P1,47,126,5,B,,3.442,3.45,1.398,1.338,0.4727,0.448,3,
WDS_Pitch_Pine_P1,47,126,6,A,,1.322,1.332,0.546,0.52,0.482,0.4514,3,
WDS_Pitch_Pine_P1,47,126,6,B,,1.838,1.852,0.796,0.746,0.5095,0.4681,3,
WDS_Pitch_Pine_P1,47,126,7,A,,1.208,1.218,0.502,0.484,0.4854,0.4608,3,
WDS_Pitch_Pine_P1,47,126,7,B,,1.33,1.346,0.532,0.508,0.4643,0.4342,3,
WDS_Pitch_Pine_P1,47,126,8,A,,1.066,1.078,0.46,0.448,0.5074,0.4855,3,
WDS_Pitch_Pine_P1,47,126,8,B,,1.448,1.458,0.638,0.616,0.52,0.4949,3,
WDS_Pitch_Pine_P1,47,126,9,A,,2.202,2.204,1.03,0.866,0.5582,0.4548,3,
WDS_Pitch_Pine_P1,47,126,9,B,,2.452,2.426,1.258,0.988,0.6239,0.4741,3,
WDS_Pitch_Pine_P1,47,126,10,A,,1.172,1.182,0.518,0.498,0.5219,0.4933,3,
WDS_Pitch_Pine_P1,47,126,20,B,,1.892,1.904,0.878,0.806,0.5529,0.4961,3,
WDS_Pitch_Pine_P1,47,126,10,B,,1.348,1.362,0.632,0.602,0.5598,0.5219,3,
WDS_Pitch_Pine_P1,47,126,11,A,,2.014,2.018,0.948,0.848,0.5624,0.4918,3,
WDS_Pitch_Pine_P1,47,126,11,B,,2.668,2.676,1.198,1.108,0.5317,0.4834,3,
WDS_Pitch_Pine_P1,47,126,12,A,,2.698,2.706,1.162,1.092,0.5062,0.4691,3,
WDS_Pitch_Pine_P1,47,126,12,B,,2.562,2.55,1.218,1,0.5691,0.4538,3,
WDS_Pitch_Pine_P1,47,126,13,A,,1.602,1.602,0.778,0.658,0.5839,0.4789,3,
WDS_Pitch_Pine_P1,47,126,13,B,,1.728,1.73,0.848,0.736,0.5913,0.499,3,
WDS_Pitch_Pine_P1,47,126,14,A,,1.532,1.54,0.65,0.62,0.4974,0.4678,3,
WDS_Pitch_Pine_P1,47,126,14,B,,1.468,1.48,0.616,0.586,0.491,0.4589,3,
WDS_Pitch_Pine_P1,47,126,15,A,,2.466,2.478,0.958,0.892,0.4489,0.4112,3,
WDS_Pitch_Pine_P1,47,126,15,B,,2.742,2.752,1.122,1.062,0.4768,0.4454,3,
WDS_Pitch_Pine_P1,47,126,16,A,,2.55,2.568,1.036,0.994,0.4728,0.447,3,
WDS_Pitch_Pine_P1,47,126,16,B,,2.598,2.59,1.044,0.998,0.4668,0.4447,3,
WDS_Pitch_Pine_P1,47,126,17,A,,1.132,1.142,0.49,0.462,0.5092,0.4705,3,
WDS_Pitch_Pine_P1,47,126,17,B,,1.228,1.234,0.53,0.494,0.5075,0.4648,3,
WDS_Pitch_Pine_P1,47,126,18,A,,1.672,1.672,0.702,0.664,0.4913,0.4605,3,
WDS_Pitch_Pine_P1,47,126,18,B,,1.552,1.562,0.636,0.602,0.4776,0.4448,3,
WDS_Pitch_Pine_P1,47,126,19,A,,1.204,1.218,0.468,0.45,0.4492,0.4237,3,
WDS_Pitch_Pine_P1,47,126,19,B,,1.908,1.922,0.796,0.764,0.4877,0.461,3,
WDS_Pitch_Pine_P1,48,126,5,B,,2.758,2.736,1.158,1.02,0.4913,0.4281,3,
WDS_Pitch_Pine_P1,48,126,20,B,,2.77,2.782,1.102,1.05,0.4614,0.4342,3,
WDS_Pitch_Pine_P1,48,126,20,A,,1.824,1.854,0.72,0.682,0.4573,0.4216,3,
WDS_Pitch_Pine_P1,48,126,19,B,,2.474,2.492,0.968,0.932,0.4526,0.4297,3,
WDS_Pitch_Pine_P1,48,126,19,A,,2.37,2.402,0.912,0.876,0.444,0.4174,3,
WDS_Pitch_Pine_P1,48,126,18,B,,2.522,2.518,1.2,1.012,0.5697,0.4669,3,
WDS_Pitch_Pine_P1,48,126,18,A,,2.556,2.558,1.222,1.09,0.573,0.4999,3,
WDS_Pitch_Pine_P1,48,126,17,B,,2.552,2.578,1.018,0.962,0.4629,0.4286,3,
WDS_Pitch_Pine_P1,48,126,17,A,,1.974,1.992,0.712,0.666,0.4122,0.3781,3,
WDS_Pitch_Pine_P1,48,126,16,B,,2.47,2.472,1.002,0.902,0.472,0.4177,3,
WDS_Pitch_Pine_P1,48,126,16,A,,2.18,2.392,0.964,0.882,0.5222,0.4227,3,
WDS_Pitch_Pine_P1,48,126,15,B,,2.706,2.718,1.152,1.048,0.4994,0.445,3,
WDS_Pitch_Pine_P1,48,126,15,A,,2.226,2.24,0.846,0.742,0.4377,0.3742,3,
WDS_Pitch_Pine_P1,48,126,14,B,,3.616,3.624,1.408,1.328,0.4501,0.4197,3,
WDS_Pitch_Pine_P1,48,126,14,A,,3.122,3.134,1.248,1.166,0.464,0.4271,3,
WDS_Pitch_Pine_P1,48,126,13,B,,1.678,1.688,0.722,0.664,0.5056,0.4554,3,
WDS_Pitch_Pine_P1,48,126,13,A,,1.392,1.398,0.582,0.554,0.4889,0.4593,3,
WDS_Pitch_Pine_P1,48,126,12,B,,2.148,2.114,1,0.8,0.5551,0.4355,3,
WDS_Pitch_Pine_P1,48,126,12,A,,1.968,1.964,0.908,0.762,0.5492,0.4482,3,
WDS_Pitch_Pine_P1,48,126,11,B,,1.928,1.932,0.84,0.778,0.5131,0.468,3,
WDS_Pitch_Pine_P1,48,126,11,A,,1.482,1.488,0.622,0.578,0.4911,0.4488,3,
WDS_Pitch_Pine_P1,48,126,10,B,,1.93,1.92,0.728,0.662,0.4339,0.3916,3,
WDS_Pitch_Pine_P1,48,126,10,A,,1.766,1.768,0.702,0.63,0.461,0.4065,3,
WDS_Pitch_Pine_P1,48,126,9,B,,3.092,3.044,1.396,1.102,0.5352,0.4139,3,
WDS_Pitch_Pine_P1,48,126,9,A,,2.88,2.862,1.33,1.058,0.5498,0.424,3,
WDS_Pitch_Pine_P1,48,126,8,B,,1.89,1.892,0.828,0.772,0.5165,0.4752,3,
WDS_Pitch_Pine_P1,48,126,8,A,,1.726,1.742,0.722,0.692,0.4892,0.4606,3,
WDS_Pitch_Pine_P1,48,126,7,B,,2.528,2.522,1.15,1.018,0.54,0.4693,3,
WDS_Pitch_Pine_P1,48,126,7,A,,2.632,2.648,1.112,1.052,0.4949,0.4607,3,
WDS_Pitch_Pine_P1,48,126,6,B,,2.742,2.74,1.292,1.142,0.5631,0.4871,3,
WDS_Pitch_Pine_P1,48,126,6,A,,1.854,1.848,0.802,0.736,0.5088,0.462,3,
WDS_Pitch_Pine_P1,48,126,5,A,,2.99,2.996,1.15,1.114,0.4437,0.4268,3,
WDS_Pitch_Pine_P1,48,126,4,B,,1.716,1.732,0.756,0.726,0.5199,0.4904,3,
WDS_Pitch_Pine_P1,48,126,4,A,,1.454,1.466,0.614,0.592,0.4946,0.4695,3,
WDS_Pitch_Pine_P1,48,126,3,B,,3.164,3.114,1.432,1.222,0.5367,0.4542,3,
WDS_Pitch_Pine_P1,48,126,3,A,,2.342,2.31,0.962,0.82,0.4789,0.4047,3,
WDS_Pitch_Pine_P1,48,126,2,B,,2.33,2.314,0.89,0.828,0.4402,0.4084,3,
WDS_Pitch_Pine_P1,48,126,2,A,,2.422,2.404,1.12,0.858,0.5506,0.4073,3,
WDS_Pitch_Pine_P1,48,126,1,B,,3.782,3.712,1.586,1.412,0.4906,0.4381,3,
WDS_Pitch_Pine_P1,48,126,1,A,,3.15,3.138,1.368,1.122,0.5112,0.4081,3,
WDS_Pitch_Pine_P1,49,126,20,B,,2.094,2.124,0.834,0.79,0.462,0.4269,3,
WDS_Pitch_Pine_P1,49,126,1,A,,1.524,1.52,0.572,0.522,0.4314,0.3898,3,
WDS_Pitch_Pine_P1,49,126,1,B,,1.532,1.548,0.594,0.542,0.4479,0.3985,3,
WDS_Pitch_Pine_P1,49,126,2,A,,1.492,1.514,0.606,0.556,0.4727,0.4208,3,
WDS_Pitch_Pine_P1,49,126,2,B,,1.868,1.898,0.758,0.716,0.4721,0.4339,3,
WDS_Pitch_Pine_P1,49,126,3,A,,1.618,1.632,0.62,0.568,0.4418,0.3958,3,
WDS_Pitch_Pine_P1,49,126,3,B,,2.332,2.35,0.902,0.848,0.4466,0.4124,3,
WDS_Pitch_Pine_P1,49,126,4,A,,1.108,1.13,0.45,0.422,0.4726,0.4289,3,
WDS_Pitch_Pine_P1,49,126,4,B,,1.162,1.18,0.494,0.46,0.4985,0.4507,3,
WDS_Pitch_Pine_P1,49,126,5,A,,1.816,1.838,0.736,0.672,0.4715,0.4186,3,
WDS_Pitch_Pine_P1,49,126,5,B,,2.004,2.04,0.836,0.73,0.4876,0.4085,3,
WDS_Pitch_Pine_P1,49,126,6,A,,1.138,1.164,0.402,0.384,0.4025,0.3725,3,
WDS_Pitch_Pine_P1,49,126,6,B,,1.214,1.232,0.438,0.416,0.4123,0.3824,3,
WDS_Pitch_Pine_P1,49,126,7,A,,1.318,1.35,0.516,0.488,0.4529,0.4132,3,
WDS_Pitch_Pine_P1,49,126,7,B,,1.702,1.738,0.678,0.642,0.4621,0.4236,3,
WDS_Pitch_Pine_P1,49,126,8,A,,2.008,2.052,0.792,0.748,0.4568,0.4172,3,
WDS_Pitch_Pine_P1,49,126,8,B,,1.702,1.732,0.618,0.572,0.4153,0.3729,3,
WDS_Pitch_Pine_P1,49,126,9,A,,0.964,0.996,0.348,0.334,0.4126,0.3794,3,
WDS_Pitch_Pine_P1,49,126,9,B,,1.462,1.5,0.556,0.532,0.438,0.4043,3,
WDS_Pitch_Pine_P1,49,126,10,A,,1.398,1.428,0.552,0.506,0.4574,0.4039,3,
WDS_Pitch_Pine_P1,49,126,10,B,,2.274,2.308,0.942,0.886,0.4837,0.4428,3,
WDS_Pitch_Pine_P1,49,126,11,A,,1.382,1.422,0.546,0.518,0.4577,0.4169,3,
WDS_Pitch_Pine_P1,49,126,11,B,,1.672,1.712,0.68,0.652,0.4734,0.4387,3,
WDS_Pitch_Pine_P1,49,126,12,A,,1.154,1.182,0.432,0.404,0.4301,0.3877,3,
WDS_Pitch_Pine_P1,49,126,12,B,,1.388,1.412,0.528,0.496,0.4381,0.3999,3,
WDS_Pitch_Pine_P1,49,126,13,A,,0.918,0.942,0.322,0.306,0.3993,0.366,3,
WDS_Pitch_Pine_P1,49,126,13,B,,1.174,1.202,0.442,0.42,0.433,0.3975,3,
WDS_Pitch_Pine_P1,49,126,14,A,,1.192,1.218,0.448,0.426,0.4321,0.398,3,
WDS_Pitch_Pine_P1,49,126,14,B,,1.26,1.288,0.472,0.448,0.4305,0.3955,3,
WDS_Pitch_Pine_P1,49,126,15,A,,2.382,2.352,1.168,0.808,0.5907,0.3899,3,
WDS_Pitch_Pine_P1,49,126,15,B,,1.74,1.75,0.86,0.578,0.5964,0.373,3,
WDS_Pitch_Pine_P1,49,126,16,A,,2.756,2.804,1.042,1.002,0.4351,0.4078,3,
WDS_Pitch_Pine_P1,49,126,16,B,,3.484,3.522,1.406,1.334,0.4691,0.436,3,
WDS_Pitch_Pine_P1,49,126,17,A,,1.658,1.688,0.68,0.634,0.4781,0.4318,3,
WDS_Pitch_Pine_P1,49,126,17,B,,2.282,2.318,1.02,0.968,0.5289,0.4882,3,
WDS_Pitch_Pine_P1,49,126,18,A,,2.046,2.072,0.762,0.728,0.4276,0.4,3,
WDS_Pitch_Pine_P1,49,126,18,B,,2.342,2.378,0.87,0.826,0.4263,0.3949,3,
WDS_Pitch_Pine_P1,49,126,19,A,,1.356,1.368,0.508,0.482,0.4305,0.4013,3,
WDS_Pitch_Pine_P1,49,126,19,B,,1.606,1.64,0.632,0.602,0.4556,0.4205,3,
WDS_Pitch_Pine_P1,49,126,20,A,,1.558,1.574,0.606,0.576,0.4495,0.4191,3,
WDS_Pitch_Pine_P1,5,126,20,B,,1.928,1.93,0.706,0.664,0.4194,0.3906,3,
WDS_Pitch_Pine_P1,5,126,1,B,,3.338,3.344,1.38,1.162,0.4825,0.395,3,
WDS_Pitch_Pine_P1,5,126,2,A,,3.462,3.472,1.31,1.242,0.4355,0.4083,3,
WDS_Pitch_Pine_P1,5,126,2,B,,3.03,3.046,1.008,0.932,0.376,0.3423,3,
WDS_Pitch_Pine_P1,5,126,3,A,,0.85,0.87,0.336,0.302,0.458,0.3946,3,
WDS_Pitch_Pine_P1,5,126,3,B,,1.4,1.392,0.56,0.542,0.4643,0.4501,3,
WDS_Pitch_Pine_P1,5,126,4,A,,1.79,1.834,0.722,0.64,0.4689,0.3969,3,
WDS_Pitch_Pine_P1,5,126,4,B,,1.472,1.47,0.662,0.522,0.5327,0.4049,3,
WDS_Pitch_Pine_P1,5,126,5,A,,3.692,3.74,1.518,1.402,0.4794,0.4308,3,
WDS_Pitch_Pine_P1,5,126,5,B,,3.2,3.322,1.22,1.112,0.4393,0.3786,3,
WDS_Pitch_Pine_P1,5,126,6,A,,2.328,2.38,0.882,0.84,0.4361,0.4021,3,
WDS_Pitch_Pine_P1,5,126,6,B,,2.568,2.57,0.942,0.89,0.4202,0.3935,3,
WDS_Pitch_Pine_P1,5,126,7,A,,1.482,1.49,0.646,0.6,0.5134,0.468,3,
WDS_Pitch_Pine_P1,5,126,7,B,,1.252,1.256,0.524,0.502,0.4895,0.4639,3,
WDS_Pitch_Pine_P1,5,126,8,A,,1.698,1.732,0.68,0.642,0.465,0.4253,3,
WDS_Pitch_Pine_P1,5,126,8,B,,1.63,1.634,0.63,0.598,0.4462,0.4191,3,
WDS_Pitch_Pine_P1,5,126,9,A,,2.208,2.272,0.828,0.782,0.431,0.3908,3,
WDS_Pitch_Pine_P1,5,126,9,B,,2.418,2.426,0.91,0.87,0.4328,0.4095,3,
WDS_Pitch_Pine_P1,5,126,10,A,,2.284,2.342,0.85,0.82,0.4272,0.3985,3,
WDS_Pitch_Pine_P1,5,126,10,B,,2.31,2.34,0.814,0.774,0.4014,0.3736,3,
WDS_Pitch_Pine_P1,5,126,11,A,,1.49,1.52,0.568,0.532,0.4392,0.3983,3,
WDS_Pitch_Pine_P1,5,126,11,B,,1.212,1.208,0.422,0.394,0.3959,0.3677,3,
WDS_Pitch_Pine_P1,5,126,12,A,,1.7,1.738,0.74,0.638,0.5126,0.4206,3,
WDS_Pitch_Pine_P1,5,126,12,B,,2.22,2.222,1.054,0.852,0.5682,0.4422,3,
WDS_Pitch_Pine_P1,5,126,13,A,,2.098,2.182,0.788,0.732,0.4318,0.3796,3,
WDS_Pitch_Pine_P1,5,126,13,B,,3.01,3.02,1.062,0.998,0.402,0.3732,3,
WDS_Pitch_Pine_P1,5,126,14,A,,2.29,2.36,0.88,0.84,0.4433,0.406,3,
WDS_Pitch_Pine_P1,5,126,14,B,,2.09,2.104,0.752,0.712,0.411,0.3833,3,
WDS_Pitch_Pine_P1,5,126,15,A,,2.132,2.182,0.822,0.79,0.445,0.414,3,
WDS_Pitch_Pine_P1,5,126,15,B,,2.21,2.23,0.864,0.798,0.4522,0.4085,3,
WDS_Pitch_Pine_P1,5,126,1,A,,3.1,3.22,1.152,1.034,0.4265,0.3613,3,
WDS_Pitch_Pine_P1,5,126,16,A,,1.72,1.772,0.608,0.57,0.4028,0.362,3,
WDS_Pitch_Pine_P1,5,126,16,B,,2.098,2.102,0.85,0.738,0.4713,0.3997,3,
WDS_Pitch_Pine_P1,5,126,17,A,,2.658,2.746,0.998,0.898,0.4316,0.3688,3,
WDS_Pitch_Pine_P1,5,126,17,B,,2.23,2.19,0.822,0.724,0.4226,0.3733,3,
WDS_Pitch_Pine_P1,5,126,18,A,,2.818,2.9,1.058,1.004,0.4316,0.3934,3,
WDS_Pitch_Pine_P1,5,126,18,B,,2.254,2.302,0.838,0.772,0.4267,0.3794,3,
WDS_Pitch_Pine_P1,5,126,19,A,,1.504,1.522,0.688,0.592,0.5436,0.4495,3,
WDS_Pitch_Pine_P1,5,126,19,B,,1.712,1.714,0.76,0.702,0.5246,0.4773,3,
WDS_Pitch_Pine_P1,5,126,20,A,,2.222,2.272,0.852,0.82,0.4422,0.4125,3,
WDS_Pitch_Pine_P1,50,126,20,B,,1.59,1.572,0.63,0.578,0.4593,0.4214,3,
WDS_Pitch_Pine_P1,50,126,20,A,,1.348,1.358,0.564,0.548,0.4893,0.4691,3,
WDS_Pitch_Pine_P1,50,126,19,B,,3.432,3.362,1.464,1.386,0.5005,0.4809,3,
WDS_Pitch_Pine_P1,50,126,19,A,,2.654,2.628,1.19,1.082,0.5308,0.4802,3,
WDS_Pitch_Pine_P1,50,126,18,B,,2.942,2.884,1.172,1.096,0.4621,0.4376,3,
WDS_Pitch_Pine_P1,50,126,18,A,,2.304,2.306,0.892,0.814,0.4471,0.4022,3,
WDS_Pitch_Pine_P1,50,126,17,B,,1.998,1.94,0.802,0.73,0.4662,0.4327,3,
WDS_Pitch_Pine_P1,50,126,17,A,,1.928,1.942,0.782,0.736,0.4719,0.4363,3,
WDS_Pitch_Pine_P1,50,126,16,B,,1.968,1.948,0.74,0.714,0.4323,0.4198,3,
WDS_Pitch_Pine_P1,50,126,16,A,,1.84,1.846,0.742,0.712,0.4687,0.4452,3,
WDS_Pitch_Pine_P1,50,126,15,B,,2.142,2.142,0.832,0.802,0.4488,0.4302,3,
WDS_Pitch_Pine_P1,50,126,15,A,,1.532,1.548,0.57,0.532,0.4271,0.3901,3,
WDS_Pitch_Pine_P1,50,126,14,B,,3.776,3.78,1.61,1.542,0.5003,0.4751,3,
WDS_Pitch_Pine_P1,50,126,14,A,,2.972,3,1.256,1.186,0.4951,0.4581,3,
WDS_Pitch_Pine_P1,50,126,13,B,,3.132,3.058,1.314,1.276,0.4909,0.4878,3,
WDS_Pitch_Pine_P1,50,126,13,A,,2.522,2.52,1.03,0.988,0.4757,0.4537,3,
WDS_Pitch_Pine_P1,50,126,12,B,,2.212,2.192,0.882,0.83,0.4626,0.4358,3,
WDS_Pitch_Pine_P1,50,126,12,A,,2.09,2.072,0.798,0.758,0.44,0.4189,3,
WDS_Pitch_Pine_P1,50,126,11,B,,2.438,2.342,1.118,0.86,0.5452,0.4207,3,
WDS_Pitch_Pine_P1,50,126,11,A,,2.344,2.338,1.006,0.894,0.5041,0.4408,3,
WDS_Pitch_Pine_P1,50,126,10,B,,1.668,1.628,0.634,0.604,0.4377,0.4257,3,
WDS_Pitch_Pine_P1,50,126,10,A,,1.517,1.522,0.612,0.582,0.469,0.4408,3,
WDS_Pitch_Pine_P1,50,126,9,B,,2.292,2.248,0.95,0.922,0.484,0.4781,3,
WDS_Pitch_Pine_P1,50,126,9,A,,1.628,1.638,0.67,0.652,0.48,0.4617,3,
WDS_Pitch_Pine_P1,50,126,8,B,,1.678,1.636,0.72,0.688,0.504,0.4922,3,
WDS_Pitch_Pine_P1,50,126,8,A,,1.414,1.426,0.662,0.65,0.5588,0.5413,3,
WDS_Pitch_Pine_P1,50,126,7,B,,2.746,2.67,1.278,1.076,0.5549,0.4684,3,
WDS_Pitch_Pine_P1,50,126,7,A,,2.532,2.516,1.132,0.994,0.529,0.4577,3,
WDS_Pitch_Pine_P1,50,126,6,B,,3.628,3.536,1.442,1.352,0.4609,0.4407,3,
WDS_Pitch_Pine_P1,50,126,6,A,,3.242,3.21,1.318,1.276,0.4732,0.461,3,
WDS_Pitch_Pine_P1,50,126,5,B,,1.422,1.41,0.63,0.618,0.5234,0.5168,3,
WDS_Pitch_Pine_P1,50,126,5,A,,1.204,1.22,0.538,0.528,0.5287,0.5091,3,
WDS_Pitch_Pine_P1,50,126,4,B,,3.202,3.162,1.26,1.198,0.4556,0.4361,3,
WDS_Pitch_Pine_P1,50,126,4,A,,3.532,3.586,1.508,1.386,0.5011,0.4462,3,
WDS_Pitch_Pine_P1,50,126,3,B,,2.694,2.652,1.14,1.054,0.4958,0.4609,3,
WDS_Pitch_Pine_P1,50,126,3,A,,2.09,2.09,0.842,0.808,0.4682,0.4464,3,
WDS_Pitch_Pine_P1,50,126,2,B,,1.872,1.832,0.81,0.752,0.509,0.4785,3,
WDS_Pitch_Pine_P1,50,126,2,A,,1.33,1.332,0.572,0.522,0.5054,0.4534,3,
WDS_Pitch_Pine_P1,50,126,1,B,,2.728,2.658,1.058,1.012,0.448,0.4386,3,
WDS_Pitch_Pine_P1,50,126,1,A,,2.762,2.738,1.182,1.108,0.5024,0.4707,3,
WDS_Pitch_Pine_P1,51,126,6,A,,1.46,1.464,0.664,0.632,0.5398,0.5076,3,
WDS_Pitch_Pine_P1,51,126,1,A,,2.2,2.21,0.928,0.874,0.494,0.4583,3,
WDS_Pitch_Pine_P1,51,126,1,B,,1.938,1.944,0.83,0.79,0.5029,0.473,3,
WDS_Pitch_Pine_P1,51,126,2,A,,2.028,2.022,0.842,0.752,0.4849,0.4269,3,
WDS_Pitch_Pine_P1,51,126,2,B,,2.262,2.246,0.9,0.858,0.4615,0.4403,3,
WDS_Pitch_Pine_P1,51,126,3,A,,1.596,1.58,0.736,0.662,0.5488,0.4901,3,
WDS_Pitch_Pine_P1,51,126,3,B,,1.788,1.768,0.854,0.752,0.5723,0.4988,3,
WDS_Pitch_Pine_P1,51,126,4,A,,1.914,1.902,0.846,0.768,0.5219,0.4694,3,
WDS_Pitch_Pine_P1,51,126,4,B,,2.148,2.138,0.91,0.86,0.4965,0.4674,3,
WDS_Pitch_Pine_P1,51,126,5,A,,0.972,0.98,0.382,0.368,0.4549,0.4317,3,
WDS_Pitch_Pine_P1,51,126,5,B,,1.07,1.062,0.424,0.404,0.4593,0.4382,3,
WDS_Pitch_Pine_P1,51,126,6,B,,1.83,1.808,0.822,0.786,0.532,0.5118,3,
WDS_Pitch_Pine_P1,51,126,7,A,,1.626,1.624,0.64,0.614,0.4557,0.4351,3,
WDS_Pitch_Pine_P1,51,126,7,B,,1.772,1.758,0.736,0.708,0.4852,0.468,3,
WDS_Pitch_Pine_P1,51,126,8,A,,1.068,1.06,0.424,0.408,0.4603,0.4441,3,
WDS_Pitch_Pine_P1,51,126,8,B,,1.214,1.22,0.472,0.456,0.4493,0.4294,3,
WDS_Pitch_Pine_P1,51,126,9,A,,1.328,1.324,0.522,0.468,0.455,0.4028,3,
WDS_Pitch_Pine_P1,51,126,9,B,,1.718,1.702,0.664,0.632,0.4462,0.4261,3,
WDS_Pitch_Pine_P1,51,126,10,A,,2.328,2.322,0.882,0.836,0.4361,0.4113,3,
WDS_Pitch_Pine_P1,51,126,10,B,,2.808,2.752,1.568,0.954,0.6923,0.394,3,
WDS_Pitch_Pine_P1,51,126,11,A,,1.26,1.262,0.5,0.48,0.4601,0.4381,3,
WDS_Pitch_Pine_P1,51,126,11,B,,1.392,1.392,0.588,0.566,0.4948,0.4733,3,
WDS_Pitch_Pine_P1,51,126,12,A,,0.94,0.942,0.342,0.31,0.4163,0.3714,3,
WDS_Pitch_Pine_P1,51,126,12,B,,1.134,1.142,0.454,0.396,0.4648,0.3941,3,
WDS_Pitch_Pine_P1,51,126,13,A,,2.16,2.164,0.922,0.878,0.5009,0.4721,3,
WDS_Pitch_Pine_P1,51,126,13,B,,2.026,2.01,0.838,0.802,0.4828,0.463,3,
WDS_Pitch_Pine_P1,51,126,14,A,,1.266,1.262,0.464,0.442,0.4198,0.3986,3,
WDS_Pitch_Pine_P1,51,126,14,B,,1.722,1.73,0.708,0.67,0.4794,0.4473,3,
WDS_Pitch_Pine_P1,51,126,15,A,,1.65,1.646,0.702,0.682,0.499,0.4838,3,
WDS_Pitch_Pine_P1,51,126,15,B,,1.788,1.78,0.762,0.702,0.5,0.4568,3,
WDS_Pitch_Pine_P1,51,126,16,A,,2.838,2.832,1.168,1.098,0.48,0.4479,3,
WDS_Pitch_Pine_P1,51,126,16,B,,3.114,3.104,1.202,1.156,0.4456,0.4276,3,
WDS_Pitch_Pine_P1,51,126,17,A,,1.77,1.758,0.766,0.682,0.5091,0.4482,3,
WDS_Pitch_Pine_P1,51,126,17,B,,2.566,2.504,1.51,1.002,0.7391,0.4646,3,
WDS_Pitch_Pine_P1,51,126,18,A,,1.786,1.75,0.83,0.638,0.5539,0.4173,3,
WDS_Pitch_Pine_P1,51,126,18,B,,1.892,1.868,0.964,0.662,0.6187,0.404,3,
WDS_Pitch_Pine_P1,51,126,19,A,,1.448,1.436,0.562,0.532,0.4484,0.425,3,
WDS_Pitch_Pine_P1,51,126,19,B,,1.392,1.38,0.54,0.512,0.4482,0.4257,3,
WDS_Pitch_Pine_P1,51,126,20,A,,2.3,2.276,0.97,0.93,0.4939,0.476,3,
WDS_Pitch_Pine_P1,51,126,20,B,,1.792,1.764,0.802,0.742,0.5297,0.4924,3,
WDS_Pitch_Pine_P1,52,126,10,B,,2.104,2.108,0.848,0.82,0.4684,0.4496,3,
WDS_Pitch_Pine_P1,52,126,20,B,,3.348,3.342,1.452,1.382,0.5104,0.4827,3,
WDS_Pitch_Pine_P1,52,126,1,B,,2.148,2.132,0.914,0.832,0.4991,0.4512,3,
WDS_Pitch_Pine_P1,52,126,2,A,,2.168,2.138,0.922,0.882,0.4988,0.4813,3,
WDS_Pitch_Pine_P1,52,126,2,B,,2.222,2.186,0.926,0.878,0.4871,0.4666,3,
WDS_Pitch_Pine_P1,52,126,3,A,,2.202,2.18,0.958,0.888,0.5123,0.4743,3,
WDS_Pitch_Pine_P1,52,126,3,B,,1.85,1.842,0.76,0.72,0.479,0.4521,3,
WDS_Pitch_Pine_P1,52,126,4,A,,2.082,2.09,0.928,0.886,0.5271,0.4969,3,
WDS_Pitch_Pine_P1,52,126,4,B,,2.318,2.308,1.128,1.08,0.5853,0.5585,3,
WDS_Pitch_Pine_P1,52,126,5,A,,1.542,1.52,0.712,0.586,0.5497,0.4449,3,
WDS_Pitch_Pine_P1,52,126,5,B,,1.622,1.61,0.784,0.662,0.5806,0.4795,3,
WDS_Pitch_Pine_P1,52,126,6,A,,1.688,1.686,0.7,0.668,0.4843,0.4592,3,
WDS_Pitch_Pine_P1,52,126,6,B,,2.308,2.254,1.062,0.896,0.5474,0.461,3,
WDS_Pitch_Pine_P1,52,126,7,A,,1.918,1.925,0.748,0.716,0.4509,0.427,3,
WDS_Pitch_Pine_P1,52,126,7,B,,2.234,2.191,0.888,0.84,0.461,0.4421,3,
WDS_Pitch_Pine_P1,52,126,8,A,,1.288,1.288,0.478,0.458,0.4259,0.4055,3,
WDS_Pitch_Pine_P1,52,126,8,B,,1.522,1.512,0.598,0.572,0.4548,0.4354,3,
WDS_Pitch_Pine_P1,52,126,9,A,,2.278,2.262,1.064,0.968,0.5572,0.5024,3,
WDS_Pitch_Pine_P1,52,126,9,B,,1.942,1.942,0.798,0.766,0.4791,0.4569,3,
WDS_Pitch_Pine_P1,52,126,10,A,,2.286,2.278,0.968,0.942,0.4962,0.4827,3,
WDS_Pitch_Pine_P1,52,126,11,A,,1.466,1.458,0.656,0.618,0.5296,0.4968,3,
WDS_Pitch_Pine_P1,52,126,11,B,,1.642,1.642,0.744,0.7,0.5375,0.5002,3,
WDS_Pitch_Pine_P1,52,126,12,A,,2.038,2.032,0.898,0.832,0.52,0.4771,3,
WDS_Pitch_Pine_P1,52,126,12,B,,2.14,2.13,1.036,0.952,0.5817,0.5288,3,
WDS_Pitch_Pine_P1,52,126,13,A,,1.562,1.538,0.616,0.542,0.4568,0.4014,3,
WDS_Pitch_Pine_P1,52,126,13,B,,1.548,1.534,0.644,0.548,0.4861,0.4077,3,
WDS_Pitch_Pine_P1,52,126,14,A,,1.954,1.946,0.816,0.756,0.4882,0.4489,3,
WDS_Pitch_Pine_P1,52,126,14,B,,1.938,1.922,0.822,0.67,0.4972,0.3965,3,
WDS_Pitch_Pine_P1,52,126,15,A,,1.438,1.434,0.646,0.598,0.532,0.4874,3,
WDS_Pitch_Pine_P1,52,126,15,B,,2.146,2.14,0.962,0.924,0.5307,0.5077,3,
WDS_Pitch_Pine_P1,52,126,16,A,,1.732,1.712,0.672,0.648,0.4482,0.4356,3,
WDS_Pitch_Pine_P1,52,126,16,B,,1.632,1.62,0.64,0.618,0.4538,0.4396,3,
WDS_Pitch_Pine_P1,52,126,17,A,,1.47,1.47,0.622,0.606,0.4958,0.4809,3,
WDS_Pitch_Pine_P1,52,126,17,B,,1.38,1.378,0.59,0.57,0.5019,0.4828,3,
WDS_Pitch_Pine_P1,52,126,18,A,,2.212,2.2,0.932,0.844,0.4933,0.4424,3,
WDS_Pitch_Pine_P1,52,126,18,B,,1.7,1.674,0.732,0.628,0.5061,0.4312,3,
WDS_Pitch_Pine_P1,52,126,19,A,,1.07,1.066,0.446,0.418,0.4872,0.4538,3,
WDS_Pitch_Pine_P1,52,126,19,B,,1.532,1.524,0.75,0.658,0.5895,0.5077,3,
WDS_Pitch_Pine_P1,52,126,20,A,,2.156,2.164,0.888,0.848,0.4804,0.4534,3,
WDS_Pitch_Pine_P1,52,126,1,A,,2.274,2.244,0.968,0.85,0.4993,0.436,3,
WDS_Pitch_Pine_P1,53,126,1,B,,1.598,1.588,0.854,0.662,0.6558,0.4872,3,
WDS_Pitch_Pine_P1,53,126,20,B,,3.446,3.462,1.464,1.42,0.4982,0.4781,3,
WDS_Pitch_Pine_P1,53,126,20,A,,2.8,2.798,1.152,1.096,0.4798,0.4532,3,
WDS_Pitch_Pine_P1,53,126,19,B,,2.776,2.768,1.076,1.032,0.4477,0.4281,3,
WDS_Pitch_Pine_P1,53,126,19,A,,1.988,1.982,0.782,0.698,0.4554,0.4011,3,
WDS_Pitch_Pine_P1,53,126,18,B,,2.752,2.752,1.056,1.016,0.4425,0.4233,3,
WDS_Pitch_Pine_P1,53,126,18,A,,2.194,2.19,0.938,0.762,0.5019,0.3956,3,
WDS_Pitch_Pine_P1,53,126,17,B,,1.774,1.762,0.746,0.71,0.4922,0.4683,3,
WDS_Pitch_Pine_P1,53,126,17,A,,1.706,1.7,0.706,0.658,0.4831,0.447,3,
WDS_Pitch_Pine_P1,53,126,16,B,,3.18,3.12,1.494,1.292,0.5611,0.4835,3,
WDS_Pitch_Pine_P1,53,126,16,A,,2.978,2.95,1.4,1.164,0.5616,0.457,3,
WDS_Pitch_Pine_P1,53,126,15,B,,1.366,1.362,0.568,0.55,0.4858,0.4695,3,
WDS_Pitch_Pine_P1,53,126,15,A,,1.176,1.176,0.468,0.458,0.4616,0.4502,3,
WDS_Pitch_Pine_P1,53,126,14,B,,1.486,1.474,0.616,0.558,0.484,0.4357,3,
WDS_Pitch_Pine_P1,53,126,14,A,,1.248,1.256,0.48,0.442,0.4437,0.4008,3,
WDS_Pitch_Pine_P1,53,126,13,B,,3.472,3.462,1.366,1.28,0.4555,0.424,3,
WDS_Pitch_Pine_P1,53,126,13,A,,2.642,2.648,0.978,0.938,0.4246,0.4038,3,
WDS_Pitch_Pine_P1,53,126,12,B,,3.946,3.916,1.982,1.568,0.6081,0.4649,3,
WDS_Pitch_Pine_P1,53,126,12,A,,2.832,2.822,1.24,1.064,0.5161,0.4337,3,
WDS_Pitch_Pine_P1,53,126,11,B,,2.216,2.212,0.978,0.94,0.521,0.4983,3,
WDS_Pitch_Pine_P1,53,126,1,A,,1.478,1.472,0.696,0.598,0.5627,0.4728,3,
WDS_Pitch_Pine_P1,53,126,11,A,,2.004,2.02,0.856,0.82,0.5013,0.4724,3,
WDS_Pitch_Pine_P1,53,126,10,B,,2.656,2.646,1.102,1.048,0.4846,0.4591,3,
WDS_Pitch_Pine_P1,53,126,10,A,,2.552,2.544,1.08,1.012,0.4959,0.4614,3,
WDS_Pitch_Pine_P1,53,126,9,B,,2.34,2.312,1.28,0.968,0.6749,0.4897,3,
WDS_Pitch_Pine_P1,53,126,9,A,,1.864,1.86,0.988,0.76,0.6493,0.476,3,
WDS_Pitch_Pine_P1,53,126,8,B,,2.238,2.222,0.968,0.886,0.5088,0.4626,3,
WDS_Pitch_Pine_P1,53,126,8,A,,2.114,2.122,0.848,0.824,0.4659,0.4487,3,
WDS_Pitch_Pine_P1,53,126,7,B,,3.362,3.348,1.318,1.274,0.4536,0.4383,3,
WDS_Pitch_Pine_P1,53,126,7,A,,2.794,2.786,1.09,1.042,0.4511,0.4297,3,
WDS_Pitch_Pine_P1,53,126,6,B,,1.68,1.678,0.72,0.696,0.5033,0.4844,3,
WDS_Pitch_Pine_P1,53,126,6,A,,1.328,1.324,0.522,0.508,0.455,0.4425,3,
WDS_Pitch_Pine_P1,53,126,5,B,,3.374,3.372,1.256,1.208,0.4274,0.409,3,
WDS_Pitch_Pine_P1,53,126,5,A,,2.868,2.868,1.048,1,0.4184,0.3966,3,
WDS_Pitch_Pine_P1,53,126,4,B,,2.772,2.768,1.128,1.084,0.4737,0.4531,3,
WDS_Pitch_Pine_P1,53,126,4,A,,2.568,2.576,1.074,0.96,0.4891,0.4279,3,
WDS_Pitch_Pine_P1,53,126,3,B,,1.21,1.206,0.468,0.456,0.4466,0.4351,3,
WDS_Pitch_Pine_P1,53,126,3,A,,1.246,1.24,0.488,0.456,0.4531,0.4214,3,
WDS_Pitch_Pine_P1,53,126,2,B,,1.462,1.462,0.608,0.58,0.4859,0.4599,3,
WDS_Pitch_Pine_P1,53,126,2,A,,1.448,1.448,0.598,0.552,0.4819,0.4392,3,
WDS_Pitch_Pine_P1,54,126,2,A,,1.694,1.688,0.698,0.666,0.4806,0.457,3,
WDS_Pitch_Pine_P1,54,126,1,A,,1.838,1.838,0.686,0.66,0.4287,0.4101,3,
WDS_Pitch_Pine_P1,54,126,20,B,,1.582,1.568,0.722,0.69,0.5421,0.5192,3,
WDS_Pitch_Pine_P1,54,126,20,A,,1.382,1.366,0.612,0.604,0.5231,0.5221,3,
WDS_Pitch_Pine_P1,54,126,19,B,,1.722,1.706,0.702,0.688,0.4747,0.4688,3,
WDS_Pitch_Pine_P1,54,126,19,A,,1.716,1.716,0.738,0.726,0.5054,0.4957,3,
WDS_Pitch_Pine_P1,54,126,18,B,,1.484,1.476,0.572,0.564,0.4448,0.4404,3,
WDS_Pitch_Pine_P1,54,126,18,A,,1.352,1.346,0.504,0.5,0.4281,0.4263,3,
WDS_Pitch_Pine_P1,54,126,17,B,,2.338,2.326,0.918,0.902,0.4545,0.448,3,
WDS_Pitch_Pine_P1,54,126,17,A,,1.984,1.99,0.772,0.762,0.4497,0.4415,3,
WDS_Pitch_Pine_P1,54,126,16,B,,2.122,2.106,0.9,0.87,0.4972,0.4821,3,
WDS_Pitch_Pine_P1,54,126,16,A,,1.646,1.642,0.644,0.63,0.4526,0.4425,3,
WDS_Pitch_Pine_P1,54,126,15,B,,1.482,1.482,0.668,0.64,0.5341,0.5078,3,
WDS_Pitch_Pine_P1,54,126,15,A,,1.232,1.228,0.518,0.498,0.4921,0.4718,3,
WDS_Pitch_Pine_P1,54,126,14,B,,1.718,1.71,0.708,0.682,0.4807,0.4628,3,
WDS_Pitch_Pine_P1,54,126,14,A,,1.506,1.504,0.63,0.614,0.4892,0.4755,3,
WDS_Pitch_Pine_P1,54,126,13,B,,1.266,1.256,0.528,0.506,0.4875,0.4682,3,
WDS_Pitch_Pine_P1,54,126,13,A,,1.006,1.004,0.484,0.424,0.5773,0.4947,3,
WDS_Pitch_Pine_P1,54,126,12,B,,1.806,1.802,0.784,0.746,0.5109,0.4833,3,
WDS_Pitch_Pine_P1,54,126,12,A,,1.892,1.878,0.822,0.79,0.5114,0.4924,3,
WDS_Pitch_Pine_P1,54,126,11,B,,1.5,1.482,0.564,0.536,0.4323,0.4135,3,
WDS_Pitch_Pine_P1,54,126,11,A,,1.372,1.362,0.512,0.49,0.4286,0.411,3,
WDS_Pitch_Pine_P1,54,126,10,B,,2.008,1.998,0.802,0.766,0.4635,0.4421,3,
WDS_Pitch_Pine_P1,54,126,10,A,,1.806,1.794,0.72,0.686,0.4626,0.4408,3,
WDS_Pitch_Pine_P1,54,126,9,B,,1.478,1.464,0.65,0.574,0.5188,0.4537,3,
WDS_Pitch_Pine_P1,54,126,9,A,,1.226,1.218,0.528,0.478,0.5062,0.4542,3,
WDS_Pitch_Pine_P1,54,126,8,B,,1.602,1.588,0.708,0.66,0.5218,0.4855,3,
WDS_Pitch_Pine_P1,54,126,8,A,,1.806,1.782,0.926,0.744,0.6235,0.4881,3,
WDS_Pitch_Pine_P1,54,126,7,B,,1.092,1.086,0.442,0.424,0.4708,0.4515,3,
WDS_Pitch_Pine_P1,54,126,7,A,,1.08,1.074,0.44,0.42,0.4744,0.4523,3,
WDS_Pitch_Pine_P1,54,126,6,B,,1.464,1.446,0.514,0.492,0.3997,0.3857,3,
WDS_Pitch_Pine_P1,54,126,6,A,,1.298,1.284,0.468,0.442,0.412,0.3908,3,
WDS_Pitch_Pine_P1,54,126,5,B,,1.034,1.016,0.528,0.404,0.6204,0.4612,3,
WDS_Pitch_Pine_P1,54,126,5,A,,0.79,0.78,0.336,0.274,0.4988,0.4,3,
WDS_Pitch_Pine_P1,54,126,4,B,,2.746,2.724,1.13,1.044,0.4799,0.4419,3,
WDS_Pitch_Pine_P1,54,126,4,A,,2.318,2.316,0.958,0.908,0.4823,0.4537,3,
WDS_Pitch_Pine_P1,54,126,3,B,,2.5,2.496,1.052,0.97,0.4926,0.4491,3,
WDS_Pitch_Pine_P1,54,126,3,A,,2.422,2.418,0.98,0.894,0.4706,0.424,3,
WDS_Pitch_Pine_P1,54,126,2,B,,1.872,1.874,0.792,0.75,0.4957,0.4646,3,
WDS_Pitch_Pine_P1,54,126,1,B,,2.024,2.02,0.808,0.762,0.4633,0.4339,3,
WDS_Pitch_Pine_P1,55,126,1,B,,3.144,3.102,1.442,1.38,0.5453,0.5259,3,
WDS_Pitch_Pine_P1,55,126,1,A,,3.27,3.252,1.672,1.492,0.6214,0.5455,3,
WDS_Pitch_Pine_P1,55,126,20,B,,3.724,3.712,1.626,1.544,0.5144,0.486,3,
WDS_Pitch_Pine_P1,55,126,20,A,,3.122,3.252,1.314,1.236,0.4927,0.4377,3,
WDS_Pitch_Pine_P1,55,126,19,B,,1.382,1.37,0.592,0.57,0.503,0.4861,3,
WDS_Pitch_Pine_P1,55,126,19,A,,1.188,1.17,0.502,0.484,0.495,0.4829,3,
WDS_Pitch_Pine_P1,55,126,18,B,,1.304,1.31,0.526,0.512,0.4689,0.452,3,
WDS_Pitch_Pine_P1,55,126,18,A,,1.154,1.134,0.462,0.452,0.4648,0.4624,3,
WDS_Pitch_Pine_P1,55,126,17,B,,3.096,3.08,1.278,1.226,0.4817,0.4617,3,
WDS_Pitch_Pine_P1,55,126,17,A,,2.622,2.63,1.064,0.998,0.4722,0.4369,3,
WDS_Pitch_Pine_P1,55,126,16,B,,1.358,1.14,0.58,0.482,0.5013,0.4954,3,
WDS_Pitch_Pine_P1,55,126,16,A,,1.304,1.282,0.572,0.562,0.5172,0.5169,3,
WDS_Pitch_Pine_P1,55,126,15,B,,2.668,2.58,1.32,1.104,0.5971,0.5024,3,
WDS_Pitch_Pine_P1,55,126,15,A,,2.188,2.148,1.118,1.034,0.6209,0.5777,3,
WDS_Pitch_Pine_P1,55,126,14,B,,1.582,1.558,0.66,0.634,0.4877,0.4737,3,
WDS_Pitch_Pine_P1,55,126,14,A,,1.504,1.476,0.648,0.626,0.5064,0.4972,3,
WDS_Pitch_Pine_P1,55,126,13,B,,3.168,3.11,1.39,1.256,0.5174,0.4695,3,
WDS_Pitch_Pine_P1,55,126,13,A,,2.684,2.624,1.216,1.08,0.5374,0.48,3,
WDS_Pitch_Pine_P1,55,126,12,B,,2.458,2.402,1.142,1.076,0.5537,0.5302,3,
WDS_Pitch_Pine_P1,55,126,12,A,,2.56,2.51,1.254,1.204,0.5899,0.5753,3,
WDS_Pitch_Pine_P1,55,126,11,B,,3.758,3.648,1.932,1.456,0.6255,0.4632,3,
WDS_Pitch_Pine_P1,55,126,11,A,,2.572,2.514,1.082,1.002,0.4924,0.4624,3,
WDS_Pitch_Pine_P1,55,126,10,B,,2.992,2.932,1.342,1.282,0.531,0.5153,3,
WDS_Pitch_Pine_P1,55,126,10,A,,2.662,2.63,1.182,1.13,0.5247,0.5048,3,
WDS_Pitch_Pine_P1,55,126,9,B,,3.912,3.97,1.802,1.472,0.5481,0.4254,3,
WDS_Pitch_Pine_P1,55,126,9,A,,3.268,3.18,1.508,1.278,0.5492,0.4669,3,
WDS_Pitch_Pine_P1,55,126,8,B,,3.268,3.232,1.442,1.334,0.5209,0.4816,3,
WDS_Pitch_Pine_P1,55,126,8,A,,3.416,3.35,1.438,1.366,0.4928,0.4748,3,
WDS_Pitch_Pine_P1,55,126,7,B,,2.862,2.824,1.312,1.24,0.545,0.5179,3,
WDS_Pitch_Pine_P1,55,126,7,A,,2.632,2.59,1.232,1.154,0.5587,0.5269,3,
WDS_Pitch_Pine_P1,55,126,6,B,,1.646,1.582,0.882,0.648,0.658,0.4773,3,
WDS_Pitch_Pine_P1,55,126,6,A,,1.438,1.392,0.648,0.586,0.534,0.4928,3,
WDS_Pitch_Pine_P1,55,126,5,B,,2.412,2.352,1.348,0.912,0.693,0.4479,3,
WDS_Pitch_Pine_P1,55,126,5,A,,2.176,2.32,0.938,0.92,0.5067,0.4597,3,
WDS_Pitch_Pine_P1,55,126,4,B,,2.634,2.608,1.262,1.152,0.5745,0.5215,3,
WDS_Pitch_Pine_P1,55,126,4,A,,2.222,2.188,1.132,1.022,0.6186,0.5573,3,
WDS_Pitch_Pine_P1,55,126,3,B,,2.69,2.672,1.19,1.038,0.5224,0.4489,3,
WDS_Pitch_Pine_P1,55,126,3,A,,2.74,2.7,1.184,1.046,0.5082,0.4475,3,
WDS_Pitch_Pine_P1,55,126,2,B,,1.974,1.96,0.85,0.798,0.5061,0.474,3,
WDS_Pitch_Pine_P1,55,126,2,A,,1.872,1.84,0.788,0.742,0.4928,0.4687,3,
WDS_Pitch_Pine_P1,56,126,13,B,,1.692,1.69,0.806,0.736,0.5705,0.5129,3,
WDS_Pitch_Pine_P1,56,126,20,B,,3.708,3.718,1.536,1.476,0.4836,0.4603,3,
WDS_Pitch_Pine_P1,56,126,20,A,,3.48,3.48,1.43,1.378,0.4791,0.4589,3,
WDS_Pitch_Pine_P1,56,126,19,B,,1.594,1.602,0.678,0.64,0.4988,0.4637,3,
WDS_Pitch_Pine_P1,56,126,19,A,,1.63,1.626,0.746,0.672,0.5439,0.4823,3,
WDS_Pitch_Pine_P1,56,126,18,B,,1.39,1.392,0.672,0.654,0.5807,0.5612,3,
WDS_Pitch_Pine_P1,56,126,18,A,,1.242,1.242,0.582,0.564,0.5594,0.5389,3,
WDS_Pitch_Pine_P1,56,126,17,B,,1.254,1.26,0.612,0.588,0.5873,0.5567,3,
WDS_Pitch_Pine_P1,56,126,17,A,,1.578,1.564,0.776,0.704,0.5927,0.5333,3,
WDS_Pitch_Pine_P1,56,126,16,B,,,,,,,,3,
WDS_Pitch_Pine_P1,56,126,16,A,,,,,,,,3,
WDS_Pitch_Pine_P1,56,126,15,B,,1.128,1.128,0.496,0.438,0.5187,0.4486,3,
WDS_Pitch_Pine_P1,56,126,15,A,,1.092,1.082,0.458,0.444,0.4907,0.4783,3,
WDS_Pitch_Pine_P1,56,126,14,B,,1.342,1.338,0.612,0.568,0.5416,0.4977,3,
WDS_Pitch_Pine_P1,56,126,14,A,,1.198,1.198,0.55,0.508,0.5459,0.4971,3,
WDS_Pitch_Pine_P1,56,126,13,A,,1.982,1.982,0.962,0.892,0.5835,0.5332,3,
WDS_Pitch_Pine_P1,56,126,12,B,,3.578,3.59,1.672,1.506,0.5576,0.4908,3,
WDS_Pitch_Pine_P1,56,126,12,A,,3.34,3.34,1.64,1.356,0.5917,0.4724,3,
WDS_Pitch_Pine_P1,56,126,11,B,,2.61,2.582,1.158,1.044,0.5243,0.4702,3,
WDS_Pitch_Pine_P1,56,126,11,A,,2.648,2.644,1.126,1.038,0.4987,0.4544,3,
WDS_Pitch_Pine_P1,56,126,10,B,,3.178,3.158,1.366,1.284,0.505,0.4732,3,
WDS_Pitch_Pine_P1,56,126,10,A,,3.134,3.118,1.26,1.206,0.4671,0.4466,3,
WDS_Pitch_Pine_P1,56,126,9,B,,1.512,1.516,0.726,0.712,0.576,0.5609,3,
WDS_Pitch_Pine_P1,56,126,9,A,,1.332,1.332,0.61,0.594,0.5443,0.5274,3,
WDS_Pitch_Pine_P1,56,126,8,B,,1.694,1.672,0.786,0.746,0.5528,0.5277,3,
WDS_Pitch_Pine_P1,56,126,8,A,,1.618,1.61,0.726,0.686,0.5313,0.4999,3,
WDS_Pitch_Pine_P1,56,126,7,B,,3.46,3.448,1.592,1.446,0.5474,0.4907,3,
WDS_Pitch_Pine_P1,56,126,7,A,,3.48,3.48,1.568,1.486,0.5339,0.5011,3,
WDS_Pitch_Pine_P1,56,126,6,B,,2.622,2.616,0.998,0.956,0.4384,0.4184,3,
WDS_Pitch_Pine_P1,56,126,6,A,,3.254,3.226,1.24,1.19,0.439,0.4229,3,
WDS_Pitch_Pine_P1,56,126,5,B,,2.664,2.636,1.178,1.014,0.5222,0.4438,3,
WDS_Pitch_Pine_P1,56,126,5,A,,2.842,2.82,1.122,1.096,0.4573,0.4491,3,
WDS_Pitch_Pine_P1,56,126,4,B,,2.496,2.47,1.05,1.014,0.4924,0.4786,3,
WDS_Pitch_Pine_P1,56,126,4,A,,2.536,2.526,1.028,0.992,0.4716,0.4546,3,
WDS_Pitch_Pine_P1,56,126,3,B,,2.888,2.862,1.344,1.218,0.5548,0.4992,3,
WDS_Pitch_Pine_P1,56,126,3,A,,2.92,2.904,1.296,1.246,0.5245,0.504,3,
WDS_Pitch_Pine_P1,56,126,2,B,,3.438,3.392,1.56,1.338,0.5384,0.4569,3,
WDS_Pitch_Pine_P1,56,126,2,A,,2.106,2.062,0.988,0.836,0.5602,0.4717,3,
WDS_Pitch_Pine_P1,56,126,1,B,,3.638,3.71,1.58,1.514,0.5112,0.4753,3,
WDS_Pitch_Pine_P1,56,126,1,A,,2.89,2.89,1.212,1.174,0.4907,0.4728,3,
WDS_Pitch_Pine_P1,57,126,20,B,,1.886,1.884,0.844,0.82,0.5296,0.5125,3,
WDS_Pitch_Pine_P1,57,126,1,A,,1.888,1.882,0.85,0.798,0.5334,0.497,3,
WDS_Pitch_Pine_P1,57,126,1,B,,1.96,1.954,0.93,0.854,0.5678,0.515,3,
WDS_Pitch_Pine_P1,57,126,2,A,,2.096,2.092,0.856,0.8,0.4757,0.4408,3,
WDS_Pitch_Pine_P1,57,126,2,B,,1.832,1.828,0.806,0.682,0.5191,0.4285,3,
WDS_Pitch_Pine_P1,57,126,3,A,,2.242,2.234,0.906,0.874,0.4699,0.4526,3,
WDS_Pitch_Pine_P1,57,126,3,B,,2.836,2.828,1.202,1.11,0.4968,0.4543,3,
WDS_Pitch_Pine_P1,57,126,4,A,,2.408,2.392,1.118,0.986,0.5533,0.4809,3,
WDS_Pitch_Pine_P1,57,126,4,B,,2.278,2.264,1.036,0.942,0.5398,0.4861,3,
WDS_Pitch_Pine_P1,57,126,5,A,,1.442,1.938,0.57,0.55,0.458,0.3147,3,
WDS_Pitch_Pine_P1,57,126,5,B,,1.388,1.368,0.56,0.526,0.469,0.4436,3,
WDS_Pitch_Pine_P1,57,126,6,A,,1.526,1.512,0.592,0.562,0.4482,0.4266,3,
WDS_Pitch_Pine_P1,57,126,6,B,,2.308,2.29,0.94,0.902,0.4742,0.4561,3,
WDS_Pitch_Pine_P1,57,126,7,A,,1.744,1.74,0.646,0.622,0.4249,0.408,3,
WDS_Pitch_Pine_P1,57,126,7,B,,1.766,1.762,0.632,0.608,0.4085,0.3919,3,
WDS_Pitch_Pine_P1,57,126,8,A,,1.662,1.66,0.734,0.62,0.5214,0.429,3,
WDS_Pitch_Pine_P1,57,126,8,B,,1.73,1.736,0.752,0.636,0.5117,0.4196,3,
WDS_Pitch_Pine_P1,57,126,9,A,,2.988,3.01,1.232,1.194,0.481,0.4599,3,
WDS_Pitch_Pine_P1,57,126,9,B,,3.432,3.468,1.464,1.422,0.5005,0.4779,3,
WDS_Pitch_Pine_P1,57,126,10,A,,1.888,1.89,0.786,0.694,0.4865,0.4207,3,
WDS_Pitch_Pine_P1,57,126,10,B,,1.93,1.9,1.036,0.68,0.6594,0.4085,3,
WDS_Pitch_Pine_P1,57,126,11,A,,2.102,2.116,0.842,0.8,0.4651,0.435,3,
WDS_Pitch_Pine_P1,57,126,11,B,,2.332,2.342,0.968,0.928,0.4848,0.4593,3,
WDS_Pitch_Pine_P1,57,126,12,A,,1.636,1.64,0.752,0.674,0.5467,0.4792,3,
WDS_Pitch_Pine_P1,57,126,12,B,,1.446,1.442,0.71,0.584,0.5916,0.4711,3,
WDS_Pitch_Pine_P1,57,126,13,A,,2.112,2.13,0.96,0.932,0.5395,0.5157,3,
WDS_Pitch_Pine_P1,57,126,13,B,,2.092,2.114,0.87,0.848,0.4859,0.4659,3,
WDS_Pitch_Pine_P1,57,126,14,A,,1.534,1.538,0.632,0.614,0.4806,0.4633,3,
WDS_Pitch_Pine_P1,57,126,14,B,,1.736,1.742,0.73,0.704,0.4922,0.4699,3,
WDS_Pitch_Pine_P1,57,126,15,A,,0.88,0.882,0.352,0.342,0.4643,0.4479,3,
WDS_Pitch_Pine_P1,57,126,15,B,,1.23,1.242,0.502,0.486,0.4753,0.4527,3,
WDS_Pitch_Pine_P1,57,126,16,A,,1.674,1.678,0.69,0.67,0.4808,0.4634,3,
WDS_Pitch_Pine_P1,57,126,16,B,,1.794,1.798,0.778,0.754,0.5103,0.4906,3,
WDS_Pitch_Pine_P1,57,126,17,A,,1.264,1.262,0.516,0.482,0.4755,0.4402,3,
WDS_Pitch_Pine_P1,57,126,17,B,,1.278,1.282,0.506,0.474,0.4589,0.424,3,
WDS_Pitch_Pine_P1,57,126,18,A,,1.71,1.712,0.652,0.626,0.4393,0.4187,3,
WDS_Pitch_Pine_P1,57,126,18,B,,1.94,1.94,0.702,0.676,0.4137,0.3963,3,
WDS_Pitch_Pine_P1,57,126,19,A,,1.6,1.572,0.848,0.62,0.6492,0.4568,3,
WDS_Pitch_Pine_P1,57,126,19,B,,2.278,2.268,1.102,0.97,0.5811,0.5021,3,
WDS_Pitch_Pine_P1,57,126,20,A,,1.614,1.618,0.678,0.66,0.4916,0.475,3,
WDS_Pitch_Pine_P1,58,126,1,A,,2.626,2.62,0.926,0.854,0.4017,0.3674,3,
WDS_Pitch_Pine_P1,58,126,20,B,,2.09,2.12,0.86,0.818,0.4799,0.4454,3,
WDS_Pitch_Pine_P1,58,126,20,A,,2.98,2.998,1.28,1.23,0.5046,0.4782,3,
WDS_Pitch_Pine_P1,58,126,19,B,,1.212,1.228,0.512,0.494,0.4949,0.4674,3,
WDS_Pitch_Pine_P1,58,126,19,A,,0.97,0.984,0.376,0.362,0.4478,0.4216,3,
WDS_Pitch_Pine_P1,58,126,18,B,,1.628,1.644,0.676,0.642,0.485,0.4516,3,
WDS_Pitch_Pine_P1,58,126,18,A,,1.486,1.498,0.62,0.588,0.4877,0.4543,3,
WDS_Pitch_Pine_P1,58,126,17,B,,1.852,1.86,0.882,0.768,0.5703,0.4818,3,
WDS_Pitch_Pine_P1,58,126,17,A,,2.778,2.782,1.214,1.134,0.515,0.4746,3,
WDS_Pitch_Pine_P1,58,126,16,B,,1.214,1.228,0.492,0.47,0.4715,0.4412,3,
WDS_Pitch_Pine_P1,58,126,16,A,,1.302,1.322,0.542,0.518,0.4864,0.4534,3,
WDS_Pitch_Pine_P1,58,126,15,B,,1.622,1.642,0.656,0.618,0.4703,0.4328,3,
WDS_Pitch_Pine_P1,58,126,15,A,,2.246,2.258,1.05,1.002,0.5578,0.5244,3,
WDS_Pitch_Pine_P1,58,126,14,B,,1.452,1.466,0.648,0.6,0.5279,0.4769,3,
WDS_Pitch_Pine_P1,58,126,14,A,,1.326,1.34,0.538,0.502,0.4721,0.4305,3,
WDS_Pitch_Pine_P1,58,126,13,B,,1.156,1.168,0.492,0.458,0.4992,0.4538,3,
WDS_Pitch_Pine_P1,58,126,13,A,,1.172,1.192,0.47,0.446,0.4657,0.4299,3,
WDS_Pitch_Pine_P1,58,126,12,B,,2.332,2.348,0.902,0.87,0.4466,0.4251,3,
WDS_Pitch_Pine_P1,58,126,12,A,,1.588,1.612,0.574,0.55,0.4132,0.3869,3,
WDS_Pitch_Pine_P1,58,126,11,B,,2.086,2.108,0.83,0.782,0.4615,0.4257,3,
WDS_Pitch_Pine_P1,58,126,11,A,,2.42,2.448,0.914,0.878,0.4345,0.4095,3,
WDS_Pitch_Pine_P1,58,126,10,B,,2.352,2.38,0.89,0.834,0.4355,0.3988,3,
WDS_Pitch_Pine_P1,58,126,10,A,,3.044,3.092,1.244,1.156,0.4761,0.4295,3,
WDS_Pitch_Pine_P1,58,126,9,B,,2.25,2.272,0.868,0.792,0.4453,0.3965,3,
WDS_Pitch_Pine_P1,58,126,9,A,,2.058,2.078,0.75,0.688,0.4171,0.374,3,
WDS_Pitch_Pine_P1,58,126,8,B,,2.36,2.366,1.09,0.938,0.5498,0.4596,3,
WDS_Pitch_Pine_P1,58,126,8,A,,1.142,1.148,0.452,0.392,0.4587,0.3873,3,
WDS_Pitch_Pine_P1,58,126,7,B,,2.908,2.952,1.236,1.182,0.4984,0.4649,3,
WDS_Pitch_Pine_P1,58,126,7,A,,2.262,2.28,0.94,0.898,0.4854,0.4561,3,
WDS_Pitch_Pine_P1,58,126,6,B,,0.856,0.868,0.36,0.33,0.4923,0.4378,3,
WDS_Pitch_Pine_P1,58,126,6,A,,1.128,1.136,0.512,0.452,0.5386,0.4615,3,
WDS_Pitch_Pine_P1,58,126,5,B,,1.208,1.22,0.472,0.45,0.4519,0.4229,3,
WDS_Pitch_Pine_P1,58,126,5,A,,1.55,1.566,0.642,0.618,0.4836,0.4571,3,
WDS_Pitch_Pine_P1,58,126,4,B,,1.102,1.122,0.436,0.412,0.4585,0.4207,3,
WDS_Pitch_Pine_P1,58,126,4,A,,1.418,1.438,0.602,0.572,0.4977,0.4613,3,
WDS_Pitch_Pine_P1,58,126,3,B,,1.056,1.066,0.432,0.414,0.4766,0.4487,3,
WDS_Pitch_Pine_P1,58,126,3,A,,0.998,1.01,0.39,0.372,0.452,0.4222,3,
WDS_Pitch_Pine_P1,58,126,2,B,,0.996,1.008,0.412,0.402,0.4828,0.4627,3,
WDS_Pitch_Pine_P1,58,126,2,A,,1.07,1.08,0.478,0.458,0.5285,0.4971,3,
WDS_Pitch_Pine_P1,58,126,1,B,,3.93,3.932,1.496,1.394,0.4385,0.4042,3,
WDS_Pitch_Pine_P1,59,126,20,B,,1.456,1.462,0.57,0.476,0.4529,0.367,3,
WDS_Pitch_Pine_P1,59,126,1,A,,1.41,1.416,0.638,0.594,0.5366,0.4908,3,
WDS_Pitch_Pine_P1,59,126,1,B,,1.66,1.676,0.778,0.754,0.5595,0.5329,3,
WDS_Pitch_Pine_P1,59,126,2,A,,1.704,1.718,0.694,0.668,0.4742,0.4493,3,
WDS_Pitch_Pine_P1,59,126,2,B,,1.564,1.58,0.638,0.608,0.4751,0.444,3,
WDS_Pitch_Pine_P1,59,126,3,A,,1.936,1.942,0.792,0.74,0.4766,0.439,3,
WDS_Pitch_Pine_P1,59,126,3,B,,2.288,2.306,1.024,0.954,0.5297,0.4829,3,
WDS_Pitch_Pine_P1,59,126,4,A,,1.114,1.122,0.428,0.416,0.4432,0.4254,3,
WDS_Pitch_Pine_P1,59,126,4,B,,0.934,0.948,0.34,0.332,0.4166,0.3986,3,
WDS_Pitch_Pine_P1,59,126,5,A,,1.599,1.614,0.68,0.65,0.4987,0.468,3,
WDS_Pitch_Pine_P1,59,126,5,B,,1.396,1.408,0.592,0.57,0.4971,0.4709,3,
WDS_Pitch_Pine_P1,59,126,6,A,,2.084,2.106,0.864,0.812,0.4841,0.445,3,
WDS_Pitch_Pine_P1,59,126,6,B,,2.33,2.358,0.976,0.918,0.49,0.45,3,
WDS_Pitch_Pine_P1,59,126,7,A,,1.752,1.768,0.67,0.642,0.4408,0.4154,3,
WDS_Pitch_Pine_P1,59,126,7,B,,2.218,2.24,0.832,0.788,0.4311,0.4006,3,
WDS_Pitch_Pine_P1,59,126,8,A,,2.004,2.026,0.792,0.762,0.4579,0.4325,3,
WDS_Pitch_Pine_P1,59,126,8,B,,2.83,2.848,1.206,1.168,0.5,0.478,3,
WDS_Pitch_Pine_P1,59,126,9,A,,1.884,1.9,0.86,0.834,0.5422,0.5177,3,
WDS_Pitch_Pine_P1,59,126,9,B,,1.836,1.848,0.778,0.748,0.4966,0.4708,3,
WDS_Pitch_Pine_P1,59,126,10,A,,2.486,2.506,1.034,0.984,0.4859,0.4545,3,
WDS_Pitch_Pine_P1,59,126,10,B,,1.818,1.834,0.704,0.672,0.4472,0.4197,3,
WDS_Pitch_Pine_P1,59,126,11,A,,3.05,3.064,1.306,1.258,0.5028,0.4787,3,
WDS_Pitch_Pine_P1,59,126,11,B,,2.114,2.114,0.97,0.818,0.5456,0.4468,3,
WDS_Pitch_Pine_P1,59,126,12,A,,1.024,1.044,0.41,0.4,0.4649,0.4418,3,
WDS_Pitch_Pine_P1,59,126,12,B,,1.058,1.072,0.458,0.45,0.5093,0.4912,3,
WDS_Pitch_Pine_P1,59,126,13,A,,1.016,1.022,0.436,0.394,0.5041,0.4449,3,
WDS_Pitch_Pine_P1,59,126,13,B,,1.548,1.572,0.698,0.676,0.5344,0.5053,3,
WDS_Pitch_Pine_P1,59,126,14,A,,1.62,1.632,0.558,0.532,0.3911,0.3675,3,
WDS_Pitch_Pine_P1,59,126,14,B,,2.438,2.46,0.964,0.926,0.4582,0.4329,3,
WDS_Pitch_Pine_P1,59,126,15,A,,1.016,1.036,0.44,0.428,0.5095,0.4821,3,
WDS_Pitch_Pine_P1,59,126,15,B,,1.266,1.288,0.552,0.526,0.5136,0.4757,3,
WDS_Pitch_Pine_P1,59,126,16,A,,1.498,1.572,0.6,0.572,0.4651,0.4163,3,
WDS_Pitch_Pine_P1,59,126,16,B,,1.832,1.862,0.76,0.73,0.4845,0.4537,3,
WDS_Pitch_Pine_P1,59,126,17,A,,2.094,2.12,0.916,0.892,0.5156,0.4925,3,
WDS_Pitch_Pine_P1,59,126,17,B,,1.874,1.892,0.754,0.73,0.4675,0.4454,3,
WDS_Pitch_Pine_P1,59,126,18,A,,0.78,0.794,0.344,0.332,0.5206,0.489,3,
WDS_Pitch_Pine_P1,59,126,18,B,,1.32,1.338,0.63,0.594,0.5718,0.5246,3,
WDS_Pitch_Pine_P1,59,126,19,A,,1.258,1.262,0.546,0.51,0.5108,0.4699,3,
WDS_Pitch_Pine_P1,59,126,19,B,,1.674,1.67,0.78,0.748,0.5556,0.5302,3,
WDS_Pitch_Pine_P1,59,126,20,A,,1.844,1.84,0.764,0.654,0.4837,0.4053,3,
WDS_Pitch_Pine_P1,6,126,1,A,,2.89,2.948,1.042,0.928,0.412,0.3533,3,
WDS_Pitch_Pine_P1,6,126,20,B,,3.658,3.658,1.452,1.284,0.4602,0.3996,3,
WDS_Pitch_Pine_P1,6,126,20,A,,3.63,3.634,1.476,1.258,0.4733,0.3933,3,
WDS_Pitch_Pine_P1,6,126,19,B,,3.68,3.696,1.472,1.32,0.4643,0.4076,3,
WDS_Pitch_Pine_P1,6,126,19,A,,2.984,3.03,1.152,1.072,0.4457,0.4032,3,
WDS_Pitch_Pine_P1,6,126,18,B,,1.538,1.54,0.484,0.46,0.3532,0.3332,3,
WDS_Pitch_Pine_P1,6,126,18,A,,1.662,1.704,0.51,0.48,0.3434,0.3121,3,
WDS_Pitch_Pine_P1,6,126,17,B,,1.98,1.984,0.688,0.63,0.395,0.3568,3,
WDS_Pitch_Pine_P1,6,126,17,A,,2.028,2.036,0.832,0.652,0.4782,0.3602,3,
WDS_Pitch_Pine_P1,6,126,16,B,,4.03,4.092,1.548,1.38,0.4431,0.3819,3,
WDS_Pitch_Pine_P1,6,126,16,A,,3.22,3.27,1.072,1.002,0.3763,0.3428,3,
WDS_Pitch_Pine_P1,6,126,15,B,,2.27,2.28,0.716,0.67,0.3541,0.3272,3,
WDS_Pitch_Pine_P1,6,126,15,A,,2.87,2.94,0.978,0.9,0.3864,0.3424,3,
WDS_Pitch_Pine_P1,6,126,14,B,,1.592,1.592,0.57,0.54,0.4087,0.3844,3,
WDS_Pitch_Pine_P1,6,126,14,A,,1.558,1.576,0.532,0.518,0.3873,0.3709,3,
WDS_Pitch_Pine_P1,6,126,13,B,,2.47,2.484,0.862,0.8,0.397,0.3625,3,
WDS_Pitch_Pine_P1,6,126,13,A,,2.122,2.132,0.758,0.714,0.4077,0.3788,3,
WDS_Pitch_Pine_P1,6,126,12,B,,1.872,1.874,0.598,0.564,0.3592,0.336,3,
WDS_Pitch_Pine_P1,6,126,12,A,,1.95,1.99,0.682,0.648,0.398,0.367,3,
WDS_Pitch_Pine_P1,6,126,11,B,,1.492,1.498,0.5,0.48,0.3791,0.3604,3,
WDS_Pitch_Pine_P1,6,126,11,A,,1.178,1.22,0.382,0.37,0.3653,0.3389,3,
WDS_Pitch_Pine_P1,6,126,10,B,,1.59,1.612,0.652,0.592,0.478,0.4208,3,
WDS_Pitch_Pine_P1,6,126,10,A,,1.57,1.61,0.564,0.52,0.4103,0.3637,3,
WDS_Pitch_Pine_P1,6,126,9,B,,1.7,1.734,0.5,0.482,0.3275,0.3076,3,
WDS_Pitch_Pine_P1,6,126,9,A,,1.64,1.678,0.48,0.454,0.3257,0.2985,3,
WDS_Pitch_Pine_P1,6,126,8,B,,1.992,1.988,0.67,0.63,0.3807,0.356,3,
WDS_Pitch_Pine_P1,6,126,8,A,,1.722,1.738,0.55,0.52,0.3591,0.3338,3,
WDS_Pitch_Pine_P1,6,126,7,B,,1.634,1.64,0.454,0.448,0.3074,0.3017,3,
WDS_Pitch_Pine_P1,6,126,7,A,,1.694,1.748,0.56,0.51,0.3733,0.3246,3,
WDS_Pitch_Pine_P1,6,126,6,B,,2.32,2.28,0.75,0.67,0.364,0.3272,3,
WDS_Pitch_Pine_P1,6,126,6,A,,2.324,2.362,0.754,0.698,0.3655,0.3292,3,
WDS_Pitch_Pine_P1,6,126,5,B,,1.48,1.482,0.55,0.528,0.4265,0.4064,3,
WDS_Pitch_Pine_P1,6,126,5,A,,1.08,1.094,0.384,0.374,0.4055,0.3878,3,
WDS_Pitch_Pine_P1,6,126,4,B,,5.2,5.326,2.248,2.022,0.5084,0.4371,3,
WDS_Pitch_Pine_P1,6,126,4,A,,5.68,5.812,2.248,1.952,0.4587,0.3801,3,
WDS_Pitch_Pine_P1,6,126,3,B,,3.108,3.084,1.124,1.002,0.4134,0.3661,3,
WDS_Pitch_Pine_P1,6,126,3,A,,2.944,2.988,1.082,0.902,0.4211,0.3371,3,
WDS_Pitch_Pine_P1,6,126,2,B,,3.43,3.434,1.432,1.302,0.4881,0.4365,3,
WDS_Pitch_Pine_P1,6,126,2,A,,3.588,3.658,1.518,1.372,0.4957,0.4311,3,
WDS_Pitch_Pine_P1,6,126,1,B,,3.208,3.202,1.19,1.054,0.4256,0.3715,3,
WDS_Pitch_Pine_P1,60,126,15,B,,2.078,2.078,0.908,0.824,0.5149,0.4597,3,
WDS_Pitch_Pine_P1,60,126,1,A,,1.154,1.164,0.448,0.428,0.4485,0.4214,3,
WDS_Pitch_Pine_P1,60,126,1,B,,1.158,1.154,0.468,0.434,0.4699,0.4324,3,
WDS_Pitch_Pine_P1,60,126,2,A,,1.504,1.508,0.588,0.55,0.4522,0.4175,3,
WDS_Pitch_Pine_P1,60,126,2,B,,1.256,1.246,0.45,0.422,0.409,0.3837,3,
WDS_Pitch_Pine_P1,60,126,3,A,,1.476,1.48,0.628,0.592,0.499,0.4643,3,
WDS_Pitch_Pine_P1,60,126,3,B,,2.088,2.094,0.962,0.922,0.5482,0.5195,3,
WDS_Pitch_Pine_P1,60,126,4,A,,2.124,2.114,0.832,0.798,0.4532,0.4343,3,
WDS_Pitch_Pine_P1,60,126,4,B,,2.538,2.532,1.084,1.048,0.5013,0.4832,3,
WDS_Pitch_Pine_P1,60,126,5,A,,1.078,1.08,0.43,0.412,0.4628,0.4396,3,
WDS_Pitch_Pine_P1,60,126,5,B,,1.008,1.01,0.384,0.368,0.4389,0.417,3,
WDS_Pitch_Pine_P1,60,126,6,A,,0.996,0.996,0.382,0.366,0.4423,0.4211,3,
WDS_Pitch_Pine_P1,60,126,6,B,,0.968,0.974,0.368,0.35,0.4378,0.4104,3,
WDS_Pitch_Pine_P1,60,126,7,A,,1.342,1.348,0.548,0.52,0.4756,0.4453,3,
WDS_Pitch_Pine_P1,60,126,7,B,,1.268,1.28,0.51,0.486,0.4673,0.4372,3,
WDS_Pitch_Pine_P1,60,126,8,A,,0.952,0.956,0.338,0.312,0.4048,0.368,3,
WDS_Pitch_Pine_P1,60,126,8,B,,0.962,0.964,0.342,0.318,0.4054,0.3724,3,
WDS_Pitch_Pine_P1,60,126,9,A,,1.166,1.174,0.464,0.426,0.4616,0.415,3,
WDS_Pitch_Pine_P1,60,126,9,B,,1.156,1.154,0.482,0.428,0.4873,0.4256,3,
WDS_Pitch_Pine_P1,60,126,10,A,,0.936,0.934,0.376,0.35,0.4666,0.4306,3,
WDS_Pitch_Pine_P1,60,126,10,B,,0.798,0.8,0.318,0.296,0.4623,0.4244,3,
WDS_Pitch_Pine_P1,60,126,11,A,,1.242,1.25,0.482,0.438,0.4484,0.3988,3,
WDS_Pitch_Pine_P1,60,126,11,B,,1.042,1.046,0.392,0.382,0.4326,0.4181,3,
WDS_Pitch_Pine_P1,60,126,12,A,,1.408,1.408,0.56,0.53,0.4613,0.4329,3,
WDS_Pitch_Pine_P1,60,126,12,B,,1.404,1.406,0.558,0.53,0.4609,0.4336,3,
WDS_Pitch_Pine_P1,60,126,13,A,,1.184,1.192,0.45,0.424,0.4377,0.4057,3,
WDS_Pitch_Pine_P1,60,126,13,B,,1.08,1.088,0.398,0.376,0.4224,0.3926,3,
WDS_Pitch_Pine_P1,60,126,14,A,,2.134,2.128,0.928,0.866,0.512,0.4737,3,
WDS_Pitch_Pine_P1,60,126,14,B,,1.634,1.628,0.68,0.632,0.4863,0.4485,3,
WDS_Pitch_Pine_P1,60,126,15,A,,2.942,2.97,1.36,1.24,0.5504,0.4881,3,
WDS_Pitch_Pine_P1,60,126,16,A,,2.596,2.614,1.1,1.022,0.4966,0.4522,3,
WDS_Pitch_Pine_P1,60,126,16,B,,2.236,2.248,0.89,0.808,0.4617,0.4105,3,
WDS_Pitch_Pine_P1,60,126,17,A,,0.764,0.766,0.28,0.262,0.4198,0.388,3,
WDS_Pitch_Pine_P1,60,126,17,B,,0.924,0.93,0.358,0.342,0.4475,0.4214,3,
WDS_Pitch_Pine_P1,60,126,18,A,,1.378,1.38,0.576,0.552,0.4888,0.4643,3,
WDS_Pitch_Pine_P1,60,126,18,B,,1.224,1.234,0.494,0.47,0.4692,0.4388,3,
WDS_Pitch_Pine_P1,60,126,19,A,,0.998,1.006,0.376,0.342,0.4333,0.3853,3,
WDS_Pitch_Pine_P1,60,126,19,B,,1.008,1.002,0.362,0.338,0.4102,0.382,3,
WDS_Pitch_Pine_P1,60,126,20,A,,2.122,2.148,0.964,0.834,0.5391,0.4486,3,
WDS_Pitch_Pine_P1,60,126,20,B,,1.754,1.75,0.738,0.672,0.4925,0.4429,3,
WDS_Pitch_Pine_P1,61,126,1,A,,2.478,2.458,0.998,0.9,0.468,0.4193,3,
WDS_Pitch_Pine_P1,61,126,20,B,,1.904,1.878,0.784,0.756,0.4803,0.4678,3,
WDS_Pitch_Pine_P1,61,126,20,A,,1.51,1.492,0.61,0.582,0.4697,0.451,3,
WDS_Pitch_Pine_P1,61,126,19,B,,2.062,2.046,0.804,0.728,0.4508,0.4058,3,
WDS_Pitch_Pine_P1,61,126,19,A,,1.676,1.658,0.678,0.576,0.4705,0.3949,3,
WDS_Pitch_Pine_P1,61,126,18,B,,2.144,2.13,0.91,0.8,0.4976,0.4318,3,
WDS_Pitch_Pine_P1,61,126,18,A,,1.35,1.348,0.518,0.482,0.4425,0.4081,3,
WDS_Pitch_Pine_P1,61,126,17,B,,1.338,1.328,0.584,0.568,0.5142,0.5021,3,
WDS_Pitch_Pine_P1,61,126,17,A,,0.946,0.934,0.362,0.352,0.4411,0.4335,3,
WDS_Pitch_Pine_P1,61,126,16,B,,2.408,2.39,1.068,0.98,0.524,0.4779,3,
WDS_Pitch_Pine_P1,61,126,16,A,,1.388,1.374,0.512,0.49,0.4229,0.4069,3,
WDS_Pitch_Pine_P1,61,126,15,B,,1.95,1.942,0.806,0.772,0.4824,0.461,3,
WDS_Pitch_Pine_P1,61,126,15,A,,2.118,2.106,0.872,0.832,0.4802,0.4577,3,
WDS_Pitch_Pine_P1,61,126,14,B,,1.726,1.714,0.838,0.694,0.5837,0.471,3,
WDS_Pitch_Pine_P1,61,126,14,A,,1.426,1.412,0.762,0.548,0.6557,0.4484,3,
WDS_Pitch_Pine_P1,61,126,13,B,,3.182,3.152,1.342,1.172,0.4939,0.4268,3,
WDS_Pitch_Pine_P1,61,126,13,A,,1.986,1.968,0.796,0.662,0.4654,0.3807,3,
WDS_Pitch_Pine_P1,61,126,12,B,,1.812,1.81,0.806,0.77,0.5258,0.4989,3,
WDS_Pitch_Pine_P1,61,126,12,A,,1.136,1.134,0.542,0.458,0.5716,0.4696,3,
WDS_Pitch_Pine_P1,61,126,11,B,,1.362,1.354,0.562,0.532,0.4814,0.4548,3,
WDS_Pitch_Pine_P1,61,126,11,A,,1.394,1.374,0.626,0.572,0.5318,0.4865,3,
WDS_Pitch_Pine_P1,61,126,10,B,,1.322,1.314,0.556,0.518,0.4923,0.4566,3,
WDS_Pitch_Pine_P1,61,126,10,A,,1.56,1.548,0.632,0.604,0.4713,0.4512,3,
WDS_Pitch_Pine_P1,61,126,9,B,,1.304,1.284,0.536,0.502,0.4793,0.4522,3,
WDS_Pitch_Pine_P1,61,126,9,A,,1.278,1.26,0.51,0.492,0.4631,0.4516,3,
WDS_Pitch_Pine_P1,61,126,8,B,,1.078,1.066,0.476,0.44,0.5213,0.4816,3,
WDS_Pitch_Pine_P1,61,126,8,A,,1.428,1.414,0.622,0.6,0.513,0.4974,3,
WDS_Pitch_Pine_P1,61,126,7,B,,2.228,2.226,1.142,0.96,0.6232,0.507,3,
WDS_Pitch_Pine_P1,61,126,7,A,,1.588,1.566,0.66,0.638,0.4855,0.4744,3,
WDS_Pitch_Pine_P1,61,126,6,B,,1.648,1.622,0.84,0.696,0.619,0.504,3,
WDS_Pitch_Pine_P1,61,126,6,A,,1.34,1.32,0.606,0.524,0.5362,0.4603,3,
WDS_Pitch_Pine_P1,61,126,5,B,,1.134,1.124,0.458,0.444,0.4696,0.4576,3,
WDS_Pitch_Pine_P1,61,126,5,A,,1.172,1.164,0.48,0.452,0.4773,0.4487,3,
WDS_Pitch_Pine_P1,61,126,4,B,,1.77,1.75,0.766,0.688,0.5091,0.4551,3,
WDS_Pitch_Pine_P1,61,126,4,A,,1.498,1.474,0.582,0.554,0.4489,0.4321,3,
WDS_Pitch_Pine_P1,61,126,3,B,,1.002,0.998,0.398,0.386,0.4606,0.4466,3,
WDS_Pitch_Pine_P1,61,126,3,A,,1.054,1.048,0.42,0.41,0.4623,0.4526,3,
WDS_Pitch_Pine_P1,61,126,2,B,,1.12,1.11,0.492,0.456,0.5181,0.479,3,
WDS_Pitch_Pine_P1,61,126,2,A,,1.15,1.15,0.482,0.47,0.4903,0.4761,3,
WDS_Pitch_Pine_P1,61,126,1,B,,2.72,2.634,1.442,0.934,0.6494,0.4042,3,
WDS_Pitch_Pine_P1,62,126,1,A,,1.284,1.282,0.5,0.49,0.4501,0.4405,3,
WDS_Pitch_Pine_P1,62,126,20,B,,1.76,1.768,0.71,0.682,0.4689,0.4452,3,
WDS_Pitch_Pine_P1,62,126,20,A,,1.712,1.704,0.71,0.69,0.4843,0.471,3,
WDS_Pitch_Pine_P1,62,126,19,B,,1.99,2.01,0.754,0.732,0.4361,0.4168,3,
WDS_Pitch_Pine_P1,62,126,19,A,,2.9,2.902,1.18,1.148,0.4737,0.4584,3,
WDS_Pitch_Pine_P1,62,126,18,B,,1.43,1.492,0.572,0.472,0.4643,0.3553,3,
WDS_Pitch_Pine_P1,62,126,18,A,,1.522,1.438,0.614,0.546,0.469,0.4372,3,
WDS_Pitch_Pine_P1,62,126,17,B,,0.978,0.986,0.39,0.382,0.4627,0.4475,3,
WDS_Pitch_Pine_P1,62,126,17,A,,1.06,1.058,0.448,0.438,0.4951,0.4833,3,
WDS_Pitch_Pine_P1,62,126,16,B,,1.49,1.522,0.6,0.578,0.468,0.4373,3,
WDS_Pitch_Pine_P1,62,126,16,A,,1.802,1.808,0.754,0.722,0.4894,0.4634,3,
WDS_Pitch_Pine_P1,62,126,1,B,,1.638,1.636,0.67,0.658,0.4766,0.4673,3,
WDS_Pitch_Pine_P1,62,126,15,B,,1.614,1.614,0.79,0.738,0.5894,0.5433,3,
WDS_Pitch_Pine_P1,62,126,15,A,,1.568,1.57,0.754,0.692,0.577,0.5202,3,
WDS_Pitch_Pine_P1,62,126,14,B,,2.232,2.252,0.96,0.898,0.5054,0.4627,3,
WDS_Pitch_Pine_P1,62,126,14,A,,1.852,1.868,0.746,0.694,0.4681,0.4264,3,
WDS_Pitch_Pine_P1,62,126,13,B,,2.308,2.326,0.998,0.942,0.5086,0.4711,3,
WDS_Pitch_Pine_P1,62,126,13,A,,2.402,2.42,0.982,0.928,0.4763,0.4422,3,
WDS_Pitch_Pine_P1,62,126,12,B,,2.468,2.462,1.072,0.972,0.5113,0.4573,3,
WDS_Pitch_Pine_P1,62,126,12,A,,1.932,1.95,0.798,0.738,0.482,0.4356,3,
WDS_Pitch_Pine_P1,62,126,11,B,,2.92,2.934,1.248,1.162,0.5017,0.459,3,
WDS_Pitch_Pine_P1,62,126,11,A,,2.342,2.29,1.348,0.798,0.7189,0.3963,3,
WDS_Pitch_Pine_P1,62,126,10,B,,2.194,2.202,0.846,0.8,0.445,0.4156,3,
WDS_Pitch_Pine_P1,62,126,10,A,,2.19,2.19,0.916,0.796,0.4891,0.4158,3,
WDS_Pitch_Pine_P1,62,126,9,B,,2.468,2.478,1.046,0.988,0.4968,0.4626,3,
WDS_Pitch_Pine_P1,62,126,9,A,,1.878,1.898,0.786,0.722,0.4895,0.4381,3,
WDS_Pitch_Pine_P1,62,126,8,B,,1.946,1.954,0.77,0.738,0.4585,0.4345,3,
WDS_Pitch_Pine_P1,62,126,8,A,,2.462,2.468,1.05,1.01,0.5004,0.4768,3,
WDS_Pitch_Pine_P1,62,126,7,B,,1.698,1.69,0.746,0.678,0.5182,0.4659,3,
WDS_Pitch_Pine_P1,62,126,7,A,,1.74,1.738,0.72,0.68,0.483,0.4526,3,
WDS_Pitch_Pine_P1,62,126,6,B,,1.618,1.62,0.706,0.652,0.514,0.4677,3,
WDS_Pitch_Pine_P1,62,126,6,A,,1.79,1.794,0.798,0.744,0.5272,0.4843,3,
WDS_Pitch_Pine_P1,62,126,5,B,,1.682,1.698,0.688,0.672,0.4766,0.4586,3,
WDS_Pitch_Pine_P1,62,126,5,A,,1.25,1.252,0.476,0.464,0.4387,0.4252,3,
WDS_Pitch_Pine_P1,62,126,4,B,,1.492,1.49,0.572,0.562,0.4421,0.4339,3,
WDS_Pitch_Pine_P1,62,126,4,A,,1.142,1.132,0.422,0.416,0.4238,0.4211,3,
WDS_Pitch_Pine_P1,62,126,3,B,,2.08,2.08,0.868,0.844,0.4878,0.4721,3,
WDS_Pitch_Pine_P1,62,126,3,A,,1.156,1.168,0.438,0.422,0.4361,0.413,3,
WDS_Pitch_Pine_P1,62,126,2,B,,1.478,1.478,0.562,0.546,0.4379,0.4236,3,
WDS_Pitch_Pine_P1,62,126,2,A,,1.222,1.224,0.458,0.45,0.4307,0.4213,3,
WDS_Pitch_Pine_P1,63,126,11,A,,2.282,2.268,1.01,0.978,0.5227,0.5069,3,
WDS_Pitch_Pine_P1,63,126,20,B,,1.378,1.364,0.53,0.512,0.4437,0.4315,3,
WDS_Pitch_Pine_P1,63,126,20,A,,1.776,1.756,0.72,0.698,0.4716,0.461,3,
WDS_Pitch_Pine_P1,63,126,19,B,,1.768,1.754,0.67,0.634,0.4362,0.4132,3,
WDS_Pitch_Pine_P1,63,126,19,A,,2.45,2.43,0.986,0.936,0.4676,0.4445,3,
WDS_Pitch_Pine_P1,63,126,18,B,,0.824,0.82,0.332,0.322,0.4683,0.4545,3,
WDS_Pitch_Pine_P1,63,126,18,A,,0.892,0.894,0.372,0.362,0.4875,0.471,3,
WDS_Pitch_Pine_P1,63,126,17,B,,1.066,1.066,0.416,0.408,0.4512,0.4412,3,
WDS_Pitch_Pine_P1,63,126,17,A,,1.05,1.04,0.4,0.396,0.4389,0.4386,3,
WDS_Pitch_Pine_P1,63,126,16,B,,1.1,1.082,0.4,0.39,0.416,0.4119,3,
WDS_Pitch_Pine_P1,63,126,16,A,,1.228,1.222,0.43,0.418,0.3985,0.388,3,
WDS_Pitch_Pine_P1,63,126,15,B,,1.07,1.046,0.412,0.402,0.4443,0.4433,3,
WDS_Pitch_Pine_P1,63,126,15,A,,,,,,,,3,
WDS_Pitch_Pine_P1,63,126,14,B,,1.306,1.292,0.508,0.498,0.4495,0.4448,3,
WDS_Pitch_Pine_P1,63,126,14,A,,1.258,1.258,0.502,0.49,0.4631,0.4503,3,
WDS_Pitch_Pine_P1,63,126,13,B,,0.878,0.862,0.338,0.33,0.4442,0.4414,3,
WDS_Pitch_Pine_P1,63,126,13,A,,0.926,0.92,0.348,0.342,0.4321,0.4267,3,
WDS_Pitch_Pine_P1,63,126,12,B,,0.976,0.964,0.394,0.348,0.4693,0.4126,3,
WDS_Pitch_Pine_P1,63,126,12,A,,1.182,1.18,0.482,0.424,0.4749,0.4104,3,
WDS_Pitch_Pine_P1,63,126,11,B,,1.49,1.468,0.61,0.588,0.477,0.4651,3,
WDS_Pitch_Pine_P1,63,126,10,B,,1.428,1.42,0.558,0.538,0.4519,0.4361,3,
WDS_Pitch_Pine_P1,63,126,10,A,,1.828,1.818,0.722,0.7,0.4576,0.4443,3,
WDS_Pitch_Pine_P1,63,126,9,B,,1.618,1.596,0.66,0.642,0.475,0.4674,3,
WDS_Pitch_Pine_P1,63,126,9,A,,1.844,1.83,0.808,0.782,0.5166,0.5016,3,
WDS_Pitch_Pine_P1,63,126,8,B,,2.132,2.112,0.802,0.762,0.4325,0.4123,3,
WDS_Pitch_Pine_P1,63,126,8,A,,2.058,2.048,0.762,0.698,0.4247,0.3864,3,
WDS_Pitch_Pine_P1,63,126,7,B,,2.032,2.032,0.792,0.764,0.4506,0.4323,3,
WDS_Pitch_Pine_P1,63,126,7,A,,2.28,2.278,0.91,0.89,0.4632,0.4518,3,
WDS_Pitch_Pine_P1,63,126,6,B,,1.452,1.46,0.674,0.61,0.5531,0.4885,3,
WDS_Pitch_Pine_P1,63,126,6,A,,1.12,1.128,0.478,0.442,0.5008,0.4534,3,
WDS_Pitch_Pine_P1,63,126,5,B,,0.88,0.88,0.34,0.318,0.4461,0.4131,3,
WDS_Pitch_Pine_P1,63,126,5,A,,1.358,1.36,0.544,0.51,0.4651,0.431,3,
WDS_Pitch_Pine_P1,63,126,4,B,,1.278,1.268,0.482,0.464,0.4338,0.419,3,
WDS_Pitch_Pine_P1,63,126,4,A,,1.442,1.436,0.566,0.544,0.4543,0.4361,3,
WDS_Pitch_Pine_P1,63,126,3,B,,1.472,1.478,0.494,0.478,0.3797,0.3642,3,
WDS_Pitch_Pine_P1,63,126,3,A,,1.304,1.3,0.438,0.426,0.3801,0.3697,3,
WDS_Pitch_Pine_P1,63,126,2,B,,1.392,1.39,0.484,0.468,0.3953,0.3811,3,
WDS_Pitch_Pine_P1,63,126,2,A,,1.624,1.628,0.566,0.55,0.3964,0.3826,3,
WDS_Pitch_Pine_P1,63,126,1,B,,2.29,2.282,0.962,0.942,0.4916,0.4817,3,
WDS_Pitch_Pine_P1,63,126,1,A,,2.994,2.988,1.32,1.278,0.5204,0.5021,3,
WDS_Pitch_Pine_P1,64,126,1,B,,2.87,2.744,1.13,1.068,0.4559,0.4499,3,
WDS_Pitch_Pine_P1,64,126,2,A,,1.002,0.982,0.458,0.436,0.5431,0.5247,3,
WDS_Pitch_Pine_P1,64,126,2,B,,0.958,0.938,0.432,0.404,0.5344,0.5062,3,
WDS_Pitch_Pine_P1,64,126,3,A,,3.18,3.044,1.384,1.154,0.5125,0.4364,3,
WDS_Pitch_Pine_P1,64,126,3,B,,2.072,1.994,0.87,0.704,0.4914,0.4023,3,
WDS_Pitch_Pine_P1,64,126,4,A,,2.168,2.074,0.998,0.744,0.5477,0.4096,3,
WDS_Pitch_Pine_P1,64,126,4,B,,2.612,2.51,1.07,0.948,0.4774,0.4345,3,
WDS_Pitch_Pine_P1,64,126,5,A,,1.584,1.532,0.726,0.638,0.5448,0.4867,3,
WDS_Pitch_Pine_P1,64,126,5,B,,0.834,0.794,0.332,0.308,0.4618,0.4481,3,
WDS_Pitch_Pine_P1,64,126,6,A,,2.302,2.22,0.896,0.848,0.4499,0.4402,3,
WDS_Pitch_Pine_P1,64,126,6,B,,2.45,2.48,0.918,0.87,0.4306,0.3993,3,
WDS_Pitch_Pine_P1,64,126,7,A,,2.388,2.318,0.962,0.89,0.4682,0.4429,3,
WDS_Pitch_Pine_P1,64,126,7,B,,2.438,2.352,0.962,0.894,0.4571,0.4377,3,
WDS_Pitch_Pine_P1,64,126,8,A,,1.542,1.52,0.598,0.564,0.448,0.4258,3,
WDS_Pitch_Pine_P1,64,126,8,B,,2.012,1.952,0.824,0.786,0.4772,0.4679,3,
WDS_Pitch_Pine_P1,64,126,9,A,,2.212,2.126,0.968,0.834,0.5158,0.454,3,
WDS_Pitch_Pine_P1,64,126,9,B,,2.29,2.212,0.968,0.84,0.4952,0.4373,3,
WDS_Pitch_Pine_P1,64,126,10,A,,2.304,2.216,0.902,0.806,0.4529,0.4162,3,
WDS_Pitch_Pine_P1,64,126,10,B,,1.882,1.838,0.704,0.608,0.4298,0.3736,3,
WDS_Pitch_Pine_P1,64,126,11,A,,2.062,2,0.822,0.748,0.4625,0.4297,3,
WDS_Pitch_Pine_P1,64,126,11,B,,1.938,1.888,0.772,0.71,0.4621,0.4324,3,
WDS_Pitch_Pine_P1,64,126,12,A,,2.222,2.164,0.97,0.848,0.5143,0.4534,3,
WDS_Pitch_Pine_P1,64,126,12,B,,1.76,1.732,0.81,0.73,0.5475,0.4935,3,
WDS_Pitch_Pine_P1,64,126,13,A,,1.932,1.89,0.77,0.724,0.4624,0.4417,3,
WDS_Pitch_Pine_P1,64,126,13,B,,1.288,1.262,0.462,0.43,0.4096,0.3863,3,
WDS_Pitch_Pine_P1,64,126,1,A,,2.616,2.5,1.474,1.03,0.7001,0.4806,3,
WDS_Pitch_Pine_P1,64,126,14,A,,1.638,1.59,0.65,0.622,0.4601,0.4525,3,
WDS_Pitch_Pine_P1,64,126,14,B,,1.512,1.468,0.638,0.602,0.4942,0.478,3,
WDS_Pitch_Pine_P1,64,126,15,A,,1.95,1.904,0.856,0.794,0.5177,0.4874,3,
WDS_Pitch_Pine_P1,64,126,15,B,,2.004,1.954,0.948,0.842,0.5658,0.5065,3,
WDS_Pitch_Pine_P1,64,126,16,A,,1.982,1.926,0.77,0.72,0.4489,0.4294,3,
WDS_Pitch_Pine_P1,64,126,16,B,,1.52,1.324,0.576,0.454,0.4362,0.3891,3,
WDS_Pitch_Pine_P1,64,126,17,A,,1.734,1.706,0.788,0.662,0.5393,0.4483,3,
WDS_Pitch_Pine_P1,64,126,17,B,,1.06,1.02,0.43,0.388,0.472,0.4381,3,
WDS_Pitch_Pine_P1,64,126,18,A,,1.216,1.182,0.492,0.47,0.4706,0.4612,3,
WDS_Pitch_Pine_P1,64,126,18,B,,0.874,0.846,0.326,0.308,0.4283,0.4166,3,
WDS_Pitch_Pine_P1,64,126,19,A,,2.148,2.096,0.858,0.82,0.4636,0.4526,3,
WDS_Pitch_Pine_P1,64,126,19,B,,2.028,1.99,0.792,0.76,0.4516,0.4401,3,
WDS_Pitch_Pine_P1,64,126,20,A,,1.63,1.59,0.64,0.616,0.4544,0.4475,3,
WDS_Pitch_Pine_P1,64,126,20,B,,1.684,1.654,0.688,0.66,0.4759,0.463,3,
WDS_Pitch_Pine_P1,65,126,1,A,,2.112,2.106,0.832,0.696,0.4562,0.3732,3,
WDS_Pitch_Pine_P1,65,126,20,B,,1.438,1.452,0.576,0.538,0.4651,0.4251,3,
WDS_Pitch_Pine_P1,65,126,20,A,,1.734,1.75,0.688,0.652,0.46,0.4278,3,
WDS_Pitch_Pine_P1,65,126,19,B,,1.376,1.372,0.538,0.512,0.4522,0.4286,3,
WDS_Pitch_Pine_P1,65,126,19,A,,0.974,0.984,0.378,0.36,0.4484,0.4189,3,
WDS_Pitch_Pine_P1,65,126,18,B,,1.27,1.29,0.56,0.504,0.5204,0.4519,3,
WDS_Pitch_Pine_P1,65,126,18,A,,0.876,0.876,0.34,0.328,0.4484,0.4302,3,
WDS_Pitch_Pine_P1,65,126,17,B,,1.804,1.816,0.69,0.658,0.4409,0.4143,3,
WDS_Pitch_Pine_P1,65,126,17,A,,1.7,1.696,0.63,0.584,0.4252,0.391,3,
WDS_Pitch_Pine_P1,65,126,16,B,,2.276,2.276,0.87,0.742,0.4406,0.3675,3,
WDS_Pitch_Pine_P1,65,126,16,A,,2.062,2.066,0.742,0.67,0.4111,0.3653,3,
WDS_Pitch_Pine_P1,65,126,15,B,,2.23,2.24,0.95,0.91,0.4998,0.4728,3,
WDS_Pitch_Pine_P1,65,126,15,A,,1.858,1.86,0.782,0.752,0.4927,0.4701,3,
WDS_Pitch_Pine_P1,65,126,14,B,,1.296,1.308,0.54,0.51,0.487,0.4508,3,
WDS_Pitch_Pine_P1,65,126,14,A,,1.102,1.11,0.39,0.364,0.4034,0.37,3,
WDS_Pitch_Pine_P1,65,126,13,B,,0.85,0.866,0.302,0.292,0.4052,0.3818,3,
WDS_Pitch_Pine_P1,65,126,13,A,,0.786,0.796,0.292,0.28,0.4264,0.4006,3,
WDS_Pitch_Pine_P1,65,126,12,B,,1.664,1.658,0.716,0.67,0.5057,0.4699,3,
WDS_Pitch_Pine_P1,65,126,12,A,,1.46,1.454,0.612,0.572,0.4904,0.4555,3,
WDS_Pitch_Pine_P1,65,126,11,B,,1.422,1.43,0.592,0.524,0.4865,0.4197,3,
WDS_Pitch_Pine_P1,65,126,11,A,,1.278,1.274,0.474,0.446,0.4256,0.3984,3,
WDS_Pitch_Pine_P1,65,126,10,B,,2.212,2.22,0.912,0.818,0.481,0.4224,3,
WDS_Pitch_Pine_P1,65,126,10,A,,1.74,1.738,0.748,0.65,0.5051,0.4297,3,
WDS_Pitch_Pine_P1,65,126,9,B,,0.926,0.928,0.344,0.332,0.4264,0.4084,3,
WDS_Pitch_Pine_P1,65,126,9,A,,0.86,0.868,0.288,0.278,0.3788,0.3602,3,
WDS_Pitch_Pine_P1,65,126,8,B,,1.506,1.496,0.53,0.506,0.4008,0.3831,3,
WDS_Pitch_Pine_P1,65,126,8,A,,2.012,2.022,0.742,0.712,0.4228,0.401,3,
WDS_Pitch_Pine_P1,65,126,7,B,,1.55,1.558,0.698,0.63,0.5336,0.4702,3,
WDS_Pitch_Pine_P1,65,126,7,A,,1.098,1.088,0.452,0.394,0.4801,0.4141,3,
WDS_Pitch_Pine_P1,65,126,6,B,,1.162,1.162,0.488,0.468,0.4915,0.4681,3,
WDS_Pitch_Pine_P1,65,126,6,A,,1.158,1.162,0.45,0.44,0.449,0.4358,3,
WDS_Pitch_Pine_P1,65,126,5,B,,1.612,1.616,0.578,0.548,0.4094,0.3842,3,
WDS_Pitch_Pine_P1,65,126,5,A,,1.462,1.468,0.614,0.568,0.4915,0.4468,3,
WDS_Pitch_Pine_P1,65,126,4,B,,2.418,2.406,0.924,0.852,0.4404,0.4036,3,
WDS_Pitch_Pine_P1,65,126,4,A,,2.538,2.54,0.932,0.874,0.4207,0.3907,3,
WDS_Pitch_Pine_P1,65,126,3,B,,1.548,1.546,0.538,0.524,0.3951,0.384,3,
WDS_Pitch_Pine_P1,65,126,3,A,,1.77,1.78,0.592,0.568,0.3783,0.3588,3,
WDS_Pitch_Pine_P1,65,126,2,B,,1.636,1.632,0.682,0.602,0.4872,0.4229,3,
WDS_Pitch_Pine_P1,65,126,2,A,,1.69,1.672,0.632,0.598,0.4296,0.4082,3,
WDS_Pitch_Pine_P1,65,126,1,B,,2.602,2.602,1.132,0.966,0.5122,0.426,3,
WDS_Pitch_Pine_P1,66,126,1,A,,1.35,1.332,0.452,0.42,0.3787,0.354,3,
WDS_Pitch_Pine_P1,66,126,1,B,,1.352,1.346,0.542,0.512,0.4655,0.4381,3,
WDS_Pitch_Pine_P1,66,126,2,A,,1.264,1.264,0.508,0.484,0.4669,0.4415,3,
WDS_Pitch_Pine_P1,66,126,2,B,,0.972,0.964,0.378,0.356,0.4494,0.4235,3,
WDS_Pitch_Pine_P1,66,126,3,A,,1.482,1.454,0.586,0.52,0.4582,0.4082,3,
WDS_Pitch_Pine_P1,66,126,3,B,,1.412,1.406,0.618,0.552,0.5159,0.4544,3,
WDS_Pitch_Pine_P1,66,126,4,A,,1.71,1.688,0.634,0.55,0.4254,0.3673,3,
WDS_Pitch_Pine_P1,66,126,4,B,,2.156,2.146,0.914,0.79,0.4969,0.4219,3,
WDS_Pitch_Pine_P1,66,126,5,A,,2.02,2.016,0.822,0.784,0.4737,0.4494,3,
WDS_Pitch_Pine_P1,66,126,5,B,,1.59,1.578,0.68,0.538,0.5021,0.3866,3,
WDS_Pitch_Pine_P1,66,126,6,A,,2.858,2.822,1.152,1.098,0.4685,0.4497,3,
WDS_Pitch_Pine_P1,66,126,6,B,,2.328,2.306,0.914,0.866,0.4544,0.4317,3,
WDS_Pitch_Pine_P1,66,126,7,A,,1.068,1.062,0.428,0.416,0.4653,0.4532,3,
WDS_Pitch_Pine_P1,66,126,7,B,,1.092,1.07,0.444,0.422,0.4732,0.4568,3,
WDS_Pitch_Pine_P1,66,126,8,A,,1.344,1.342,0.598,0.578,0.526,0.5062,3,
WDS_Pitch_Pine_P1,66,126,8,B,,1.278,1.256,0.528,0.508,0.4821,0.4704,3,
WDS_Pitch_Pine_P1,66,126,9,A,,2.298,2.278,1,0.878,0.5124,0.4448,3,
WDS_Pitch_Pine_P1,66,126,9,B,,2.246,2.212,1.084,0.954,0.5795,0.507,3,
WDS_Pitch_Pine_P1,66,126,10,A,,0.75,0.748,0.268,0.256,0.4078,0.3883,3,
WDS_Pitch_Pine_P1,66,126,10,B,,1.036,1.02,0.39,0.378,0.4329,0.4252,3,
WDS_Pitch_Pine_P1,66,126,11,A,,0.782,0.772,0.29,0.28,0.4255,0.4148,3,
WDS_Pitch_Pine_P1,66,126,11,B,,1.13,1.124,0.452,0.432,0.4643,0.4434,3,
WDS_Pitch_Pine_P1,66,126,12,A,,0.814,0.79,0.336,0.328,0.4816,0.4849,3,
WDS_Pitch_Pine_P1,66,126,12,B,,0.832,0.824,0.352,0.342,0.4957,0.4847,3,
WDS_Pitch_Pine_P1,66,126,13,A,,3.084,3.068,1.192,1.138,0.4463,0.4256,3,
WDS_Pitch_Pine_P1,66,126,13,B,,3.084,3.058,1.208,1.156,0.4532,0.435,3,
WDS_Pitch_Pine_P1,66,126,14,A,,2.53,2.52,1.096,0.988,0.5097,0.4537,3,
WDS_Pitch_Pine_P1,66,126,14,B,,2.556,2.564,1.008,0.91,0.4568,0.4047,3,
WDS_Pitch_Pine_P1,66,126,15,A,,1.038,1.034,0.382,0.368,0.4218,0.4059,3,
WDS_Pitch_Pine_P1,66,126,15,B,,0.79,0.774,0.28,0.27,0.404,0.3968,3,
WDS_Pitch_Pine_P1,66,126,16,A,,0.944,0.934,0.35,0.34,0.4254,0.4166,3,
WDS_Pitch_Pine_P1,66,126,16,B,,0.946,0.93,0.352,0.344,0.4272,0.4243,3,
WDS_Pitch_Pine_P1,66,126,17,A,,2.318,2.296,1.008,0.96,0.512,0.4889,3,
WDS_Pitch_Pine_P1,66,126,17,B,,2.308,2.29,1.022,0.98,0.523,0.5024,3,
WDS_Pitch_Pine_P1,66,126,18,A,,2.27,2.232,0.872,0.83,0.4431,0.4268,3,
WDS_Pitch_Pine_P1,66,126,18,B,,3.128,3.12,1.356,1.302,0.5101,0.4878,3,
WDS_Pitch_Pine_P1,66,126,19,A,,2.576,2.574,1.068,1.032,0.4841,0.4656,3,
WDS_Pitch_Pine_P1,66,126,19,B,,2.244,2.236,0.908,0.848,0.4706,0.4366,3,
WDS_Pitch_Pine_P1,66,126,20,A,,1.668,1.626,0.708,0.662,0.4976,0.474,3,
WDS_Pitch_Pine_P1,66,126,20,B,,2.164,2.152,0.942,0.878,0.5126,0.4751,3,
WDS_Pitch_Pine_P1,67,126,1,A,,1.446,1.456,0.636,0.602,0.5189,0.4826,3,
WDS_Pitch_Pine_P1,67,126,1,B,,1.458,1.472,0.684,0.65,0.5602,0.5213,3,
WDS_Pitch_Pine_P1,67,126,2,A,,2.172,2.152,0.892,0.85,0.4788,0.4576,3,
WDS_Pitch_Pine_P1,67,126,2,B,,2.464,2.456,1.038,0.992,0.4932,0.4696,3,
WDS_Pitch_Pine_P1,67,126,3,A,,2.072,2.07,0.832,0.8,0.4664,0.4462,3,
WDS_Pitch_Pine_P1,67,126,3,B,,2.578,2.62,1.108,1.078,0.505,0.4798,3,
WDS_Pitch_Pine_P1,67,126,4,A,,1.832,1.852,0.782,0.748,0.5009,0.4696,3,
WDS_Pitch_Pine_P1,67,126,4,B,,1.838,1.84,0.866,0.78,0.5631,0.4969,3,
WDS_Pitch_Pine_P1,67,126,5,A,,0.842,0.9,0.352,0.34,0.4888,0.4347,3,
WDS_Pitch_Pine_P1,67,126,5,B,,0.922,0.928,0.378,0.364,0.4778,0.4539,3,
WDS_Pitch_Pine_P1,67,126,6,A,,2.032,2.044,0.78,0.76,0.4425,0.4268,3,
WDS_Pitch_Pine_P1,67,126,6,B,,2.97,2.992,1.23,1.178,0.4835,0.4559,3,
WDS_Pitch_Pine_P1,67,126,7,A,,2.12,2.142,0.832,0.796,0.4542,0.4265,3,
WDS_Pitch_Pine_P1,67,126,7,B,,2.886,2.914,1.19,1.142,0.481,0.4535,3,
WDS_Pitch_Pine_P1,67,126,8,A,,3.292,3.318,1.56,1.506,0.5669,0.5386,3,
WDS_Pitch_Pine_P1,67,126,8,B,,3.282,3.29,1.492,1.426,0.5396,0.51,3,
WDS_Pitch_Pine_P1,67,126,9,A,,1.672,1.692,0.728,0.682,0.5127,0.4685,3,
WDS_Pitch_Pine_P1,67,126,9,B,,1.342,1.334,0.568,0.54,0.496,0.4708,3,
WDS_Pitch_Pine_P1,67,126,10,A,,2.662,2.678,1.028,0.988,0.4458,0.423,3,
WDS_Pitch_Pine_P1,67,126,10,B,,2.27,2.274,0.998,0.942,0.5186,0.4837,3,
WDS_Pitch_Pine_P1,67,126,11,A,,1.158,1.174,0.51,0.478,0.5197,0.474,3,
WDS_Pitch_Pine_P1,67,126,11,B,,1.588,1.59,0.72,0.684,0.5379,0.5055,3,
WDS_Pitch_Pine_P1,67,126,12,A,,2.272,2.286,0.914,0.88,0.4674,0.4442,3,
WDS_Pitch_Pine_P1,67,126,12,B,,2.42,2.436,0.962,0.928,0.461,0.4389,3,
WDS_Pitch_Pine_P1,67,126,13,A,,2.422,2.424,0.95,0.906,0.4539,0.4294,3,
WDS_Pitch_Pine_P1,67,126,13,B,,2.7,2.692,1.198,1.118,0.5243,0.4851,3,
WDS_Pitch_Pine_P1,67,126,14,A,,2.946,2.964,1.208,1.162,0.4779,0.4536,3,
WDS_Pitch_Pine_P1,67,126,14,B,,2.348,2.358,0.998,0.916,0.4984,0.4489,3,
WDS_Pitch_Pine_P1,67,126,15,A,,2.408,2.426,0.974,0.944,0.4704,0.4497,3,
WDS_Pitch_Pine_P1,67,126,15,B,,3.24,3.254,1.442,1.416,0.5262,0.5124,3,
WDS_Pitch_Pine_P1,67,126,16,A,,1.566,1.566,0.582,0.568,0.4266,0.4148,3,
WDS_Pitch_Pine_P1,67,126,16,B,,1.3,1.308,0.48,0.472,0.4234,0.4124,3,
WDS_Pitch_Pine_P1,67,126,17,A,,1.396,1.406,0.596,0.552,0.501,0.4544,3,
WDS_Pitch_Pine_P1,67,126,17,B,,1.786,1.782,0.842,0.768,0.5635,0.5066,3,
WDS_Pitch_Pine_P1,67,126,18,A,,0.948,0.96,0.386,0.376,0.474,0.4531,3,
WDS_Pitch_Pine_P1,67,126,18,B,,0.616,0.622,0.24,0.236,0.4504,0.4368,3,
WDS_Pitch_Pine_P1,67,126,19,A,,2.572,2.588,1.038,0.95,0.4692,0.4206,3,
WDS_Pitch_Pine_P1,67,126,19,B,,3.648,3.66,1.536,1.458,0.493,0.4621,3,
WDS_Pitch_Pine_P1,67,126,20,A,,1.886,1.89,0.702,0.68,0.4273,0.411,3,
WDS_Pitch_Pine_P1,67,126,20,B,,1.82,1.832,0.69,0.668,0.4364,0.4173,3,
WDS_Pitch_Pine_P1,68,126,1,A,,3.274,3.25,1.12,1.124,0.3881,0.3929,3,
WDS_Pitch_Pine_P1,68,126,1,B,,2.638,2.602,0.934,0.862,0.4036,0.3742,3,
WDS_Pitch_Pine_P1,68,126,2,A,,0.92,0.906,0.348,0.332,0.4353,0.4197,3,
WDS_Pitch_Pine_P1,68,126,2,B,,1.13,1.12,0.438,0.422,0.4477,0.4333,3,
WDS_Pitch_Pine_P1,68,126,3,A,,1.642,1.63,0.614,0.59,0.4296,0.4139,3,
WDS_Pitch_Pine_P1,68,126,3,B,,1.862,1.85,0.75,0.724,0.4681,0.4527,3,
WDS_Pitch_Pine_P1,68,126,4,A,,1.228,1.228,0.542,0.51,0.521,0.4851,3,
WDS_Pitch_Pine_P1,68,126,4,B,,1.378,1.384,0.586,0.552,0.4987,0.4628,3,
WDS_Pitch_Pine_P1,68,126,5,A,,0.876,0.884,0.308,0.3,0.4004,0.3846,3,
WDS_Pitch_Pine_P1,68,126,5,B,,1.392,1.404,0.548,0.528,0.4558,0.4324,3,
WDS_Pitch_Pine_P1,68,126,6,A,,1.982,1.978,0.744,0.716,0.4315,0.4139,3,
WDS_Pitch_Pine_P1,68,126,6,B,,1.808,1.79,0.678,0.65,0.431,0.4154,3,
WDS_Pitch_Pine_P1,68,126,7,A,,0.962,0.96,0.362,0.312,0.4327,0.3662,3,
WDS_Pitch_Pine_P1,68,126,7,B,,1.086,1.078,0.436,0.37,0.4663,0.3895,3,
WDS_Pitch_Pine_P1,68,126,8,A,,1.476,1.474,0.548,0.524,0.4261,0.4054,3,
WDS_Pitch_Pine_P1,68,126,8,B,,1.442,1.438,0.542,0.52,0.4321,0.4134,3,
WDS_Pitch_Pine_P1,68,126,9,A,,1.662,1.662,0.614,0.598,0.4237,0.411,3,
WDS_Pitch_Pine_P1,68,126,9,B,,2.11,2.114,0.848,0.822,0.4669,0.4494,3,
WDS_Pitch_Pine_P1,68,126,10,A,,1.102,1.09,0.442,0.408,0.4658,0.4301,3,
WDS_Pitch_Pine_P1,68,126,10,B,,1.538,1.512,0.642,0.602,0.488,0.4618,3,
WDS_Pitch_Pine_P1,68,126,11,A,,1.512,1.5,0.566,0.542,0.4301,0.413,3,
WDS_Pitch_Pine_P1,68,126,11,B,,2.052,2.036,0.81,0.776,0.4573,0.4391,3,
WDS_Pitch_Pine_P1,68,126,12,A,,0.9,0.89,0.352,0.332,0.4524,0.4284,3,
WDS_Pitch_Pine_P1,68,126,12,B,,0.968,0.952,0.38,0.364,0.4543,0.4407,3,
WDS_Pitch_Pine_P1,68,126,13,A,,1.162,1.136,0.418,0.4,0.4109,0.401,3,
WDS_Pitch_Pine_P1,68,126,13,B,,1.162,1.136,0.418,0.4,0.4109,0.401,3,
WDS_Pitch_Pine_P1,68,126,14,A,,0.846,0.83,0.32,0.298,0.4353,0.41,3,
WDS_Pitch_Pine_P1,68,126,14,B,,1.258,1.248,0.52,0.486,0.4824,0.4501,3,
WDS_Pitch_Pine_P1,68,126,15,A,,2.072,2.052,0.758,0.732,0.4189,0.407,3,
WDS_Pitch_Pine_P1,68,126,15,B,,2.366,2.324,0.952,0.92,0.4675,0.4588,3,
WDS_Pitch_Pine_P1,68,126,16,A,,1.134,1.128,0.468,0.452,0.4815,0.4653,3,
WDS_Pitch_Pine_P1,68,126,16,B,,2.05,2.02,0.904,0.878,0.5205,0.5117,3,
WDS_Pitch_Pine_P1,68,126,17,A,,1.788,1.76,0.712,0.604,0.4619,0.3895,3,
WDS_Pitch_Pine_P1,68,126,17,B,,2.084,2.05,0.776,0.732,0.4275,0.4075,3,
WDS_Pitch_Pine_P1,68,126,18,A,,1.256,1.238,0.53,0.516,0.4942,0.4871,3,
WDS_Pitch_Pine_P1,68,126,18,B,,1.282,1.264,0.516,0.502,0.4677,0.4605,3,
WDS_Pitch_Pine_P1,68,126,19,A,,0.948,0.926,0.356,0.346,0.4317,0.4292,3,
WDS_Pitch_Pine_P1,68,126,19,B,,1.18,1.158,0.458,0.442,0.4484,0.4398,3,
WDS_Pitch_Pine_P1,68,126,20,A,,1.692,1.662,0.616,0.582,0.4166,0.3985,3,
WDS_Pitch_Pine_P1,68,126,20,B,,1.458,1.432,0.52,0.5,0.4069,0.3972,3,
WDS_Pitch_Pine_P1,69,126,13,B,,1.276,1.294,0.512,0.498,0.466,0.4441,3,
WDS_Pitch_Pine_P1,69,126,1,A,,2.104,2.114,0.828,0.792,0.4557,0.4305,3,
WDS_Pitch_Pine_P1,69,126,1,B,,1.448,1.472,0.55,0.522,0.4374,0.4043,3,
WDS_Pitch_Pine_P1,69,126,2,A,,2.178,2.202,0.856,0.824,0.455,0.4299,3,
WDS_Pitch_Pine_P1,69,126,2,B,,1.956,1.972,0.742,0.71,0.4367,0.4113,3,
WDS_Pitch_Pine_P1,69,126,3,A,,1.568,1.574,0.638,0.622,0.4736,0.4578,3,
WDS_Pitch_Pine_P1,69,126,3,B,,1.192,1.196,0.458,0.444,0.4432,0.426,3,
WDS_Pitch_Pine_P1,69,126,4,A,,1.676,1.666,0.688,0.666,0.4786,0.464,3,
WDS_Pitch_Pine_P1,69,126,4,B,,1.4,1.41,0.548,0.53,0.4528,0.4322,3,
WDS_Pitch_Pine_P1,69,126,5,A,,2.378,2.394,0.912,0.882,0.4423,0.4223,3,
WDS_Pitch_Pine_P1,69,126,5,B,,2.31,2.324,0.848,0.814,0.4206,0.3986,3,
WDS_Pitch_Pine_P1,69,126,6,A,,1.038,1.048,0.408,0.398,0.455,0.4373,3,
WDS_Pitch_Pine_P1,69,126,6,B,,1.07,1.068,0.422,0.408,0.4568,0.4403,3,
WDS_Pitch_Pine_P1,69,126,7,A,,2.21,2.228,0.83,0.8,0.4317,0.4101,3,
WDS_Pitch_Pine_P1,69,126,7,B,,2.308,2.304,0.886,0.854,0.4428,0.4253,3,
WDS_Pitch_Pine_P1,69,126,8,A,,1.108,1.118,0.408,0.396,0.4221,0.4037,3,
WDS_Pitch_Pine_P1,69,126,8,B,,1.428,1.448,0.594,0.552,0.486,0.4392,3,
WDS_Pitch_Pine_P1,69,126,9,A,,1.52,1.54,0.588,0.568,0.4467,0.4229,3,
WDS_Pitch_Pine_P1,69,126,9,B,,1.638,1.65,0.608,0.588,0.426,0.4066,3,
WDS_Pitch_Pine_P1,69,126,10,A,,1.844,1.844,0.706,0.634,0.4414,0.3903,3,
WDS_Pitch_Pine_P1,69,126,10,B,,1.804,1.808,0.662,0.62,0.4204,0.3891,3,
WDS_Pitch_Pine_P1,69,126,11,A,,1.908,1.92,0.756,0.73,0.4593,0.4379,3,
WDS_Pitch_Pine_P1,69,126,11,B,,1.818,1.82,0.692,0.668,0.4384,0.4205,3,
WDS_Pitch_Pine_P1,69,126,12,A,,1.868,1.876,0.714,0.676,0.4406,0.4117,3,
WDS_Pitch_Pine_P1,69,126,12,B,,1.308,1.318,0.486,0.458,0.4264,0.3951,3,
WDS_Pitch_Pine_P1,69,126,13,A,,1.076,1.082,0.406,0.392,0.4341,0.4143,3,
WDS_Pitch_Pine_P1,69,126,14,A,,1.678,1.69,0.58,0.556,0.3927,0.3713,3,
WDS_Pitch_Pine_P1,69,126,14,B,,1.55,1.562,0.548,0.526,0.4029,0.3812,3,
WDS_Pitch_Pine_P1,69,126,15,A,,1.37,1.382,0.508,0.492,0.4255,0.4061,3,
WDS_Pitch_Pine_P1,69,126,15,B,,1.658,1.67,0.656,0.638,0.4585,0.4403,3,
WDS_Pitch_Pine_P1,69,126,16,A,,1.444,1.448,0.524,0.51,0.4151,0.4012,3,
WDS_Pitch_Pine_P1,69,126,16,B,,1.158,1.17,0.44,0.432,0.4376,0.4234,3,
WDS_Pitch_Pine_P1,69,126,17,A,,1.552,1.568,0.596,0.568,0.4429,0.4142,3,
WDS_Pitch_Pine_P1,69,126,17,B,,1.424,1.436,0.528,0.51,0.4254,0.405,3,
WDS_Pitch_Pine_P1,69,126,18,A,,1.218,1.232,0.428,0.412,0.4001,0.3782,3,
WDS_Pitch_Pine_P1,69,126,18,B,,1.344,1.364,0.514,0.498,0.4408,0.418,3,
WDS_Pitch_Pine_P1,69,126,19,A,,1.838,1.868,0.688,0.664,0.4301,0.4054,3,
WDS_Pitch_Pine_P1,69,126,19,B,,1.476,1.496,0.532,0.514,0.4119,0.39,3,
WDS_Pitch_Pine_P1,69,126,20,A,,1.072,1.088,0.398,0.382,0.4261,0.3997,3,
WDS_Pitch_Pine_P1,69,126,20,B,,1.002,1.014,0.362,0.348,0.413,0.3895,3,
WDS_Pitch_Pine_P1,7,126,1,A,,2.428,2.502,0.998,0.936,0.4793,0.4298,3,
WDS_Pitch_Pine_P1,7,126,20,B,,2.422,2.406,1.08,0.99,0.5274,0.4799,3,
WDS_Pitch_Pine_P1,7,126,1,B,,3.65,3.63,1.44,1.38,0.457,0.4378,3,
WDS_Pitch_Pine_P1,7,126,2,A,,3.03,3.12,1.272,1.178,0.4912,0.4344,3,
WDS_Pitch_Pine_P1,7,126,2,B,,3.314,3.284,1.494,1.372,0.5342,0.4885,3,
WDS_Pitch_Pine_P1,7,126,3,A,,3.13,3.238,1.23,1.168,0.4549,0.4122,3,
WDS_Pitch_Pine_P1,7,126,3,B,,2.95,2.93,1.118,1.064,0.4363,0.4154,3,
WDS_Pitch_Pine_P1,7,126,4,A,,2.964,3.054,1.11,1.038,0.4303,0.3852,3,
WDS_Pitch_Pine_P1,7,126,4,B,,3.432,3.448,1.23,1.142,0.4092,0.3741,3,
WDS_Pitch_Pine_P1,7,126,5,A,,2.888,2.488,1.14,1.068,0.4573,0.5042,3,
WDS_Pitch_Pine_P1,7,126,5,B,,2.902,2.846,1.382,1.02,0.5703,0.4092,3,
WDS_Pitch_Pine_P1,7,126,6,A,,1.578,1.602,0.618,0.568,0.4531,0.4042,3,
WDS_Pitch_Pine_P1,7,126,6,B,,2.04,2.078,0.838,0.788,0.4789,0.4366,3,
WDS_Pitch_Pine_P1,7,126,7,A,,2.068,2.122,0.906,0.848,0.5165,0.4638,3,
WDS_Pitch_Pine_P1,7,126,7,B,,2.33,2.34,0.95,0.889,0.4748,0.4375,3,
WDS_Pitch_Pine_P1,7,126,8,A,,1.938,1.988,0.75,0.702,0.4469,0.4023,3,
WDS_Pitch_Pine_P1,7,126,8,B,,2.83,2.832,1.1,1.032,0.4492,0.4171,3,
WDS_Pitch_Pine_P1,7,126,9,A,,4.172,4.244,1.7,1.542,0.4744,0.4157,3,
WDS_Pitch_Pine_P1,7,126,9,B,,4.31,4.288,1.67,1.582,0.4475,0.423,3,
WDS_Pitch_Pine_P1,7,126,10,A,,1.822,1.86,0.8,0.66,0.5178,0.4046,3,
WDS_Pitch_Pine_P1,7,126,10,B,,2.574,2.568,1.042,0.946,0.4708,0.4223,3,
WDS_Pitch_Pine_P1,7,126,11,A,,2.138,2.208,1.044,0.832,0.5877,0.4334,3,
WDS_Pitch_Pine_P1,7,126,11,B,,3.108,3.1,1.502,1.272,0.5804,0.4783,3,
WDS_Pitch_Pine_P1,7,126,12,A,,1.87,1.92,0.644,0.62,0.391,0.3636,3,
WDS_Pitch_Pine_P1,7,126,12,B,,1.684,1.67,0.556,0.538,0.3728,0.3626,3,
WDS_Pitch_Pine_P1,7,126,13,A,,1.03,1.07,0.32,0.304,0.3481,0.3151,3,
WDS_Pitch_Pine_P1,7,126,13,B,,1.164,1.17,0.38,0.358,0.3681,0.3423,3,
WDS_Pitch_Pine_P1,7,126,14,A,,1.982,2.03,0.804,0.708,0.472,0.3967,3,
WDS_Pitch_Pine_P1,7,126,14,B,,1.464,1.474,0.526,0.454,0.4104,0.3448,3,
WDS_Pitch_Pine_P1,7,126,15,A,,3.37,3.402,1.402,1.202,0.4861,0.4026,3,
WDS_Pitch_Pine_P1,7,126,15,B,,4.054,4.12,1.592,1.464,0.4545,0.4052,3,
WDS_Pitch_Pine_P1,7,126,16,A,,2.868,2.942,1.25,1.036,0.5133,0.4011,3,
WDS_Pitch_Pine_P1,7,126,16,B,,2.62,2.584,1.04,0.87,0.4602,0.3811,3,
WDS_Pitch_Pine_P1,7,126,17,A,,3.18,3.23,1.396,1.21,0.5177,0.4305,3,
WDS_Pitch_Pine_P1,7,126,17,B,,3.408,3.352,1.442,1.262,0.4958,0.433,3,
WDS_Pitch_Pine_P1,7,126,18,A,,2.042,2.08,0.762,0.722,0.4286,0.3946,3,
WDS_Pitch_Pine_P1,7,126,18,B,,2.954,2.948,1.1,1.042,0.4275,0.4028,3,
WDS_Pitch_Pine_P1,7,126,19,A,,2.642,2.67,0.984,0.95,0.4276,0.4058,3,
WDS_Pitch_Pine_P1,7,126,19,B,,2.67,2.68,1.012,0.978,0.4363,0.4177,3,
WDS_Pitch_Pine_P1,7,126,20,A,,2.644,2.708,1.172,1.118,0.5237,0.4817,3,
WDS_Pitch_Pine_P1,70,126,20,A,,0.936,0.914,0.414,0.36,0.5223,0.4561,3,
WDS_Pitch_Pine_P1,70,126,20,B,,1.21,1.188,0.548,0.49,0.5372,0.4812,3,
WDS_Pitch_Pine_P1,70,126,1,A,,1.488,1.478,0.582,0.548,0.4524,0.4254,3,
WDS_Pitch_Pine_P1,70,126,1,B,,1.82,1.814,0.762,0.72,0.4897,0.4602,3,
WDS_Pitch_Pine_P1,70,126,2,A,,1.992,1.986,0.802,0.778,0.4679,0.4532,3,
WDS_Pitch_Pine_P1,70,126,2,B,,1.438,1.436,0.542,0.524,0.4335,0.4177,3,
WDS_Pitch_Pine_P1,70,126,3,A,,1.448,1.43,0.53,0.512,0.4192,0.4087,3,
WDS_Pitch_Pine_P1,70,126,3,B,,2.058,2.028,0.822,0.79,0.4636,0.4503,3,
WDS_Pitch_Pine_P1,70,126,4,A,,1.678,1.664,0.644,0.576,0.4426,0.3933,3,
WDS_Pitch_Pine_P1,70,126,4,B,,1.71,1.69,0.666,0.602,0.4502,0.4064,3,
WDS_Pitch_Pine_P1,70,126,5,A,,1.286,1.264,0.498,0.486,0.4472,0.4436,3,
WDS_Pitch_Pine_P1,70,126,5,B,,1.492,1.46,0.598,0.582,0.4654,0.4625,3,
WDS_Pitch_Pine_P1,70,126,6,A,,1.908,1.896,0.76,0.736,0.4621,0.4485,3,
WDS_Pitch_Pine_P1,70,126,6,B,,1.818,1.798,0.702,0.734,0.4458,0.4755,3,
WDS_Pitch_Pine_P1,70,126,7,A,,1.088,1.07,0.378,0.364,0.395,0.3856,3,
WDS_Pitch_Pine_P1,70,126,7,B,,1.386,1.354,0.51,0.488,0.4217,0.4118,3,
WDS_Pitch_Pine_P1,70,126,8,A,,1.004,0.986,0.342,0.332,0.3862,0.3812,3,
WDS_Pitch_Pine_P1,70,126,8,B,,1.26,1.244,0.478,0.468,0.4368,0.4326,3,
WDS_Pitch_Pine_P1,70,126,9,A,,1.898,1.874,0.672,0.65,0.4036,0.3942,3,
WDS_Pitch_Pine_P1,70,126,9,B,,1.742,1.716,0.614,0.596,0.4015,0.3948,3,
WDS_Pitch_Pine_P1,70,126,10,A,,1.692,1.656,0.612,0.584,0.4135,0.4017,3,
WDS_Pitch_Pine_P1,70,126,10,B,,1.792,1.752,0.66,0.632,0.4222,0.4122,3,
WDS_Pitch_Pine_P1,70,126,11,A,,1.054,1.04,0.434,0.412,0.4803,0.4592,3,
WDS_Pitch_Pine_P1,70,126,11,B,,1.108,1.088,0.448,0.432,0.4702,0.4604,3,
WDS_Pitch_Pine_P1,70,126,12,A,,1.598,1.58,0.622,0.582,0.4499,0.4222,3,
WDS_Pitch_Pine_P1,70,126,12,B,,2.088,2.054,0.828,0.77,0.4597,0.4308,3,
WDS_Pitch_Pine_P1,70,126,13,A,,1.6,1.594,0.576,0.55,0.4113,0.3919,3,
WDS_Pitch_Pine_P1,70,126,13,B,,1.146,1.138,0.402,0.38,0.3993,0.3776,3,
WDS_Pitch_Pine_P1,70,126,14,A,,1.442,1.434,0.526,0.508,0.4175,0.4038,3,
WDS_Pitch_Pine_P1,70,126,14,B,,1.586,1.576,0.614,0.59,0.4471,0.4301,3,
WDS_Pitch_Pine_P1,70,126,15,A,,0.89,0.878,0.342,0.324,0.4433,0.4231,3,
WDS_Pitch_Pine_P1,70,126,15,B,,1.334,1.316,0.558,0.524,0.4892,0.4619,3,
WDS_Pitch_Pine_P1,70,126,16,A,,0.938,0.928,0.362,0.346,0.4455,0.4281,3,
WDS_Pitch_Pine_P1,70,126,16,B,,1.556,1.548,0.63,0.598,0.4709,0.446,3,
WDS_Pitch_Pine_P1,70,126,17,A,,1.874,1.872,0.79,0.752,0.4936,0.4666,3,
WDS_Pitch_Pine_P1,70,126,17,B,,1.564,1.55,0.632,0.602,0.4699,0.4488,3,
WDS_Pitch_Pine_P1,70,126,18,A,,1.53,1.52,0.592,0.57,0.4468,0.431,3,
WDS_Pitch_Pine_P1,70,126,18,B,,1.782,1.776,0.708,0.678,0.4607,0.4399,3,
WDS_Pitch_Pine_P1,70,126,19,A,,2.388,2.378,1.016,0.952,0.499,0.4648,3,
WDS_Pitch_Pine_P1,70,126,19,B,,1.358,1.314,0.582,0.51,0.5033,0.4484,3,
WDS_Pitch_Pine_P1,71,126,20,B,,1.304,1.314,0.522,0.51,0.4648,0.4484,3,
WDS_Pitch_Pine_P1,71,126,20,A,,1.256,1.258,0.56,0.508,0.5273,0.4695,3,
WDS_Pitch_Pine_P1,71,126,19,B,,1.522,1.538,0.654,0.634,0.5048,0.4809,3,
WDS_Pitch_Pine_P1,71,126,19,A,,1.822,1.842,0.796,0.74,0.5148,0.4667,3,
WDS_Pitch_Pine_P1,71,126,18,B,,2.094,2.124,0.788,0.752,0.4327,0.4035,3,
WDS_Pitch_Pine_P1,71,126,18,A,,2.368,2.408,0.922,0.886,0.4501,0.4217,3,
WDS_Pitch_Pine_P1,71,126,17,B,,1.342,1.358,0.588,0.512,0.5166,0.4337,3,
WDS_Pitch_Pine_P1,71,126,17,A,,1.644,1.662,0.76,0.674,0.5504,0.4718,3,
WDS_Pitch_Pine_P1,71,126,16,B,,2.084,2.114,0.87,0.832,0.488,0.4557,3,
WDS_Pitch_Pine_P1,71,126,16,A,,2.354,2.368,0.994,0.94,0.4946,0.4602,3,
WDS_Pitch_Pine_P1,71,126,15,B,,1.9,1.904,0.81,0.768,0.5002,0.4689,3,
WDS_Pitch_Pine_P1,71,126,15,A,,1.674,1.7,0.72,0.682,0.5054,0.4659,3,
WDS_Pitch_Pine_P1,71,126,14,B,,1.588,1.612,0.672,0.646,0.4959,0.4653,3,
WDS_Pitch_Pine_P1,71,126,14,A,,1.63,1.638,0.662,0.612,0.4726,0.4292,3,
WDS_Pitch_Pine_P1,71,126,13,B,,1.402,1.424,0.6,0.578,0.5024,0.4723,3,
WDS_Pitch_Pine_P1,71,126,13,A,,1.692,1.71,0.732,0.704,0.5089,0.4802,3,
WDS_Pitch_Pine_P1,71,126,12,B,,1.53,1.55,0.62,0.572,0.4714,0.4231,3,
WDS_Pitch_Pine_P1,71,126,12,A,,1.692,1.688,0.72,0.642,0.4991,0.438,3,
WDS_Pitch_Pine_P1,71,126,11,B,,2.38,2.382,1.172,0.928,0.5937,0.4504,3,
WDS_Pitch_Pine_P1,71,126,11,A,,2.294,2.318,1.01,0.904,0.5195,0.4509,3,
WDS_Pitch_Pine_P1,71,126,10,B,,2.09,2.088,1.134,0.952,0.6682,0.5415,3,
WDS_Pitch_Pine_P1,71,126,10,A,,1.782,1.776,0.908,0.758,0.6188,0.5009,3,
WDS_Pitch_Pine_P1,71,126,9,B,,1.492,1.504,0.584,0.558,0.4528,0.4257,3,
WDS_Pitch_Pine_P1,71,126,9,A,,1.43,1.43,0.642,0.55,0.5316,0.4437,3,
WDS_Pitch_Pine_P1,71,126,8,B,,1.55,1.564,0.668,0.634,0.5066,0.4716,3,
WDS_Pitch_Pine_P1,71,126,8,A,,1.798,1.816,0.812,0.784,0.5354,0.5076,3,
WDS_Pitch_Pine_P1,71,126,7,B,,1.818,1.846,0.808,0.752,0.5253,0.4743,3,
WDS_Pitch_Pine_P1,71,126,7,A,,1.522,1.54,0.668,0.608,0.5176,0.4574,3,
WDS_Pitch_Pine_P1,71,126,6,B,,1.542,1.544,0.666,0.536,0.5079,0.3946,3,
WDS_Pitch_Pine_P1,71,126,6,A,,1.742,1.752,0.8,0.648,0.5461,0.4242,3,
WDS_Pitch_Pine_P1,71,126,5,B,,1.548,1.56,0.634,0.614,0.4773,0.4557,3,
WDS_Pitch_Pine_P1,71,126,5,A,,1.536,1.55,0.604,0.582,0.4552,0.4316,3,
WDS_Pitch_Pine_P1,71,126,4,B,,1.568,1.58,0.642,0.608,0.4771,0.444,3,
WDS_Pitch_Pine_P1,71,126,4,A,,1.55,1.562,0.642,0.594,0.4836,0.438,3,
WDS_Pitch_Pine_P1,71,126,3,B,,2.318,2.354,0.908,0.85,0.4532,0.4127,3,
WDS_Pitch_Pine_P1,71,126,3,A,,2.812,2.83,1.092,1.008,0.4487,0.4063,3,
WDS_Pitch_Pine_P1,71,126,2,B,,1.556,1.568,0.602,0.58,0.4468,0.4243,3,
WDS_Pitch_Pine_P1,71,126,2,A,,1.79,1.81,0.706,0.646,0.4568,0.4073,3,
WDS_Pitch_Pine_P1,71,126,1,B,,2.07,2.096,0.83,0.8,0.4656,0.4398,3,
WDS_Pitch_Pine_P1,71,126,1,A,,2.502,2.522,1.032,0.976,0.4812,0.4469,3,
WDS_Pitch_Pine_P1,72,126,15,B,,1.59,1.596,0.758,0.696,0.571,0.5137,3,
WDS_Pitch_Pine_P1,72,126,1,A,,2.838,2.82,1.132,1.076,0.4628,0.4397,3,
WDS_Pitch_Pine_P1,72,126,1,B,,2.738,2.746,1.164,1.064,0.4985,0.4475,3,
WDS_Pitch_Pine_P1,72,126,2,A,,3.112,3.098,1.37,1.302,0.5194,0.4919,3,
WDS_Pitch_Pine_P1,72,126,2,B,,1.966,1.974,0.778,0.72,0.4586,0.4175,3,
WDS_Pitch_Pine_P1,72,126,3,A,,1.944,1.958,0.834,0.804,0.5039,0.4787,3,
WDS_Pitch_Pine_P1,72,126,3,B,,1.786,1.8,0.71,0.676,0.461,0.4317,3,
WDS_Pitch_Pine_P1,72,126,4,A,,2.64,2.67,1.012,0.98,0.442,0.4205,3,
WDS_Pitch_Pine_P1,72,126,4,B,,2.516,2.52,0.94,0.91,0.4291,0.4127,3,
WDS_Pitch_Pine_P1,72,126,5,A,,2.918,2.94,1.298,1.254,0.5259,0.5005,3,
WDS_Pitch_Pine_P1,72,126,5,B,,1.326,1.332,0.512,0.488,0.4457,0.4196,3,
WDS_Pitch_Pine_P1,72,126,6,A,,1.734,1.75,0.726,0.7,0.4897,0.4643,3,
WDS_Pitch_Pine_P1,72,126,6,B,,1.458,1.47,0.574,0.55,0.4559,0.4299,3,
WDS_Pitch_Pine_P1,72,126,7,A,,1.668,1.672,0.692,0.668,0.4845,0.4637,3,
WDS_Pitch_Pine_P1,72,126,7,B,,1.46,1.462,0.64,0.622,0.5168,0.499,3,
WDS_Pitch_Pine_P1,72,126,8,A,,1.24,1.256,0.53,0.51,0.5017,0.4725,3,
WDS_Pitch_Pine_P1,72,126,8,B,,1.282,1.284,0.518,0.5,0.4698,0.4501,3,
WDS_Pitch_Pine_P1,72,126,9,A,,1.276,1.28,0.528,0.508,0.483,0.4601,3,
WDS_Pitch_Pine_P1,72,126,9,B,,1.788,1.778,0.776,0.746,0.5108,0.4909,3,
WDS_Pitch_Pine_P1,72,126,10,A,,1.378,1.394,0.586,0.564,0.4987,0.4705,3,
WDS_Pitch_Pine_P1,72,126,10,B,,1.026,1.022,0.432,0.41,0.493,0.4659,3,
WDS_Pitch_Pine_P1,72,126,11,A,,2.592,2.624,1.046,1.002,0.4691,0.4401,3,
WDS_Pitch_Pine_P1,72,126,11,B,,1.854,1.864,0.694,0.662,0.4301,0.405,3,
WDS_Pitch_Pine_P1,72,126,12,A,,1.722,1.73,0.688,0.598,0.4637,0.3927,3,
WDS_Pitch_Pine_P1,72,126,12,B,,2.622,2.636,0.942,0.88,0.4103,0.3775,3,
WDS_Pitch_Pine_P1,72,126,13,A,,3.422,3.434,1.584,1.482,0.5513,0.5074,3,
WDS_Pitch_Pine_P1,72,126,13,B,,2.148,2.17,0.898,0.85,0.4889,0.4532,3,
WDS_Pitch_Pine_P1,72,126,14,A,,2.432,2.446,0.92,0.888,0.4353,0.4153,3,
WDS_Pitch_Pine_P1,72,126,14,B,,3.012,3.03,1.168,1.128,0.448,0.4274,3,
WDS_Pitch_Pine_P1,72,126,15,A,,1.75,1.77,0.742,0.706,0.497,0.4628,3,
WDS_Pitch_Pine_P1,72,126,16,A,,2.604,2.58,1.232,0.932,0.5659,0.4129,3,
WDS_Pitch_Pine_P1,72,126,16,B,,3.022,3.052,1.2,1.142,0.4604,0.4299,3,
WDS_Pitch_Pine_P1,72,126,17,A,,1.722,1.734,0.748,0.722,0.5113,0.4866,3,
WDS_Pitch_Pine_P1,72,126,17,B,,1.982,1.984,0.78,0.754,0.4557,0.4377,3,
WDS_Pitch_Pine_P1,72,126,18,A,,2.204,2.216,0.904,0.876,0.4781,0.458,3,
WDS_Pitch_Pine_P1,72,126,18,B,,1.848,1.862,0.822,0.798,0.5258,0.5033,3,
WDS_Pitch_Pine_P1,72,126,19,A,,1.53,1.53,0.616,0.582,0.4679,0.4381,3,
WDS_Pitch_Pine_P1,72,126,19,B,,1.646,1.654,0.696,0.668,0.4954,0.4696,3,
WDS_Pitch_Pine_P1,72,126,20,A,,1.152,1.16,0.474,0.458,0.4799,0.4574,3,
WDS_Pitch_Pine_P1,72,126,20,B,,1.118,1.122,0.448,0.426,0.4653,0.4372,3,
WDS_Pitch_Pine_P1,73,126,20,B,,1.596,1.588,0.638,0.61,0.464,0.4431,3,
WDS_Pitch_Pine_P1,73,126,20,A,,2.104,2.106,0.95,0.918,0.5352,0.5134,3,
WDS_Pitch_Pine_P1,73,126,19,B,,1.084,1.086,0.472,0.452,0.5128,0.4863,3,
WDS_Pitch_Pine_P1,73,126,19,A,,1.734,1.74,0.82,0.758,0.5655,0.5131,3,
WDS_Pitch_Pine_P1,73,126,18,B,,1.336,1.34,0.548,0.524,0.4781,0.4523,3,
WDS_Pitch_Pine_P1,73,126,18,A,,1.512,1.516,0.642,0.614,0.4978,0.4711,3,
WDS_Pitch_Pine_P1,73,126,17,B,,1.938,1.938,0.812,0.786,0.4901,0.4719,3,
WDS_Pitch_Pine_P1,73,126,17,A,,1.414,1.422,0.558,0.54,0.4571,0.4373,3,
WDS_Pitch_Pine_P1,73,126,16,B,,1.284,1.292,0.576,0.558,0.5311,0.5079,3,
WDS_Pitch_Pine_P1,73,126,16,A,,1.154,1.166,0.492,0.474,0.5002,0.4731,3,
WDS_Pitch_Pine_P1,73,126,15,B,,1.868,1.876,0.752,0.722,0.4678,0.4441,3,
WDS_Pitch_Pine_P1,73,126,15,A,,2.38,2.388,1.018,0.962,0.5021,0.4682,3,
WDS_Pitch_Pine_P1,73,126,14,B,,,,,,,,3,
WDS_Pitch_Pine_P1,73,126,14,A,,2.608,2.6,1.224,1.032,0.5604,0.4602,3,
WDS_Pitch_Pine_P1,73,126,13,B,,1.426,1.432,0.566,0.54,0.4602,0.4338,3,
WDS_Pitch_Pine_P1,73,126,13,A,,1.722,1.722,0.728,0.698,0.4953,0.4716,3,
WDS_Pitch_Pine_P1,73,126,12,B,,2.314,2.318,0.92,0.884,0.4611,0.4394,3,
WDS_Pitch_Pine_P1,73,126,12,A,,2.094,2.098,0.848,0.81,0.471,0.4457,3,
WDS_Pitch_Pine_P1,73,126,11,B,,1.886,1.886,0.776,0.756,0.4798,0.4655,3,
WDS_Pitch_Pine_P1,73,126,11,A,,1.842,1.852,0.728,0.712,0.4579,0.4435,3,
WDS_Pitch_Pine_P1,73,126,10,B,,1.288,1.29,0.528,0.508,0.4778,0.456,3,
WDS_Pitch_Pine_P1,73,126,10,A,,1.638,1.64,0.74,0.698,0.5356,0.4992,3,
WDS_Pitch_Pine_P1,73,126,9,B,,0.916,0.922,0.38,0.362,0.4845,0.4544,3,
WDS_Pitch_Pine_P1,73,126,9,A,,1.75,1.762,0.73,0.7,0.4876,0.4607,3,
WDS_Pitch_Pine_P1,73,126,8,B,,1.33,1.324,0.562,0.518,0.495,0.4526,3,
WDS_Pitch_Pine_P1,73,126,8,A,,1.334,1.336,0.558,0.512,0.4892,0.4419,3,
WDS_Pitch_Pine_P1,73,126,7,B,,1.596,1.598,0.638,0.596,0.464,0.4283,3,
WDS_Pitch_Pine_P1,73,126,7,A,,1.548,1.552,0.628,0.57,0.472,0.4208,3,
WDS_Pitch_Pine_P1,73,126,6,B,,1.652,1.666,0.688,0.658,0.4867,0.4576,3,
WDS_Pitch_Pine_P1,73,126,6,A,,1.366,1.368,0.554,0.528,0.4719,0.4455,3,
WDS_Pitch_Pine_P1,73,126,5,B,,1.942,1.956,0.874,0.846,0.5332,0.5087,3,
WDS_Pitch_Pine_P1,73,126,5,A,,2.424,2.438,1.168,1.136,0.5784,0.5556,3,
WDS_Pitch_Pine_P1,73,126,4,B,,2.092,2.098,0.942,0.908,0.5335,0.5091,3,
WDS_Pitch_Pine_P1,73,126,4,A,,2.438,2.45,1.114,1.072,0.5429,0.5157,3,
WDS_Pitch_Pine_P1,73,126,3,B,,1.216,1.228,0.532,0.502,0.5156,0.4762,3,
WDS_Pitch_Pine_P1,73,126,3,A,,1.03,1.036,0.43,0.408,0.4881,0.456,3,
WDS_Pitch_Pine_P1,73,126,2,B,,2.148,2.164,0.874,0.842,0.4737,0.4497,3,
WDS_Pitch_Pine_P1,73,126,2,A,,1.358,1.368,0.574,0.548,0.4952,0.4651,3,
WDS_Pitch_Pine_P1,73,126,1,B,,1.842,1.848,0.794,0.766,0.5067,0.484,3,
WDS_Pitch_Pine_P1,73,126,1,A,,1.9,1.902,0.864,0.832,0.5398,0.5156,3,
WDS_Pitch_Pine_P1,74,126,20,B,,1.642,1.652,0.57,0.548,0.3946,0.3748,3,
WDS_Pitch_Pine_P1,74,126,1,A,,2.344,2.358,0.918,0.874,0.4531,0.4253,3,
WDS_Pitch_Pine_P1,74,126,1,B,,1.972,1.982,0.804,0.768,0.4748,0.4476,3,
WDS_Pitch_Pine_P1,74,126,2,A,,1.898,1.902,0.7,0.642,0.4228,0.3822,3,
WDS_Pitch_Pine_P1,74,126,2,B,,1.866,1.862,0.768,0.69,0.48,0.4251,3,
WDS_Pitch_Pine_P1,74,126,3,A,,2.662,2.68,1.076,0.97,0.47,0.4138,3,
WDS_Pitch_Pine_P1,74,126,3,B,,3.028,3.05,1.232,1.118,0.4736,0.4199,3,
WDS_Pitch_Pine_P1,74,126,4,A,,1.49,1.484,0.6,0.554,0.468,0.4288,3,
WDS_Pitch_Pine_P1,74,126,4,B,,1.292,1.292,0.472,0.45,0.4183,0.3961,3,
WDS_Pitch_Pine_P1,74,126,5,A,,2.934,2.938,1.112,0.964,0.4363,0.3702,3,
WDS_Pitch_Pine_P1,74,126,5,B,,3.32,3.338,1.266,1.194,0.4394,0.4083,3,
WDS_Pitch_Pine_P1,74,126,6,A,,2.738,2.742,1.118,1.07,0.4756,0.4512,3,
WDS_Pitch_Pine_P1,74,126,6,B,,2.166,2.17,0.852,0.822,0.4554,0.436,3,
WDS_Pitch_Pine_P1,74,126,7,A,,3.068,3.078,1.31,1.214,0.5011,0.4568,3,
WDS_Pitch_Pine_P1,74,126,7,B,,2.768,2.76,1.202,1.04,0.5111,0.4334,3,
WDS_Pitch_Pine_P1,74,126,8,A,,1.832,1.848,0.736,0.698,0.4667,0.4346,3,
WDS_Pitch_Pine_P1,74,126,8,B,,1.644,1.652,0.688,0.652,0.4894,0.4572,3,
WDS_Pitch_Pine_P1,74,126,9,A,,1.232,1.234,0.528,0.488,0.5033,0.4582,3,
WDS_Pitch_Pine_P1,74,126,9,B,,1.138,1.138,0.456,0.422,0.4653,0.4255,3,
WDS_Pitch_Pine_P1,74,126,10,A,,2.142,2.15,0.792,0.758,0.4241,0.4016,3,
WDS_Pitch_Pine_P1,74,126,10,B,,1.948,1.96,0.73,0.704,0.4306,0.4102,3,
WDS_Pitch_Pine_P1,74,126,11,A,,2.35,2.368,0.93,0.9,0.4586,0.4377,3,
WDS_Pitch_Pine_P1,74,126,11,B,,2.328,2.348,0.894,0.862,0.4429,0.4206,3,
WDS_Pitch_Pine_P1,74,126,12,A,,2.328,2.336,0.966,0.928,0.4846,0.4607,3,
WDS_Pitch_Pine_P1,74,126,12,B,,2.012,2.026,0.806,0.774,0.4651,0.4403,3,
WDS_Pitch_Pine_P1,74,126,13,A,,2.148,2.16,0.888,0.85,0.4825,0.4556,3,
WDS_Pitch_Pine_P1,74,126,13,B,,1.702,1.71,0.738,0.7,0.5102,0.477,3,
WDS_Pitch_Pine_P1,74,126,14,A,,1.88,1.89,0.792,0.758,0.4933,0.4658,3,
WDS_Pitch_Pine_P1,74,126,14,B,,2.038,2.044,0.838,0.788,0.4795,0.4449,3,
WDS_Pitch_Pine_P1,74,126,15,A,,1.438,1.448,0.642,0.622,0.5281,0.5047,3,
WDS_Pitch_Pine_P1,74,126,15,B,,1.276,1.28,0.526,0.51,0.4809,0.4622,3,
WDS_Pitch_Pine_P1,74,126,16,A,,2.428,2.428,0.938,0.91,0.446,0.4307,3,
WDS_Pitch_Pine_P1,74,126,16,B,,2.4,2.41,0.974,0.938,0.4722,0.4499,3,
WDS_Pitch_Pine_P1,74,126,17,A,,1.962,1.98,0.808,0.758,0.4804,0.4414,3,
WDS_Pitch_Pine_P1,74,126,17,B,,1.908,1.922,0.798,0.756,0.4891,0.4554,3,
WDS_Pitch_Pine_P1,74,126,18,A,,1.986,1.99,0.792,0.756,0.4627,0.4375,3,
WDS_Pitch_Pine_P1,74,126,18,B,,1.986,1.982,0.808,0.77,0.4736,0.4489,3,
WDS_Pitch_Pine_P1,74,126,19,A,,1.112,1.104,0.402,0.362,0.4133,0.3699,3,
WDS_Pitch_Pine_P1,74,126,19,B,,1.182,1.186,0.432,0.402,0.4185,0.384,3,
WDS_Pitch_Pine_P1,74,126,20,A,,2.258,2.254,0.87,0.8,0.4446,0.4047,3,
WDS_Pitch_Pine_P1,75,126,20,B,,2.098,2.11,0.852,0.758,0.4726,0.4103,3,
WDS_Pitch_Pine_P1,75,126,1,A,,1.728,1.728,0.668,0.642,0.4463,0.4264,3,
WDS_Pitch_Pine_P1,75,126,1,B,,1.722,1.728,0.702,0.678,0.4747,0.4541,3,
WDS_Pitch_Pine_P1,75,126,2,A,,2.782,2.802,1,0.964,0.4106,0.3906,3,
WDS_Pitch_Pine_P1,75,126,2,B,,1.672,1.668,0.608,0.568,0.416,0.3861,3,
WDS_Pitch_Pine_P1,75,126,3,A,,1.428,1.438,0.572,0.518,0.4651,0.4116,3,
WDS_Pitch_Pine_P1,75,126,3,B,,2.056,2.068,0.822,0.768,0.4641,0.4262,3,
WDS_Pitch_Pine_P1,75,126,4,A,,1.76,1.762,0.62,0.602,0.4012,0.3875,3,
WDS_Pitch_Pine_P1,75,126,4,B,,1.318,1.334,0.438,0.422,0.3756,0.3553,3,
WDS_Pitch_Pine_P1,75,126,5,A,,1.824,1.836,0.682,0.658,0.4295,0.4092,3,
WDS_Pitch_Pine_P1,75,126,5,B,,1.122,1.128,0.428,0.402,0.4395,0.4066,3,
WDS_Pitch_Pine_P1,75,126,6,A,,2.06,2.062,0.818,0.768,0.4604,0.4276,3,
WDS_Pitch_Pine_P1,75,126,6,B,,1.848,1.846,0.728,0.676,0.4562,0.4194,3,
WDS_Pitch_Pine_P1,75,126,7,A,,0.88,0.892,0.302,0.286,0.3895,0.3607,3,
WDS_Pitch_Pine_P1,75,126,7,B,,1.148,1.158,0.468,0.446,0.4747,0.4444,3,
WDS_Pitch_Pine_P1,75,126,8,A,,0.992,1.006,0.394,0.374,0.4605,0.4267,3,
WDS_Pitch_Pine_P1,75,126,8,B,,1.39,1.404,0.532,0.51,0.4412,0.4155,3,
WDS_Pitch_Pine_P1,75,126,9,A,,1.02,1.032,0.408,0.392,0.4643,0.4374,3,
WDS_Pitch_Pine_P1,75,126,9,B,,0.896,0.91,0.364,0.352,0.4728,0.4467,3,
WDS_Pitch_Pine_P1,75,126,10,A,,1.42,1.432,0.512,0.492,0.412,0.39,3,
WDS_Pitch_Pine_P1,75,126,10,B,,1.83,1.836,0.66,0.638,0.4121,0.395,3,
WDS_Pitch_Pine_P1,75,126,11,A,,2.21,2.23,0.878,0.826,0.4607,0.4249,3,
WDS_Pitch_Pine_P1,75,126,11,B,,2.196,2.214,0.852,0.812,0.4482,0.4201,3,
WDS_Pitch_Pine_P1,75,126,12,A,,1.688,1.702,0.69,0.656,0.4762,0.4448,3,
WDS_Pitch_Pine_P1,75,126,12,B,,2.178,2.198,0.868,0.832,0.4624,0.4356,3,
WDS_Pitch_Pine_P1,75,126,13,A,,1.068,1.086,0.408,0.392,0.4403,0.4125,3,
WDS_Pitch_Pine_P1,75,126,13,B,,1.262,1.28,0.504,0.484,0.4635,0.4351,3,
WDS_Pitch_Pine_P1,75,126,14,A,,2.704,2.724,0.982,0.934,0.4154,0.3891,3,
WDS_Pitch_Pine_P1,75,126,14,B,,2.708,2.73,1,0.938,0.4234,0.39,3,
WDS_Pitch_Pine_P1,75,126,15,A,,1.512,1.522,0.554,0.53,0.4197,0.396,3,
WDS_Pitch_Pine_P1,75,126,15,B,,2.092,2.104,0.878,0.838,0.4911,0.462,3,
WDS_Pitch_Pine_P1,75,126,16,A,,2.328,2.342,0.906,0.86,0.4498,0.4207,3,
WDS_Pitch_Pine_P1,75,126,16,B,,3.42,3.432,1.366,1.29,0.4636,0.4321,3,
WDS_Pitch_Pine_P1,75,126,17,A,,0.818,0.834,0.31,0.302,0.4362,0.414,3,
WDS_Pitch_Pine_P1,75,126,17,B,,0.994,1.012,0.368,0.356,0.4247,0.4006,3,
WDS_Pitch_Pine_P1,75,126,18,A,,1.888,1.9,0.768,0.718,0.4735,0.4348,3,
WDS_Pitch_Pine_P1,75,126,18,B,,1.872,1.89,0.748,0.7,0.4638,0.4249,3,
WDS_Pitch_Pine_P1,75,126,19,A,,1.028,1.044,0.408,0.4,0.4602,0.4418,3,
WDS_Pitch_Pine_P1,75,126,19,B,,0.872,0.892,0.352,0.342,0.4693,0.4421,3,
WDS_Pitch_Pine_P1,75,126,20,A,,2.294,2.312,0.918,0.82,0.4646,0.4043,3,
WDS_Pitch_Pine_P1,76,126,10,B,,1.304,1.31,0.52,0.504,0.4627,0.4439,3,
WDS_Pitch_Pine_P1,76,126,1,A,,2.042,2.05,0.946,0.91,0.5518,0.5246,3,
WDS_Pitch_Pine_P1,76,126,1,B,,1.518,1.52,0.704,0.678,0.5525,0.5276,3,
WDS_Pitch_Pine_P1,76,126,2,A,,2.406,2.428,0.97,0.936,0.4686,0.4449,3,
WDS_Pitch_Pine_P1,76,126,2,B,,1.558,1.568,0.612,0.586,0.4547,0.4293,3,
WDS_Pitch_Pine_P1,76,126,3,A,,1.72,1.73,0.716,0.69,0.4864,0.4628,3,
WDS_Pitch_Pine_P1,76,126,3,B,,1.63,1.64,0.672,0.652,0.481,0.4611,3,
WDS_Pitch_Pine_P1,76,126,4,A,,1.64,1.648,0.704,0.686,0.5043,0.4864,3,
WDS_Pitch_Pine_P1,76,126,4,B,,1.238,1.238,0.524,0.508,0.496,0.4783,3,
WDS_Pitch_Pine_P1,76,126,5,A,,1.122,1.132,0.462,0.45,0.4803,0.461,3,
WDS_Pitch_Pine_P1,76,126,5,B,,1.128,1.136,0.448,0.438,0.4605,0.445,3,
WDS_Pitch_Pine_P1,76,126,6,A,,1.026,1.034,0.442,0.432,0.5064,0.4885,3,
WDS_Pitch_Pine_P1,76,126,6,B,,0.78,0.784,0.334,0.324,0.5028,0.4823,3,
WDS_Pitch_Pine_P1,76,126,7,A,,1.138,1.14,0.46,0.45,0.47,0.4573,3,
WDS_Pitch_Pine_P1,76,126,7,B,,0.852,0.854,0.342,0.338,0.4662,0.4587,3,
WDS_Pitch_Pine_P1,76,126,8,A,,0.988,0.992,0.378,0.368,0.441,0.4257,3,
WDS_Pitch_Pine_P1,76,126,8,B,,0.906,0.912,0.37,0.366,0.4757,0.4661,3,
WDS_Pitch_Pine_P1,76,126,9,A,,1.036,1.042,0.416,0.408,0.4664,0.453,3,
WDS_Pitch_Pine_P1,76,126,9,B,,1.188,1.194,0.484,0.476,0.4744,0.4625,3,
WDS_Pitch_Pine_P1,76,126,10,A,,1.47,1.478,0.572,0.546,0.4497,0.4236,3,
WDS_Pitch_Pine_P1,76,126,11,A,,0.844,0.848,0.346,0.336,0.4778,0.4593,3,
WDS_Pitch_Pine_P1,76,126,11,B,,0.858,0.862,0.37,0.358,0.507,0.4851,3,
WDS_Pitch_Pine_P1,76,126,12,A,,1.592,1.602,0.71,0.69,0.5275,0.5062,3,
WDS_Pitch_Pine_P1,76,126,12,B,,2.062,2.074,0.89,0.868,0.5075,0.4895,3,
WDS_Pitch_Pine_P1,76,126,13,A,,1.418,1.42,0.572,0.55,0.4689,0.4473,3,
WDS_Pitch_Pine_P1,76,126,13,B,,1.14,1.152,0.45,0.436,0.4573,0.4356,3,
WDS_Pitch_Pine_P1,76,126,14,A,,2.076,2.102,0.808,0.782,0.4499,0.4271,3,
WDS_Pitch_Pine_P1,76,126,14,B,,2.28,2.302,0.93,0.902,0.475,0.4534,3,
WDS_Pitch_Pine_P1,76,126,15,A,,1.408,1.418,0.638,0.626,0.5375,0.5212,3,
WDS_Pitch_Pine_P1,76,126,15,B,,1.15,1.16,0.514,0.508,0.5288,0.5162,3,
WDS_Pitch_Pine_P1,76,126,16,A,,0.86,0.872,0.352,0.348,0.4769,0.4631,3,
WDS_Pitch_Pine_P1,76,126,16,B,,0.784,0.796,0.33,0.324,0.4928,0.4738,3,
WDS_Pitch_Pine_P1,76,126,17,A,,0.958,0.97,0.324,0.318,0.3831,0.3698,3,
WDS_Pitch_Pine_P1,76,126,17,B,,0.838,0.848,0.27,0.264,0.3627,0.349,3,
WDS_Pitch_Pine_P1,76,126,18,A,,1.112,1.124,0.472,0.46,0.4976,0.4769,3,
WDS_Pitch_Pine_P1,76,126,18,B,,1.022,1.03,0.42,0.414,0.4792,0.467,3,
WDS_Pitch_Pine_P1,76,126,19,A,,0.878,0.888,0.35,0.348,0.4625,0.4534,3,
WDS_Pitch_Pine_P1,76,126,19,B,,0.796,0.806,0.314,0.31,0.4569,0.4437,3,
WDS_Pitch_Pine_P1,76,126,20,A,,0.954,0.958,0.318,0.312,0.3768,0.3671,3,
WDS_Pitch_Pine_P1,76,126,20,B,,1.108,1.116,0.396,0.386,0.4079,0.393,3,
WDS_Pitch_Pine_P1,77,126,10,B,,1.384,1.392,0.58,0.56,0.4902,0.4674,3,
WDS_Pitch_Pine_P1,77,126,1,A,,1.186,1.194,0.428,0.41,0.4124,0.3897,3,
WDS_Pitch_Pine_P1,77,126,1,B,,1.15,1.158,0.414,0.4,0.4113,0.3924,3,
WDS_Pitch_Pine_P1,77,126,2,A,,1.574,1.602,0.634,0.606,0.4681,0.4353,3,
WDS_Pitch_Pine_P1,77,126,2,B,,1.922,1.946,0.774,0.744,0.468,0.4407,3,
WDS_Pitch_Pine_P1,77,126,3,A,,1.754,1.764,0.67,0.638,0.4402,0.4135,3,
WDS_Pitch_Pine_P1,77,126,3,B,,2.07,2.084,0.83,0.794,0.4656,0.4389,3,
WDS_Pitch_Pine_P1,77,126,4,A,,1.53,1.548,0.52,0.502,0.3852,0.3653,3,
WDS_Pitch_Pine_P1,77,126,4,B,,2.686,2.71,1.154,1.054,0.5048,0.4495,3,
WDS_Pitch_Pine_P1,77,126,5,A,,1.106,1.118,0.41,0.398,0.4253,0.4061,3,
WDS_Pitch_Pine_P1,77,126,5,B,,1.364,1.386,0.53,0.508,0.449,0.4198,3,
WDS_Pitch_Pine_P1,77,126,6,A,,2.316,2.314,0.94,0.79,0.4723,0.3872,3,
WDS_Pitch_Pine_P1,77,126,6,B,,2.132,2.14,0.85,0.72,0.4626,0.3808,3,
WDS_Pitch_Pine_P1,77,126,7,A,,1.71,1.724,0.65,0.584,0.4378,0.3838,3,
WDS_Pitch_Pine_P1,77,126,7,B,,2.846,2.87,1.194,1.128,0.4909,0.455,3,
WDS_Pitch_Pine_P1,77,126,8,A,,1.572,1.588,0.606,0.52,0.4449,0.3694,3,
WDS_Pitch_Pine_P1,77,126,8,B,,2.606,2.618,1,0.902,0.4426,0.3912,3,
WDS_Pitch_Pine_P1,77,126,9,A,,0.85,0.864,0.29,0.282,0.3869,0.368,3,
WDS_Pitch_Pine_P1,77,126,9,B,,0.85,0.862,0.31,0.292,0.4174,0.3838,3,
WDS_Pitch_Pine_P1,77,126,10,A,,1.152,1.158,0.44,0.416,0.4402,0.4103,3,
WDS_Pitch_Pine_P1,77,126,11,A,,0.78,0.8,0.29,0.27,0.4268,0.3822,3,
WDS_Pitch_Pine_P1,77,126,11,B,,0.892,0.91,0.33,0.31,0.4243,0.3862,3,
WDS_Pitch_Pine_P1,77,126,12,A,,0.792,0.808,0.33,0.32,0.487,0.459,3,
WDS_Pitch_Pine_P1,77,126,12,B,,0.946,0.962,0.39,0.368,0.4809,0.441,3,
WDS_Pitch_Pine_P1,77,126,13,A,,0.81,0.83,0.32,0.308,0.4577,0.4258,3,
WDS_Pitch_Pine_P1,77,126,13,B,,0.966,0.984,0.38,0.368,0.4554,0.4296,3,
WDS_Pitch_Pine_P1,77,126,14,A,,1.152,1.164,0.45,0.43,0.4518,0.4236,3,
WDS_Pitch_Pine_P1,77,126,14,B,,1.106,1.128,0.45,0.422,0.4736,0.4298,3,
WDS_Pitch_Pine_P1,77,126,15,A,,1.006,1.016,0.41,0.392,0.4746,0.4453,3,
WDS_Pitch_Pine_P1,77,126,15,B,,1.014,1.028,0.41,0.4,0.4702,0.4497,3,
WDS_Pitch_Pine_P1,77,126,16,A,,2.256,2.248,0.82,0.772,0.4158,0.3898,3,
WDS_Pitch_Pine_P1,77,126,16,B,,2.286,2.28,0.81,0.77,0.4039,0.3825,3,
WDS_Pitch_Pine_P1,77,126,17,A,,1.676,1.702,0.63,0.602,0.4322,0.4031,3,
WDS_Pitch_Pine_P1,77,126,17,B,,1.89,1.912,0.76,0.726,0.4672,0.4372,3,
WDS_Pitch_Pine_P1,77,126,18,A,,1.91,1.92,0.8,0.736,0.4899,0.442,3,
WDS_Pitch_Pine_P1,77,126,18,B,,1.504,1.512,0.63,0.55,0.49,0.4162,3,
WDS_Pitch_Pine_P1,77,126,19,A,,1.056,1.068,0.39,0.362,0.4235,0.384,3,
WDS_Pitch_Pine_P1,77,126,19,B,,1.316,1.332,0.52,0.474,0.4578,0.4059,3,
WDS_Pitch_Pine_P1,77,126,20,A,,1.216,1.232,0.49,0.452,0.4683,0.4203,3,
WDS_Pitch_Pine_P1,77,126,20,B,,1.744,1.762,0.69,0.658,0.4585,0.4289,3,
WDS_Pitch_Pine_P1,78,126,19,B,,1.334,1.338,0.512,0.476,0.4427,0.4058,3,
WDS_Pitch_Pine_P1,78,126,1,A,,1.54,1.542,0.606,0.568,0.4556,0.4222,3,
WDS_Pitch_Pine_P1,78,126,1,B,,1.562,1.554,0.6,0.568,0.4431,0.4185,3,
WDS_Pitch_Pine_P1,78,126,2,A,,0.932,0.944,0.348,0.338,0.4289,0.4087,3,
WDS_Pitch_Pine_P1,78,126,2,B,,0.91,0.912,0.336,0.328,0.4234,0.4108,3,
WDS_Pitch_Pine_P1,78,126,3,A,,0.91,0.918,0.348,0.332,0.4408,0.4135,3,
WDS_Pitch_Pine_P1,78,126,3,B,,0.906,0.914,0.352,0.338,0.4489,0.4241,3,
WDS_Pitch_Pine_P1,78,126,4,A,,0.788,0.794,0.318,0.31,0.4691,0.4515,3,
WDS_Pitch_Pine_P1,78,126,4,B,,1.038,1.05,0.45,0.436,0.5101,0.485,3,
WDS_Pitch_Pine_P1,78,126,5,A,,1.104,1.114,0.39,0.372,0.4025,0.3776,3,
WDS_Pitch_Pine_P1,78,126,5,B,,1.422,1.438,0.602,0.576,0.4961,0.4651,3,
WDS_Pitch_Pine_P1,78,126,6,A,,1.248,1.252,0.462,0.442,0.4246,0.4022,3,
WDS_Pitch_Pine_P1,78,126,6,B,,1.152,1.178,0.428,0.41,0.4264,0.3958,3,
WDS_Pitch_Pine_P1,78,126,7,A,,0.718,0.728,0.268,0.254,0.4287,0.3969,3,
WDS_Pitch_Pine_P1,78,126,7,B,,1.092,1.106,0.442,0.428,0.4708,0.4469,3,
WDS_Pitch_Pine_P1,78,126,8,A,,0.758,0.76,0.282,0.268,0.4271,0.4017,3,
WDS_Pitch_Pine_P1,78,126,8,B,,1.27,1.282,0.532,0.508,0.49,0.4593,3,
WDS_Pitch_Pine_P1,78,126,9,A,,1.09,1.106,0.408,0.386,0.4301,0.397,3,
WDS_Pitch_Pine_P1,78,126,9,B,,1.09,1.106,0.43,0.408,0.4569,0.4229,3,
WDS_Pitch_Pine_P1,78,126,10,A,,1.004,1.018,0.342,0.328,0.3862,0.3627,3,
WDS_Pitch_Pine_P1,78,126,20,A,,0.778,0.782,0.288,0.27,0.4246,0.3922,3,
WDS_Pitch_Pine_P1,78,126,20,B,,1.048,1.042,0.388,0.366,0.4247,0.3999,3,
WDS_Pitch_Pine_P1,78,126,10,B,,1.212,1.228,0.422,0.406,0.3959,0.3734,3,
WDS_Pitch_Pine_P1,78,126,11,A,,0.97,0.982,0.368,0.352,0.4368,0.4093,3,
WDS_Pitch_Pine_P1,78,126,11,B,,1.1,1.112,0.41,0.402,0.428,0.4133,3,
WDS_Pitch_Pine_P1,78,126,12,A,,0.816,0.83,0.31,0.292,0.4375,0.4006,3,
WDS_Pitch_Pine_P1,78,126,12,B,,1.088,1.102,0.428,0.406,0.4554,0.4223,3,
WDS_Pitch_Pine_P1,78,126,13,A,,0.91,0.922,0.338,0.318,0.4263,0.3917,3,
WDS_Pitch_Pine_P1,78,126,13,B,,1.126,1.142,0.462,0.426,0.4783,0.4284,3,
WDS_Pitch_Pine_P1,78,126,14,A,,1.074,1.092,0.438,0.432,0.4749,0.4584,3,
WDS_Pitch_Pine_P1,78,126,14,B,,1.14,1.158,0.46,0.442,0.4691,0.4398,3,
WDS_Pitch_Pine_P1,78,126,15,A,,1.358,1.376,0.48,0.458,0.4028,0.3762,3,
WDS_Pitch_Pine_P1,78,126,15,B,,1.208,1.214,0.43,0.412,0.406,0.3846,3,
WDS_Pitch_Pine_P1,78,126,16,A,,0.958,0.968,0.398,0.368,0.4853,0.4378,3,
WDS_Pitch_Pine_P1,78,126,16,B,,1.062,1.078,0.442,0.426,0.4863,0.4579,3,
WDS_Pitch_Pine_P1,78,126,17,A,,1.19,1.198,0.506,0.478,0.4987,0.463,3,
WDS_Pitch_Pine_P1,78,126,17,B,,1.15,1.158,0.488,0.464,0.4975,0.4653,3,
WDS_Pitch_Pine_P1,78,126,18,A,,1.176,1.192,0.428,0.402,0.4164,0.3819,3,
WDS_Pitch_Pine_P1,78,126,18,B,,1.358,1.372,0.496,0.47,0.4181,0.3887,3,
WDS_Pitch_Pine_P1,78,126,19,A,,1.332,1.342,0.558,0.496,0.49,0.4239,3,
WDS_Pitch_Pine_P1,79,126,20,B,,1.742,1.756,0.742,0.712,0.4997,0.4717,3,
WDS_Pitch_Pine_P1,79,126,20,A,,1.322,1.336,0.562,0.532,0.4985,0.4619,3,
WDS_Pitch_Pine_P1,79,126,19,B,,2.478,2.49,1.016,0.948,0.4779,0.4386,3,
WDS_Pitch_Pine_P1,79,126,19,A,,1.588,1.596,0.584,0.548,0.4214,0.3897,3,
WDS_Pitch_Pine_P1,79,126,18,B,,1.734,1.746,0.666,0.638,0.443,0.4184,3,
WDS_Pitch_Pine_P1,79,126,18,A,,1.738,1.734,0.912,0.634,0.6413,0.4187,3,
WDS_Pitch_Pine_P1,79,126,17,B,,1.762,1.782,0.808,0.722,0.5452,0.4713,3,
WDS_Pitch_Pine_P1,79,126,17,A,,1.606,1.612,0.686,0.614,0.5013,0.4388,3,
WDS_Pitch_Pine_P1,79,126,16,B,,2.136,2.154,0.902,0.87,0.4946,0.4696,3,
WDS_Pitch_Pine_P1,79,126,16,A,,2.282,2.292,0.996,0.96,0.5142,0.4899,3,
WDS_Pitch_Pine_P1,79,126,15,B,,2.368,2.374,1.02,0.984,0.5063,0.484,3,
WDS_Pitch_Pine_P1,79,126,15,A,,1.508,1.518,0.606,0.578,0.4668,0.4386,3,
WDS_Pitch_Pine_P1,79,126,14,B,,2.33,2.348,0.928,0.904,0.462,0.4443,3,
WDS_Pitch_Pine_P1,79,126,14,A,,1.766,1.78,0.674,0.654,0.4398,0.421,3,
WDS_Pitch_Pine_P1,79,126,13,B,,1.584,1.582,0.67,0.582,0.4956,0.4216,3,
WDS_Pitch_Pine_P1,79,126,13,A,,1.984,1.988,0.786,0.756,0.4592,0.438,3,
WDS_Pitch_Pine_P1,79,126,12,B,,1.458,1.462,0.614,0.582,0.4931,0.4618,3,
WDS_Pitch_Pine_P1,79,126,12,A,,1.224,1.232,0.472,0.446,0.4451,0.4139,3,
WDS_Pitch_Pine_P1,79,126,11,B,,2.104,2.118,0.878,0.79,0.4878,0.4283,3,
WDS_Pitch_Pine_P1,79,126,11,A,,1.578,1.582,0.654,0.558,0.4839,0.4018,3,
WDS_Pitch_Pine_P1,79,126,10,B,,1.46,1.466,0.508,0.498,0.3956,0.385,3,
WDS_Pitch_Pine_P1,79,126,10,A,,1.09,1.1,0.348,0.334,0.359,0.3393,3,
WDS_Pitch_Pine_P1,79,126,9,B,,1.586,1.596,0.646,0.628,0.4742,0.4556,3,
WDS_Pitch_Pine_P1,79,126,9,A,,1.2,1.208,0.484,0.472,0.4688,0.4519,3,
WDS_Pitch_Pine_P1,79,126,8,B,,2.396,2.398,1.146,1.008,0.5733,0.492,3,
WDS_Pitch_Pine_P1,79,126,8,A,,1.72,1.724,0.734,0.65,0.5008,0.4337,3,
WDS_Pitch_Pine_P1,79,126,7,B,,2.158,2.146,1.002,0.762,0.5533,0.4049,3,
WDS_Pitch_Pine_P1,79,126,7,A,,1.892,1.896,0.74,0.628,0.4524,0.3742,3,
WDS_Pitch_Pine_P1,79,126,6,B,,2.48,2.478,1.072,0.91,0.5084,0.4208,3,
WDS_Pitch_Pine_P1,79,126,6,A,,3.158,3.178,1.272,1.23,0.4681,0.447,3,
WDS_Pitch_Pine_P1,79,126,5,B,,1.744,1.75,0.752,0.718,0.5069,0.4783,3,
WDS_Pitch_Pine_P1,79,126,5,A,,1.146,1.148,0.46,0.432,0.4662,0.4327,3,
WDS_Pitch_Pine_P1,79,126,4,B,,1.444,1.45,0.588,0.57,0.4741,0.4551,3,
WDS_Pitch_Pine_P1,79,126,4,A,,1.242,1.248,0.478,0.462,0.4441,0.4246,3,
WDS_Pitch_Pine_P1,79,126,3,B,,1.028,1.03,0.468,0.44,0.5405,0.5014,3,
WDS_Pitch_Pine_P1,79,126,3,A,,0.748,0.76,0.304,0.296,0.473,0.4502,3,
WDS_Pitch_Pine_P1,79,126,2,B,,1.68,1.682,0.678,0.654,0.4692,0.4493,3,
WDS_Pitch_Pine_P1,79,126,2,A,,1.208,1.21,0.436,0.42,0.4125,0.3945,3,
WDS_Pitch_Pine_P1,79,126,1,B,,1.924,1.934,0.812,0.788,0.4943,0.4744,3,
WDS_Pitch_Pine_P1,79,126,1,A,,1.282,1.288,0.494,0.482,0.4447,0.43,3,
WDS_Pitch_Pine_P1,8,126,20,A,,1.368,1.362,0.578,0.552,0.495,0.4715,3,
WDS_Pitch_Pine_P1,8,126,19,B,,1.658,1.682,0.67,0.642,0.4699,0.4398,3,
WDS_Pitch_Pine_P1,8,126,19,A,,1.234,1.254,0.478,0.458,0.4474,0.4181,3,
WDS_Pitch_Pine_P1,8,126,18,B,,1.858,1.872,0.642,0.626,0.3925,0.3782,3,
WDS_Pitch_Pine_P1,8,126,18,A,,1.754,1.764,0.598,0.574,0.3866,0.3667,3,
WDS_Pitch_Pine_P1,8,126,17,B,,1.646,1.648,0.662,0.648,0.4673,0.4552,3,
WDS_Pitch_Pine_P1,8,126,17,A,,1.792,1.818,0.76,0.746,0.4971,0.4783,3,
WDS_Pitch_Pine_P1,8,126,16,B,,1.558,1.502,0.56,0.536,0.4106,0.4072,3,
WDS_Pitch_Pine_P1,8,126,16,A,,1.31,1.342,0.48,0.466,0.4197,0.3947,3,
WDS_Pitch_Pine_P1,8,126,15,B,,1.8,1.804,0.628,0.612,0.3969,0.3844,3,
WDS_Pitch_Pine_P1,8,126,20,B,,1.37,1.384,0.54,0.516,0.4565,0.4281,3,
WDS_Pitch_Pine_P1,8,126,15,A,,1.532,1.574,0.59,0.568,0.4444,0.4124,3,
WDS_Pitch_Pine_P1,8,126,14,B,,1.942,1.952,0.734,0.706,0.4349,0.4135,3,
WDS_Pitch_Pine_P1,8,126,14,A,,1.972,2.008,0.72,0.658,0.418,0.3696,3,
WDS_Pitch_Pine_P1,8,126,13,B,,1.702,1.696,0.632,0.612,0.4261,0.4124,3,
WDS_Pitch_Pine_P1,8,126,13,A,,1.28,1.3,0.46,0.44,0.4105,0.3834,3,
WDS_Pitch_Pine_P1,8,126,12,B,,1.99,1.992,0.65,0.61,0.3683,0.3426,3,
WDS_Pitch_Pine_P1,8,126,12,A,,1.902,1.932,0.78,0.656,0.478,0.3848,3,
WDS_Pitch_Pine_P1,8,126,11,B,,1.28,1.284,0.48,0.476,0.431,0.4253,3,
WDS_Pitch_Pine_P1,8,126,11,A,,1.078,1.1,0.378,0.37,0.3991,0.3807,3,
WDS_Pitch_Pine_P1,8,126,10,B,,1.86,1.864,0.71,0.68,0.4399,0.4176,3,
WDS_Pitch_Pine_P1,8,126,10,A,,1.828,1.86,0.692,0.676,0.4357,0.4158,3,
WDS_Pitch_Pine_P1,8,126,9,B,,2.1,2.114,0.842,0.77,0.4656,0.4168,3,
WDS_Pitch_Pine_P1,8,126,9,A,,1.1,1.114,0.428,0.412,0.4497,0.4242,3,
WDS_Pitch_Pine_P1,8,126,8,B,,1.942,1.954,0.74,0.69,0.439,0.4023,3,
WDS_Pitch_Pine_P1,8,126,8,A,,1.726,1.75,0.662,0.618,0.4423,0.4024,3,
WDS_Pitch_Pine_P1,8,126,7,B,,1.26,1.264,0.43,0.42,0.387,0.3755,3,
WDS_Pitch_Pine_P1,8,126,7,A,,1.002,1.034,0.34,0.33,0.3845,0.3588,3,
WDS_Pitch_Pine_P1,8,126,6,B,,2.012,2.014,0.738,0.7,0.4202,0.3951,3,
WDS_Pitch_Pine_P1,8,126,6,A,,1.96,2.02,0.762,0.74,0.4493,0.4196,3,
WDS_Pitch_Pine_P1,8,126,5,B,,1.336,1.332,0.484,0.47,0.4143,0.402,3,
WDS_Pitch_Pine_P1,8,126,5,A,,1.242,1.288,0.44,0.43,0.4038,0.3775,3,
WDS_Pitch_Pine_P1,8,126,4,B,,2.172,2.168,0.874,0.75,0.4676,0.393,3,
WDS_Pitch_Pine_P1,8,126,4,A,,1.932,1.962,0.69,0.672,0.4076,0.3886,3,
WDS_Pitch_Pine_P1,8,126,3,B,,1.354,1.366,0.484,0.47,0.408,0.3906,3,
WDS_Pitch_Pine_P1,8,126,3,A,,1.352,1.364,0.482,0.468,0.4067,0.3894,3,
WDS_Pitch_Pine_P1,8,126,2,B,,1.422,1.438,0.518,0.498,0.4169,0.3935,3,
WDS_Pitch_Pine_P1,8,126,2,A,,1.41,1.412,0.518,0.492,0.4209,0.3963,3,
WDS_Pitch_Pine_P1,8,126,1,B,,1.888,1.892,0.716,0.682,0.4366,0.4119,3,
WDS_Pitch_Pine_P1,8,126,1,A,,1.614,1.61,0.638,0.612,0.458,0.4378,3,
WDS_Pitch_Pine_P1,80,126,15,B,,1.042,1.048,0.5,0.476,0.5755,0.539,3,
WDS_Pitch_Pine_P1,80,126,20,B,,3.046,3.068,1.33,1.262,0.5145,0.4797,3,
WDS_Pitch_Pine_P1,80,126,20,A,,2.604,2.61,1.07,1.012,0.4791,0.4479,3,
WDS_Pitch_Pine_P1,80,126,19,B,,1.346,1.36,0.55,0.528,0.476,0.4486,3,
WDS_Pitch_Pine_P1,80,126,19,A,,1.048,1.062,0.408,0.388,0.45,0.4183,3,
WDS_Pitch_Pine_P1,80,126,18,B,,1.892,1.908,0.752,0.722,0.4609,0.4355,3,
WDS_Pitch_Pine_P1,80,126,18,A,,2.256,2.268,0.932,0.898,0.4821,0.4589,3,
WDS_Pitch_Pine_P1,80,126,17,B,,1.96,1.97,0.802,0.708,0.4768,0.4105,3,
WDS_Pitch_Pine_P1,80,126,17,A,,2.242,2.252,0.958,0.902,0.5015,0.4651,3,
WDS_Pitch_Pine_P1,80,126,16,B,,1.084,1.094,0.406,0.4,0.4304,0.4187,3,
WDS_Pitch_Pine_P1,80,126,16,A,,1.052,1.062,0.392,0.372,0.4278,0.3987,3,
WDS_Pitch_Pine_P1,80,126,15,A,,0.872,0.878,0.38,0.358,0.5133,0.4748,3,
WDS_Pitch_Pine_P1,80,126,14,B,,1.3,1.302,0.57,0.52,0.517,0.4635,3,
WDS_Pitch_Pine_P1,80,126,14,A,,1.812,1.822,0.8,0.758,0.5212,0.4861,3,
WDS_Pitch_Pine_P1,80,126,13,B,,1.48,1.488,0.65,0.572,0.518,0.4435,3,
WDS_Pitch_Pine_P1,80,126,13,A,,1.246,1.256,0.472,0.45,0.436,0.409,3,
WDS_Pitch_Pine_P1,80,126,12,B,,1.01,1.016,0.402,0.376,0.4617,0.4245,3,
WDS_Pitch_Pine_P1,80,126,12,A,,1.368,1.376,0.602,0.572,0.5192,0.4856,3,
WDS_Pitch_Pine_P1,80,126,11,B,,1.068,1.074,0.42,0.392,0.4553,0.4178,3,
WDS_Pitch_Pine_P1,80,126,11,A,,1.1,1.102,0.43,0.4,0.4521,0.4152,3,
WDS_Pitch_Pine_P1,80,126,10,B,,1.904,1.91,0.832,0.794,0.5149,0.4856,3,
WDS_Pitch_Pine_P1,80,126,10,A,,1.586,1.592,0.682,0.65,0.5053,0.4756,3,
WDS_Pitch_Pine_P1,80,126,9,B,,2.332,2.332,0.962,0.918,0.4813,0.4558,3,
WDS_Pitch_Pine_P1,80,126,9,A,,1.79,1.792,0.692,0.658,0.4464,0.4207,3,
WDS_Pitch_Pine_P1,80,126,8,B,,2.654,2.666,1.118,1.078,0.4932,0.4702,3,
WDS_Pitch_Pine_P1,80,126,8,A,,2.328,2.342,1.052,1.018,0.5358,0.5117,3,
WDS_Pitch_Pine_P1,80,126,7,B,,1.252,1.256,0.494,0.468,0.457,0.4278,3,
WDS_Pitch_Pine_P1,80,126,7,A,,1.018,1.018,0.402,0.348,0.4575,0.3878,3,
WDS_Pitch_Pine_P1,80,126,6,B,,2.628,2.646,1.1,1.008,0.4896,0.4389,3,
WDS_Pitch_Pine_P1,80,126,6,A,,2.428,2.434,0.944,0.896,0.4493,0.4219,3,
WDS_Pitch_Pine_P1,80,126,5,B,,1.722,1.728,0.672,0.632,0.4512,0.4188,3,
WDS_Pitch_Pine_P1,80,126,5,A,,1.674,1.674,0.678,0.632,0.4711,0.4343,3,
WDS_Pitch_Pine_P1,80,126,4,B,,2.128,2.12,0.908,0.832,0.5007,0.4542,3,
WDS_Pitch_Pine_P1,80,126,4,A,,2.258,2.252,0.988,0.91,0.5157,0.4699,3,
WDS_Pitch_Pine_P1,80,126,3,B,,2.384,2.388,1.02,0.976,0.5023,0.4761,3,
WDS_Pitch_Pine_P1,80,126,3,A,,2.344,2.334,1.102,1.018,0.5616,0.5138,3,
WDS_Pitch_Pine_P1,80,126,2,B,,2.036,2.038,0.828,0.792,0.4734,0.4491,3,
WDS_Pitch_Pine_P1,80,126,2,A,,1.544,1.542,0.63,0.598,0.4752,0.448,3,
WDS_Pitch_Pine_P1,80,126,1,B,,2.476,2.472,1.064,1.03,0.5049,0.487,3,
WDS_Pitch_Pine_P1,80,126,1,A,,2.302,2.294,1.016,0.984,0.521,0.5038,3,
WDS_Pitch_Pine_P1,81,126,20,A,,1.184,1.188,0.424,0.398,0.4088,0.379,3,
WDS_Pitch_Pine_P1,81,126,19,B,,1.264,1.27,0.504,0.48,0.4626,0.4349,3,
WDS_Pitch_Pine_P1,81,126,19,A,,1.102,1.112,0.42,0.394,0.4391,0.4039,3,
WDS_Pitch_Pine_P1,81,126,18,B,,0.87,0.874,0.33,0.312,0.4367,0.4074,3,
WDS_Pitch_Pine_P1,81,126,18,A,,0.948,0.952,0.362,0.338,0.4401,0.4048,3,
WDS_Pitch_Pine_P1,81,126,17,B,,1.002,1,0.388,0.368,0.4472,0.4218,3,
WDS_Pitch_Pine_P1,81,126,17,A,,0.904,0.906,0.332,0.312,0.4208,0.391,3,
WDS_Pitch_Pine_P1,81,126,16,B,,0.934,0.932,0.348,0.328,0.4278,0.4008,3,
WDS_Pitch_Pine_P1,81,126,16,A,,1.048,1.05,0.4,0.382,0.4398,0.4163,3,
WDS_Pitch_Pine_P1,81,126,15,B,,1.142,1.14,0.442,0.418,0.447,0.42,3,
WDS_Pitch_Pine_P1,81,126,15,A,,0.996,1.002,0.362,0.342,0.4158,0.3871,3,
WDS_Pitch_Pine_P1,81,126,14,B,,0.926,0.938,0.356,0.34,0.4435,0.4145,3,
WDS_Pitch_Pine_P1,81,126,14,A,,0.906,0.92,0.352,0.338,0.4489,0.421,3,
WDS_Pitch_Pine_P1,81,126,13,B,,0.934,0.942,0.364,0.344,0.4505,0.4181,3,
WDS_Pitch_Pine_P1,81,126,13,A,,0.998,1.008,0.388,0.368,0.4493,0.4179,3,
WDS_Pitch_Pine_P1,81,126,12,B,,0.872,0.888,0.362,0.342,0.4849,0.4444,3,
WDS_Pitch_Pine_P1,81,126,12,A,,0.824,0.838,0.362,0.324,0.5182,0.4464,3,
WDS_Pitch_Pine_P1,81,126,11,B,,1.026,1.038,0.382,0.362,0.4274,0.3967,3,
WDS_Pitch_Pine_P1,81,126,11,A,,1.04,1.052,0.398,0.372,0.4412,0.403,3,
WDS_Pitch_Pine_P1,81,126,10,B,,1.598,1.61,0.638,0.586,0.4633,0.4165,3,
WDS_Pitch_Pine_P1,81,126,10,A,,1.51,1.52,0.594,0.538,0.4554,0.4034,3,
WDS_Pitch_Pine_P1,81,126,9,B,,0.974,0.982,0.372,0.346,0.4402,0.4013,3,
WDS_Pitch_Pine_P1,81,126,9,A,,1.062,1.068,0.438,0.4,0.4812,0.4304,3,
WDS_Pitch_Pine_P1,81,126,8,B,,0.96,0.964,0.388,0.368,0.47,0.4399,3,
WDS_Pitch_Pine_P1,81,126,8,A,,0.862,0.872,0.342,0.328,0.46,0.4325,3,
WDS_Pitch_Pine_P1,81,126,7,B,,1.048,1.052,0.358,0.338,0.3875,0.3615,3,
WDS_Pitch_Pine_P1,81,126,7,A,,0.792,0.798,0.26,0.238,0.3704,0.3326,3,
WDS_Pitch_Pine_P1,81,126,6,B,,1.022,1.03,0.412,0.388,0.4686,0.4332,3,
WDS_Pitch_Pine_P1,81,126,6,A,,0.81,0.814,0.304,0.274,0.4314,0.381,3,
WDS_Pitch_Pine_P1,81,126,5,B,,1.082,1.098,0.41,0.382,0.4362,0.3956,3,
WDS_Pitch_Pine_P1,81,126,5,A,,0.708,0.718,0.242,0.226,0.3877,0.3533,3,
WDS_Pitch_Pine_P1,81,126,4,B,,1.428,1.438,0.558,0.526,0.4519,0.4189,3,
WDS_Pitch_Pine_P1,81,126,4,A,,0.968,0.978,0.352,0.332,0.416,0.3847,3,
WDS_Pitch_Pine_P1,81,126,3,B,,1.494,1.5,0.598,0.542,0.4647,0.413,3,
WDS_Pitch_Pine_P1,81,126,3,A,,1.732,1.74,0.672,0.63,0.4482,0.414,3,
WDS_Pitch_Pine_P1,81,126,20,B,,0.992,0.998,0.354,0.332,0.4072,0.376,3,
WDS_Pitch_Pine_P1,81,126,2,B,,0.892,0.902,0.322,0.302,0.4126,0.3787,3,
WDS_Pitch_Pine_P1,81,126,2,A,,1.07,1.082,0.406,0.38,0.4369,0.3998,3,
WDS_Pitch_Pine_P1,81,126,1,B,,1.808,1.812,0.87,0.678,0.5774,0.4299,3,
WDS_Pitch_Pine_P1,81,126,1,A,,1.172,1.174,0.482,0.392,0.4796,0.3776,3,
WDS_Pitch_Pine_P1,82,126,18,A,,2.702,2.712,1.126,1.074,0.487,0.459,3,
WDS_Pitch_Pine_P1,82,126,20,B,,1.634,1.64,0.75,0.712,0.5458,0.511,3,
WDS_Pitch_Pine_P1,82,126,1,A,,1.688,1.69,0.672,0.628,0.4618,0.4265,3,
WDS_Pitch_Pine_P1,82,126,1,B,,1.73,1.73,0.684,0.646,0.4581,0.4289,3,
WDS_Pitch_Pine_P1,82,126,2,A,,2.132,2.13,0.95,0.782,0.5269,0.4206,3,
WDS_Pitch_Pine_P1,82,126,2,B,,1.532,1.52,0.658,0.548,0.5046,0.412,3,
WDS_Pitch_Pine_P1,82,126,3,A,,2.3,2.284,0.944,0.896,0.4785,0.454,3,
WDS_Pitch_Pine_P1,82,126,3,B,,2.212,2.216,0.966,0.868,0.5145,0.4532,3,
WDS_Pitch_Pine_P1,82,126,4,A,,2.336,2.332,0.93,0.888,0.4618,0.4387,3,
WDS_Pitch_Pine_P1,82,126,4,B,,2.134,2.128,0.836,0.798,0.4533,0.431,3,
WDS_Pitch_Pine_P1,82,126,5,A,,1.534,1.528,0.662,0.63,0.5074,0.481,3,
WDS_Pitch_Pine_P1,82,126,5,B,,1.52,1.518,0.672,0.642,0.5221,0.4955,3,
WDS_Pitch_Pine_P1,82,126,6,A,,1.668,1.64,0.834,0.588,0.6047,0.4094,3,
WDS_Pitch_Pine_P1,82,126,6,B,,1.84,1.832,0.852,0.748,0.5515,0.4756,3,
WDS_Pitch_Pine_P1,82,126,7,A,,1.38,1.372,0.512,0.488,0.4257,0.4057,3,
WDS_Pitch_Pine_P1,82,126,7,B,,1.184,1.184,0.428,0.406,0.4132,0.3891,3,
WDS_Pitch_Pine_P1,82,126,8,A,,1.478,1.468,0.624,0.592,0.4945,0.4688,3,
WDS_Pitch_Pine_P1,82,126,8,B,,1.972,1.968,0.874,0.828,0.5236,0.4925,3,
WDS_Pitch_Pine_P1,82,126,9,A,,2.128,2.132,0.926,0.848,0.5124,0.4613,3,
WDS_Pitch_Pine_P1,82,126,9,B,,1.978,1.964,0.83,0.76,0.491,0.4469,3,
WDS_Pitch_Pine_P1,82,126,10,A,,1.408,1.406,0.582,0.552,0.4824,0.4544,3,
WDS_Pitch_Pine_P1,82,126,10,B,,1.374,1.378,0.578,0.548,0.4924,0.4612,3,
WDS_Pitch_Pine_P1,82,126,11,A,,1.226,1.232,0.534,0.508,0.513,0.481,3,
WDS_Pitch_Pine_P1,82,126,11,B,,1.546,1.542,0.69,0.66,0.5279,0.5025,3,
WDS_Pitch_Pine_P1,82,126,12,A,,2.118,2.108,0.904,0.854,0.5009,0.4713,3,
WDS_Pitch_Pine_P1,82,126,12,B,,1.692,1.686,0.788,0.688,0.5553,0.4752,3,
WDS_Pitch_Pine_P1,82,126,13,A,,1.628,1.628,0.666,0.622,0.4766,0.4403,3,
WDS_Pitch_Pine_P1,82,126,13,B,,1.612,1.612,0.68,0.636,0.494,0.457,3,
WDS_Pitch_Pine_P1,82,126,14,A,,1.968,1.964,0.828,0.782,0.4925,0.4619,3,
WDS_Pitch_Pine_P1,82,126,14,B,,2,1.992,0.878,0.824,0.5177,0.4828,3,
WDS_Pitch_Pine_P1,82,126,15,A,,2.492,2.492,1.096,1.012,0.5189,0.4726,3,
WDS_Pitch_Pine_P1,82,126,15,B,,1.654,1.66,0.65,0.598,0.4549,0.4116,3,
WDS_Pitch_Pine_P1,82,126,16,A,,1.592,1.596,0.578,0.546,0.4153,0.3881,3,
WDS_Pitch_Pine_P1,82,126,16,B,,2.06,2.062,0.798,0.76,0.4474,0.4225,3,
WDS_Pitch_Pine_P1,82,126,17,A,,1.886,1.878,0.86,0.818,0.5415,0.513,3,
WDS_Pitch_Pine_P1,82,126,17,B,,,,,,,,3,
WDS_Pitch_Pine_P1,82,126,18,B,,2.404,2.4,0.978,0.93,0.4736,0.4476,3,
WDS_Pitch_Pine_P1,82,126,19,A,,1.846,1.832,0.714,0.658,0.4466,0.4102,3,
WDS_Pitch_Pine_P1,82,126,19,B,,1.992,1.984,0.81,0.758,0.4733,0.4403,3,
WDS_Pitch_Pine_P1,82,126,20,A,,1.342,1.328,0.616,0.578,0.5458,0.5125,3,
WDS_Pitch_Pine_P1,83,126,1,A,,2.28,2.292,0.906,0.798,0.4608,0.3959,3,
WDS_Pitch_Pine_P1,83,126,1,B,,1.832,1.85,0.7,0.67,0.4404,0.4141,3,
WDS_Pitch_Pine_P1,83,126,2,A,,1.132,1.142,0.408,0.398,0.4118,0.3964,3,
WDS_Pitch_Pine_P1,83,126,2,B,,0.89,0.9,0.302,0.292,0.3845,0.3655,3,
WDS_Pitch_Pine_P1,83,126,3,A,,2.198,2.21,0.854,0.812,0.449,0.421,3,
WDS_Pitch_Pine_P1,83,126,3,B,,2.61,2.62,1.022,0.978,0.453,0.4287,3,
WDS_Pitch_Pine_P1,83,126,4,A,,1.364,1.38,0.528,0.508,0.447,0.4219,3,
WDS_Pitch_Pine_P1,83,126,4,B,,1.318,1.332,0.49,0.47,0.4267,0.402,3,
WDS_Pitch_Pine_P1,83,126,5,A,,0.938,0.958,0.356,0.352,0.437,0.421,3,
WDS_Pitch_Pine_P1,83,126,5,B,,0.896,0.914,0.338,0.33,0.4339,0.4127,3,
WDS_Pitch_Pine_P1,83,126,6,A,,1.788,1.812,0.69,0.666,0.4455,0.4212,3,
WDS_Pitch_Pine_P1,83,126,6,B,,1.582,1.606,0.588,0.562,0.4266,0.3982,3,
WDS_Pitch_Pine_P1,83,126,7,A,,1.048,1.07,0.408,0.398,0.45,0.427,3,
WDS_Pitch_Pine_P1,83,126,7,B,,0.796,0.816,0.282,0.28,0.4038,0.3894,3,
WDS_Pitch_Pine_P1,83,126,8,A,,1.898,1.9,0.8,0.674,0.4936,0.4044,3,
WDS_Pitch_Pine_P1,83,126,8,B,,2.39,2.404,1.006,0.9,0.4928,0.4302,3,
WDS_Pitch_Pine_P1,83,126,9,A,,1.708,1.73,0.662,0.632,0.4477,0.4182,3,
WDS_Pitch_Pine_P1,83,126,9,B,,1.768,1.782,0.732,0.69,0.4833,0.4472,3,
WDS_Pitch_Pine_P1,83,126,10,A,,1.214,1.234,0.528,0.508,0.5121,0.4801,3,
WDS_Pitch_Pine_P1,83,126,10,B,,0.842,0.86,0.342,0.33,0.4727,0.4425,3,
WDS_Pitch_Pine_P1,83,126,11,A,,1.644,1.66,0.702,0.652,0.5011,0.4546,3,
WDS_Pitch_Pine_P1,83,126,11,B,,1.238,1.25,0.492,0.448,0.4609,0.4092,3,
WDS_Pitch_Pine_P1,83,126,12,A,,1.97,1.974,0.748,0.634,0.4372,0.3614,3,
WDS_Pitch_Pine_P1,83,126,12,B,,2.038,2.05,0.824,0.702,0.4702,0.3885,3,
WDS_Pitch_Pine_P1,83,126,13,A,,1.098,1.118,0.41,0.382,0.4289,0.3876,3,
WDS_Pitch_Pine_P1,83,126,13,B,,1.496,1.514,0.616,0.57,0.4803,0.433,3,
WDS_Pitch_Pine_P1,83,126,14,A,,1.68,1.696,0.6,0.566,0.4076,0.3773,3,
WDS_Pitch_Pine_P1,83,126,14,B,,1.916,1.93,0.688,0.638,0.4101,0.3733,3,
WDS_Pitch_Pine_P1,83,126,15,A,,0.86,0.882,0.358,0.348,0.4864,0.457,3,
WDS_Pitch_Pine_P1,83,126,15,B,,0.866,0.882,0.368,0.358,0.4983,0.4723,3,
WDS_Pitch_Pine_P1,83,126,16,A,,1.66,1.682,0.542,0.53,0.3681,0.3537,3,
WDS_Pitch_Pine_P1,83,126,16,B,,1.288,1.308,0.4,0.39,0.348,0.3325,3,
WDS_Pitch_Pine_P1,83,126,17,A,,2.41,2.428,0.842,0.788,0.3975,0.3657,3,
WDS_Pitch_Pine_P1,83,126,17,B,,2.268,2.29,0.818,0.75,0.4122,0.3694,3,
WDS_Pitch_Pine_P1,83,126,18,A,,2.242,2.262,0.976,0.94,0.5126,0.4854,3,
WDS_Pitch_Pine_P1,83,126,18,B,,1.912,1.924,0.84,0.8,0.5182,0.4858,3,
WDS_Pitch_Pine_P1,83,126,19,A,,2.054,2.082,0.828,0.8,0.4685,0.4432,3,
WDS_Pitch_Pine_P1,83,126,19,B,,1.822,1.838,0.68,0.66,0.4286,0.4101,3,
WDS_Pitch_Pine_P1,83,126,20,A,,1.858,1.878,0.698,0.68,0.4319,0.414,3,
WDS_Pitch_Pine_P1,83,126,20,B,,1.578,1.582,0.566,0.552,0.4096,0.3969,3,
WDS_Pitch_Pine_P1,84,126,19,A,,1.854,1.858,0.648,0.638,0.3977,0.3897,3,
WDS_Pitch_Pine_P1,84,126,20,B,,1.268,1.272,0.406,0.398,0.3601,0.3509,3,
WDS_Pitch_Pine_P1,84,126,20,A,,1.32,1.328,0.428,0.42,0.3653,0.3552,3,
WDS_Pitch_Pine_P1,84,126,19,B,,1.692,1.7,0.608,0.59,0.4104,0.3945,3,
WDS_Pitch_Pine_P1,84,126,18,B,,2.254,2.25,0.8,0.742,0.4047,0.3723,3,
WDS_Pitch_Pine_P1,84,126,18,A,,2.252,2.262,0.822,0.782,0.4178,0.3927,3,
WDS_Pitch_Pine_P1,84,126,17,B,,2.238,2.24,0.808,0.758,0.4126,0.3833,3,
WDS_Pitch_Pine_P1,84,126,17,A,,2.038,2.04,0.748,0.688,0.4205,0.3819,3,
WDS_Pitch_Pine_P1,84,126,16,B,,2.152,2.154,0.788,0.766,0.4194,0.4056,3,
WDS_Pitch_Pine_P1,84,126,16,A,,2.87,2.878,1.112,1.076,0.4475,0.4295,3,
WDS_Pitch_Pine_P1,84,126,15,B,,1.1,1.102,0.408,0.392,0.4256,0.4057,3,
WDS_Pitch_Pine_P1,84,126,15,A,,1.198,1.202,0.448,0.432,0.4296,0.4105,3,
WDS_Pitch_Pine_P1,84,126,14,B,,2.272,2.274,0.87,0.836,0.4415,0.4213,3,
WDS_Pitch_Pine_P1,84,126,14,A,,2.068,2.072,0.788,0.75,0.439,0.4139,3,
WDS_Pitch_Pine_P1,84,126,13,B,,1.414,1.42,0.482,0.468,0.3865,0.3721,3,
WDS_Pitch_Pine_P1,84,126,13,A,,1.824,1.838,0.642,0.628,0.4008,0.3875,3,
WDS_Pitch_Pine_P1,84,126,12,B,,2.388,2.392,0.89,0.85,0.4279,0.4052,3,
WDS_Pitch_Pine_P1,84,126,12,A,,2.128,2.14,0.758,0.73,0.4063,0.3868,3,
WDS_Pitch_Pine_P1,84,126,11,B,,0.936,0.942,0.312,0.306,0.3768,0.366,3,
WDS_Pitch_Pine_P1,84,126,11,A,,1.19,1.19,0.408,0.398,0.3891,0.3783,3,
WDS_Pitch_Pine_P1,84,126,10,B,,3.182,3.19,1.108,1.072,0.396,0.3803,3,
WDS_Pitch_Pine_P1,84,126,10,A,,2.576,2.582,0.872,0.852,0.3835,0.3726,3,
WDS_Pitch_Pine_P1,84,126,9,B,,1.048,1.052,0.368,0.348,0.3998,0.3736,3,
WDS_Pitch_Pine_P1,84,126,9,A,,1.618,1.628,0.628,0.612,0.4484,0.4322,3,
WDS_Pitch_Pine_P1,84,126,8,B,,2.222,2.228,0.802,0.776,0.4125,0.3961,3,
WDS_Pitch_Pine_P1,84,126,8,A,,2.738,2.734,1.032,0.99,0.4335,0.414,3,
WDS_Pitch_Pine_P1,84,126,7,B,,1.188,1.184,0.39,0.38,0.3704,0.3611,3,
WDS_Pitch_Pine_P1,84,126,7,A,,0.962,0.968,0.328,0.32,0.3866,0.3733,3,
WDS_Pitch_Pine_P1,84,126,6,B,,1.352,1.35,0.466,0.45,0.3914,0.3768,3,
WDS_Pitch_Pine_P1,84,126,6,A,,1.66,1.666,0.576,0.554,0.3944,0.3758,3,
WDS_Pitch_Pine_P1,84,126,5,B,,2.528,2.538,0.856,0.832,0.3836,0.3698,3,
WDS_Pitch_Pine_P1,84,126,5,A,,2.982,2.992,1.046,1.012,0.3993,0.3831,3,
WDS_Pitch_Pine_P1,84,126,4,B,,1.5,1.506,0.542,0.528,0.413,0.3991,3,
WDS_Pitch_Pine_P1,84,126,4,A,,1.98,1.982,0.712,0.692,0.4108,0.3972,3,
WDS_Pitch_Pine_P1,84,126,3,B,,2.01,2.01,0.708,0.68,0.4012,0.3832,3,
WDS_Pitch_Pine_P1,84,126,3,A,,2.302,2.308,0.826,0.796,0.4097,0.3917,3,
WDS_Pitch_Pine_P1,84,126,2,B,,0.96,0.962,0.326,0.312,0.3849,0.3654,3,
WDS_Pitch_Pine_P1,84,126,2,A,,0.91,0.912,0.298,0.284,0.3694,0.3491,3,
WDS_Pitch_Pine_P1,84,126,1,B,,2.778,2.788,1.04,0.996,0.4302,0.4077,3,
WDS_Pitch_Pine_P1,84,126,1,A,,3.12,3.132,1.122,1.08,0.4108,0.3916,3,
WDS_Pitch_Pine_P1,85,126,20,B,,1.022,1.024,0.4,0.384,0.4528,0.431,3,
WDS_Pitch_Pine_P1,85,126,20,A,,1.096,1.104,0.422,0.406,0.4443,0.4214,3,
WDS_Pitch_Pine_P1,85,126,19,B,,1.208,1.214,0.472,0.45,0.4519,0.4253,3,
WDS_Pitch_Pine_P1,85,126,19,A,,1.47,1.48,0.554,0.528,0.4335,0.4071,3,
WDS_Pitch_Pine_P1,85,126,18,B,,1.428,1.436,0.552,0.532,0.4463,0.425,3,
WDS_Pitch_Pine_P1,85,126,18,A,,1.618,1.624,0.618,0.586,0.4402,0.4124,3,
WDS_Pitch_Pine_P1,85,126,17,B,,3.898,3.9,1.564,1.422,0.466,0.4173,3,
WDS_Pitch_Pine_P1,85,126,17,A,,3.848,3.854,1.658,1.456,0.5065,0.4347,3,
WDS_Pitch_Pine_P1,85,126,16,B,,4.06,4.08,1.66,1.508,0.4763,0.4239,3,
WDS_Pitch_Pine_P1,85,126,16,A,,3.9,3.904,1.558,1.368,0.4636,0.3988,3,
WDS_Pitch_Pine_P1,85,126,15,B,,1.842,1.848,0.68,0.648,0.4233,0.3991,3,
WDS_Pitch_Pine_P1,85,126,15,A,,1.832,1.854,0.692,0.664,0.4346,0.4089,3,
WDS_Pitch_Pine_P1,85,126,14,B,,1.938,1.94,0.7,0.668,0.4129,0.391,3,
WDS_Pitch_Pine_P1,85,126,14,A,,1.678,1.704,0.612,0.582,0.4175,0.3874,3,
WDS_Pitch_Pine_P1,85,126,13,B,,1.148,1.148,0.43,0.402,0.4304,0.3985,3,
WDS_Pitch_Pine_P1,85,126,13,A,,1.31,1.326,0.512,0.478,0.452,0.4119,3,
WDS_Pitch_Pine_P1,85,126,12,B,,1.038,1.048,0.418,0.396,0.468,0.4348,3,
WDS_Pitch_Pine_P1,85,126,12,A,,1.002,1.016,0.4,0.382,0.4633,0.4323,3,
WDS_Pitch_Pine_P1,85,126,11,B,,1.422,1.442,0.538,0.492,0.4354,0.3869,3,
WDS_Pitch_Pine_P1,85,126,11,A,,1.452,1.484,0.508,0.472,0.3981,0.3574,3,
WDS_Pitch_Pine_P1,85,126,10,B,,0.876,0.886,0.34,0.318,0.4484,0.4099,3,
WDS_Pitch_Pine_P1,85,126,10,A,,1.044,1.06,0.406,0.382,0.4494,0.4118,3,
WDS_Pitch_Pine_P1,85,126,9,B,,1.614,1.62,0.552,0.526,0.388,0.3658,3,
WDS_Pitch_Pine_P1,85,126,9,A,,1.812,1.826,0.646,0.618,0.4067,0.3834,3,
WDS_Pitch_Pine_P1,85,126,8,B,,1.548,1.566,0.588,0.564,0.4374,0.4115,3,
WDS_Pitch_Pine_P1,85,126,8,A,,1.472,1.488,0.558,0.532,0.4364,0.4081,3,
WDS_Pitch_Pine_P1,85,126,7,B,,1.472,1.482,0.526,0.498,0.4078,0.3803,3,
WDS_Pitch_Pine_P1,85,126,7,A,,1.528,1.532,0.578,0.548,0.4353,0.4083,3,
WDS_Pitch_Pine_P1,85,126,6,B,,1.388,1.418,0.498,0.48,0.4097,0.3835,3,
WDS_Pitch_Pine_P1,85,126,6,A,,1.486,1.498,0.518,0.492,0.3965,0.3706,3,
WDS_Pitch_Pine_P1,85,126,5,B,,1.374,1.396,0.5,0.476,0.4164,0.3866,3,
WDS_Pitch_Pine_P1,85,126,5,A,,1.228,1.236,0.454,0.428,0.424,0.3935,3,
WDS_Pitch_Pine_P1,85,126,4,B,,1.562,1.564,0.558,0.52,0.4077,0.3758,3,
WDS_Pitch_Pine_P1,85,126,4,A,,1.546,1.558,0.562,0.528,0.4159,0.384,3,
WDS_Pitch_Pine_P1,85,126,3,B,,1.306,1.31,0.5,0.468,0.4414,0.4077,3,
WDS_Pitch_Pine_P1,85,126,3,A,,1.702,1.744,0.67,0.626,0.4558,0.4099,3,
WDS_Pitch_Pine_P1,85,126,2,B,,1.162,1.18,0.402,0.388,0.3931,0.3711,3,
WDS_Pitch_Pine_P1,85,126,2,A,,1.45,1.45,0.552,0.532,0.4385,0.4203,3,
WDS_Pitch_Pine_P1,85,126,1,B,,1.71,1.732,0.632,0.598,0.4239,0.3922,3,
WDS_Pitch_Pine_P1,85,126,1,A,,1.67,1.684,0.608,0.558,0.4166,0.3743,3,
WDS_Pitch_Pine_P1,86,126,16,A,,1.458,1.47,0.6,0.584,0.4799,0.4607,3,
WDS_Pitch_Pine_P1,86,126,1,B,,2.008,2.02,0.758,0.692,0.4343,0.3887,3,
WDS_Pitch_Pine_P1,86,126,2,A,,1.816,1.822,0.788,0.658,0.5107,0.4128,3,
WDS_Pitch_Pine_P1,86,126,2,B,,1.532,1.55,0.6,0.56,0.4531,0.413,3,
WDS_Pitch_Pine_P1,86,126,3,A,,2.208,2.182,1.268,0.768,0.7169,0.4008,3,
WDS_Pitch_Pine_P1,86,126,3,B,,2.63,2.632,1.314,0.982,0.6042,0.4285,3,
WDS_Pitch_Pine_P1,86,126,4,A,,1.316,1.33,0.522,0.492,0.4598,0.4243,3,
WDS_Pitch_Pine_P1,86,126,4,B,,1.132,1.15,0.472,0.422,0.4874,0.4204,3,
WDS_Pitch_Pine_P1,86,126,5,A,,2.448,2.47,0.932,0.888,0.4386,0.4107,3,
WDS_Pitch_Pine_P1,86,126,5,B,,2.058,2.076,0.778,0.742,0.435,0.4079,3,
WDS_Pitch_Pine_P1,86,126,6,A,,3.174,3.208,1.204,1.116,0.4367,0.3955,3,
WDS_Pitch_Pine_P1,86,126,6,B,,3.138,3.172,1.17,1.082,0.4281,0.3868,3,
WDS_Pitch_Pine_P1,86,126,7,A,,0.99,0.998,0.374,0.358,0.4347,0.4096,3,
WDS_Pitch_Pine_P1,86,126,7,B,,0.75,0.76,0.302,0.286,0.4679,0.4327,3,
WDS_Pitch_Pine_P1,86,126,8,A,,2.108,2.136,0.802,0.762,0.4382,0.407,3,
WDS_Pitch_Pine_P1,86,126,8,B,,2.168,2.198,0.866,0.822,0.4636,0.4296,3,
WDS_Pitch_Pine_P1,86,126,9,A,,2.238,2.25,0.974,0.902,0.5125,0.4655,3,
WDS_Pitch_Pine_P1,86,126,9,B,,1.918,1.936,0.784,0.708,0.4762,0.4188,3,
WDS_Pitch_Pine_P1,86,126,10,A,,2.51,2.532,1.11,0.87,0.5222,0.39,3,
WDS_Pitch_Pine_P1,86,126,10,B,,2.622,2.638,1.318,0.908,0.6087,0.3908,3,
WDS_Pitch_Pine_P1,86,126,11,A,,2.518,2.542,1.008,0.968,0.4648,0.4387,3,
WDS_Pitch_Pine_P1,86,126,11,B,,2.112,2.142,0.836,0.792,0.4587,0.4241,3,
WDS_Pitch_Pine_P1,86,126,12,A,,2.656,2.68,1.182,1.018,0.5261,0.4374,3,
WDS_Pitch_Pine_P1,86,126,12,B,,3.112,3.154,1.362,1.268,0.5159,0.4671,3,
WDS_Pitch_Pine_P1,86,126,13,A,,2.402,2.43,0.986,0.912,0.4785,0.4314,3,
WDS_Pitch_Pine_P1,86,126,13,B,,2.438,2.46,1.012,0.952,0.4848,0.4469,3,
WDS_Pitch_Pine_P1,86,126,14,A,,1.932,1.958,0.77,0.702,0.4624,0.4094,3,
WDS_Pitch_Pine_P1,86,126,14,B,,1.95,1.97,0.796,0.75,0.4754,0.4385,3,
WDS_Pitch_Pine_P1,86,126,15,A,,1.202,1.218,0.51,0.49,0.4974,0.4674,3,
WDS_Pitch_Pine_P1,86,126,15,B,,1.148,1.17,0.512,0.49,0.5275,0.4899,3,
WDS_Pitch_Pine_P1,86,126,1,A,,2.322,2.334,0.882,0.802,0.4374,0.39,3,
WDS_Pitch_Pine_P1,86,126,16,B,,1.422,1.442,0.594,0.578,0.4884,0.4655,3,
WDS_Pitch_Pine_P1,86,126,17,A,,2.394,2.422,1.014,0.922,0.4964,0.4385,3,
WDS_Pitch_Pine_P1,86,126,17,B,,2.47,2.498,1.052,0.948,0.4996,0.4369,3,
WDS_Pitch_Pine_P1,86,126,18,A,,2.198,2.222,0.902,0.822,0.4784,0.4243,3,
WDS_Pitch_Pine_P1,86,126,18,B,,2.17,2.192,0.922,0.834,0.4982,0.4382,3,
WDS_Pitch_Pine_P1,86,126,19,A,,1.822,1.834,0.792,0.768,0.5117,0.4898,3,
WDS_Pitch_Pine_P1,86,126,19,B,,1.586,1.592,0.726,0.658,0.544,0.4824,3,
WDS_Pitch_Pine_P1,86,126,20,A,,2.512,2.542,0.988,0.928,0.4554,0.4179,3,
WDS_Pitch_Pine_P1,86,126,20,B,,2.124,2.142,0.802,0.77,0.4344,0.4106,3,
WDS_Pitch_Pine_P1,87,126,20,B,,1.92,1.914,0.912,0.698,0.5686,0.4174,3,
WDS_Pitch_Pine_P1,87,126,20,A,,2.392,2.404,0.978,0.918,0.4763,0.4401,3,
WDS_Pitch_Pine_P1,87,126,19,B,,1.978,1.968,0.83,0.722,0.491,0.4203,3,
WDS_Pitch_Pine_P1,87,126,19,A,,1.754,1.742,0.74,0.652,0.4941,0.43,3,
WDS_Pitch_Pine_P1,87,126,18,B,,2.604,2.604,1.062,0.954,0.4749,0.4196,3,
WDS_Pitch_Pine_P1,87,126,18,A,,2.216,2.212,0.942,0.834,0.4985,0.4337,3,
WDS_Pitch_Pine_P1,87,126,17,B,,0.952,0.958,0.374,0.362,0.4547,0.4348,3,
WDS_Pitch_Pine_P1,87,126,17,A,,1.064,1.068,0.436,0.422,0.4776,0.4578,3,
WDS_Pitch_Pine_P1,87,126,16,B,,2.486,2.48,1.168,0.968,0.5612,0.4513,3,
WDS_Pitch_Pine_P1,87,126,16,A,,2.582,2.58,1.172,0.968,0.5386,0.4312,3,
WDS_Pitch_Pine_P1,87,126,15,B,,1.91,1.902,0.756,0.68,0.4587,0.4081,3,
WDS_Pitch_Pine_P1,87,126,15,A,,1.856,1.862,0.714,0.668,0.4438,0.4097,3,
WDS_Pitch_Pine_P1,87,126,14,B,,0.876,0.882,0.302,0.296,0.3915,0.3797,3,
WDS_Pitch_Pine_P1,87,126,14,A,,0.968,0.972,0.342,0.334,0.4026,0.39,3,
WDS_Pitch_Pine_P1,87,126,13,B,,1.084,1.092,0.448,0.428,0.4823,0.4535,3,
WDS_Pitch_Pine_P1,87,126,13,A,,0.896,0.9,0.362,0.348,0.4698,0.4465,3,
WDS_Pitch_Pine_P1,87,126,12,B,,1.922,1.928,0.768,0.748,0.4638,0.4482,3,
WDS_Pitch_Pine_P1,87,126,12,A,,1.842,1.844,0.746,0.726,0.4711,0.4559,3,
WDS_Pitch_Pine_P1,87,126,11,B,,1.092,1.092,0.414,0.402,0.4364,0.4219,3,
WDS_Pitch_Pine_P1,87,126,11,A,,1.036,1.044,0.392,0.38,0.4355,0.4165,3,
WDS_Pitch_Pine_P1,87,126,10,B,,1.088,1.088,0.43,0.412,0.4579,0.4358,3,
WDS_Pitch_Pine_P1,87,126,10,A,,1.366,1.368,0.56,0.538,0.4778,0.4553,3,
WDS_Pitch_Pine_P1,87,126,9,B,,1.508,1.516,0.592,0.58,0.4544,0.441,3,
WDS_Pitch_Pine_P1,87,126,9,A,,1.562,1.572,0.592,0.578,0.4363,0.4214,3,
WDS_Pitch_Pine_P1,87,126,8,B,,2.034,2.038,0.708,0.684,0.3958,0.3798,3,
WDS_Pitch_Pine_P1,87,126,8,A,,2.238,2.242,0.828,0.766,0.4244,0.3875,3,
WDS_Pitch_Pine_P1,87,126,7,B,,1.388,1.392,0.55,0.538,0.4593,0.4462,3,
WDS_Pitch_Pine_P1,87,126,7,A,,1.338,1.34,0.522,0.514,0.4511,0.4424,3,
WDS_Pitch_Pine_P1,87,126,6,B,,1.2,1.206,0.45,0.43,0.431,0.4068,3,
WDS_Pitch_Pine_P1,87,126,6,A,,1.368,1.368,0.514,0.488,0.432,0.407,3,
WDS_Pitch_Pine_P1,87,126,5,B,,2.072,2.068,0.914,0.862,0.5207,0.4872,3,
WDS_Pitch_Pine_P1,87,126,5,A,,1.904,1.904,0.788,0.718,0.4831,0.4338,3,
WDS_Pitch_Pine_P1,87,126,4,B,,2.218,2.216,0.82,0.752,0.424,0.3846,3,
WDS_Pitch_Pine_P1,87,126,4,A,,2.57,2.568,0.972,0.936,0.4352,0.4172,3,
WDS_Pitch_Pine_P1,87,126,3,B,,1.47,1.47,0.63,0.542,0.5033,0.4227,3,
WDS_Pitch_Pine_P1,87,126,3,A,,1.398,1.4,0.518,0.5,0.4251,0.4076,3,
WDS_Pitch_Pine_P1,87,126,2,B,,0.944,0.942,0.356,0.322,0.4338,0.3877,3,
WDS_Pitch_Pine_P1,87,126,2,A,,0.916,0.914,0.348,0.34,0.4375,0.427,3,
WDS_Pitch_Pine_P1,87,126,1,B,,1.602,1.602,0.664,0.618,0.484,0.4453,3,
WDS_Pitch_Pine_P1,87,126,1,A,,1.5,1.5,0.608,0.568,0.4715,0.4358,3,
WDS_Pitch_Pine_P1,88,126,6,A,,1.232,1.25,0.518,0.448,0.4921,0.4092,3,
WDS_Pitch_Pine_P1,88,126,20,B,,0.95,0.954,0.368,0.35,0.4474,0.4203,3,
WDS_Pitch_Pine_P1,88,126,20,A,,1.336,1.35,0.558,0.534,0.4883,0.4584,3,
WDS_Pitch_Pine_P1,88,126,19,B,,1.508,1.52,0.568,0.548,0.4332,0.412,3,
WDS_Pitch_Pine_P1,88,126,19,A,,1.78,1.8,0.696,0.642,0.4523,0.4069,3,
WDS_Pitch_Pine_P1,88,126,18,B,,1.32,1.326,0.48,0.446,0.416,0.3807,3,
WDS_Pitch_Pine_P1,88,126,18,A,,1.08,1.088,0.418,0.372,0.447,0.3878,3,
WDS_Pitch_Pine_P1,88,126,17,B,,1.938,1.936,0.82,0.728,0.4958,0.4324,3,
WDS_Pitch_Pine_P1,88,126,17,A,,1.338,1.348,0.52,0.474,0.4491,0.4004,3,
WDS_Pitch_Pine_P1,88,126,16,B,,1.722,1.728,0.67,0.632,0.4497,0.4188,3,
WDS_Pitch_Pine_P1,88,126,16,A,,1.862,1.866,0.762,0.722,0.4768,0.4468,3,
WDS_Pitch_Pine_P1,88,126,15,B,,1.302,1.31,0.544,0.522,0.4885,0.4623,3,
WDS_Pitch_Pine_P1,88,126,15,A,,1.488,1.492,0.606,0.582,0.4741,0.451,3,
WDS_Pitch_Pine_P1,88,126,14,B,,1.27,1.278,0.43,0.42,0.3836,0.3709,3,
WDS_Pitch_Pine_P1,88,126,14,A,,1.574,1.582,0.566,0.552,0.4108,0.3969,3,
WDS_Pitch_Pine_P1,88,126,13,B,,0.88,0.888,0.306,0.3,0.3953,0.3826,3,
WDS_Pitch_Pine_P1,88,126,13,A,,0.988,0.998,0.346,0.338,0.3986,0.3837,3,
WDS_Pitch_Pine_P1,88,126,12,B,,1.112,1.118,0.46,0.442,0.4829,0.4581,3,
WDS_Pitch_Pine_P1,88,126,12,A,,1.306,1.31,0.542,0.512,0.4847,0.452,3,
WDS_Pitch_Pine_P1,88,126,11,B,,1.16,1.164,0.468,0.452,0.469,0.4487,3,
WDS_Pitch_Pine_P1,88,126,11,A,,1.556,1.572,0.632,0.606,0.4727,0.4449,3,
WDS_Pitch_Pine_P1,88,126,10,B,,1.642,1.65,0.652,0.616,0.4604,0.4288,3,
WDS_Pitch_Pine_P1,88,126,10,A,,1.596,1.602,0.61,0.582,0.4405,0.4156,3,
WDS_Pitch_Pine_P1,88,126,9,B,,1.178,1.184,0.428,0.41,0.4156,0.3935,3,
WDS_Pitch_Pine_P1,88,126,9,A,,1.342,1.35,0.498,0.468,0.4258,0.394,3,
WDS_Pitch_Pine_P1,88,126,8,B,,1.312,1.32,0.556,0.53,0.4967,0.4664,3,
WDS_Pitch_Pine_P1,88,126,8,A,,1.07,1.088,0.488,0.458,0.5416,0.4928,3,
WDS_Pitch_Pine_P1,88,126,7,B,,0.972,0.99,0.382,0.368,0.4549,0.4267,3,
WDS_Pitch_Pine_P1,88,126,7,A,,0.952,0.97,0.364,0.352,0.4407,0.4151,3,
WDS_Pitch_Pine_P1,88,126,6,B,,1.322,1.34,0.518,0.496,0.4534,0.4246,3,
WDS_Pitch_Pine_P1,88,126,5,B,,0.916,0.926,0.322,0.31,0.4003,0.3787,3,
WDS_Pitch_Pine_P1,88,126,5,A,,1.422,1.44,0.588,0.562,0.4826,0.4513,3,
WDS_Pitch_Pine_P1,88,126,4,B,,1.31,1.332,0.474,0.452,0.4137,0.3845,3,
WDS_Pitch_Pine_P1,88,126,4,A,,1.65,1.64,0.884,0.546,0.6578,0.3763,3,
WDS_Pitch_Pine_P1,88,126,3,B,,2.128,2.146,0.76,0.73,0.4076,0.3856,3,
WDS_Pitch_Pine_P1,88,126,3,A,,2.132,2.158,0.774,0.738,0.4153,0.3879,3,
WDS_Pitch_Pine_P1,88,126,2,B,,1.19,1.202,0.46,0.44,0.4463,0.4192,3,
WDS_Pitch_Pine_P1,88,126,2,A,,1.172,1.182,0.462,0.446,0.4565,0.4341,3,
WDS_Pitch_Pine_P1,88,126,1,B,,1.364,1.376,0.51,0.486,0.4295,0.4024,3,
WDS_Pitch_Pine_P1,88,126,1,A,,1.702,1.712,0.672,0.642,0.4574,0.431,3,
WDS_Pitch_Pine_P1,89,126,20,B,,1.94,1.958,0.902,0.85,0.5542,0.511,3,
WDS_Pitch_Pine_P1,89,126,1,B,,1.178,1.188,0.458,0.44,0.4493,0.4249,3,
WDS_Pitch_Pine_P1,89,126,2,A,,1.002,1.018,0.38,0.364,0.4366,0.4081,3,
WDS_Pitch_Pine_P1,89,126,2,B,,0.848,0.858,0.306,0.298,0.4124,0.3948,3,
WDS_Pitch_Pine_P1,89,126,3,A,,1.156,1.168,0.48,0.44,0.485,0.4332,3,
WDS_Pitch_Pine_P1,89,126,3,B,,1.058,1.074,0.458,0.42,0.5093,0.4523,3,
WDS_Pitch_Pine_P1,89,126,4,A,,1.088,1.104,0.454,0.438,0.4878,0.46,3,
WDS_Pitch_Pine_P1,89,126,4,B,,0.916,0.932,0.38,0.368,0.4845,0.4574,3,
WDS_Pitch_Pine_P1,89,126,5,A,,1.154,1.174,0.478,0.456,0.4836,0.4488,3,
WDS_Pitch_Pine_P1,89,126,5,B,,0.976,0.998,0.384,0.368,0.4555,0.4227,3,
WDS_Pitch_Pine_P1,89,126,6,A,,1.234,1.258,0.538,0.512,0.5135,0.4738,3,
WDS_Pitch_Pine_P1,89,126,6,B,,1.204,1.22,0.486,0.462,0.4693,0.4359,3,
WDS_Pitch_Pine_P1,89,126,7,A,,0.924,0.942,0.408,0.378,0.5213,0.4661,3,
WDS_Pitch_Pine_P1,89,126,7,B,,0.978,1,0.464,0.426,0.5677,0.4997,3,
WDS_Pitch_Pine_P1,89,126,8,A,,1.832,1.858,0.75,0.72,0.477,0.4476,3,
WDS_Pitch_Pine_P1,89,126,8,B,,1.474,1.498,0.608,0.578,0.4812,0.4454,3,
WDS_Pitch_Pine_P1,89,126,9,A,,1.062,1.084,0.376,0.356,0.4035,0.3706,3,
WDS_Pitch_Pine_P1,89,126,9,B,,1.344,1.37,0.53,0.5,0.4567,0.4178,3,
WDS_Pitch_Pine_P1,89,126,10,A,,2.06,2.078,0.888,0.828,0.5067,0.4623,3,
WDS_Pitch_Pine_P1,89,126,10,B,,1.934,1.954,0.832,0.788,0.5055,0.4688,3,
WDS_Pitch_Pine_P1,89,126,11,A,,1.18,1.2,0.508,0.492,0.506,0.4779,3,
WDS_Pitch_Pine_P1,89,126,11,B,,1.004,1.02,0.42,0.406,0.4892,0.4617,3,
WDS_Pitch_Pine_P1,89,126,12,A,,1.608,1.626,0.672,0.65,0.4887,0.464,3,
WDS_Pitch_Pine_P1,89,126,12,B,,1.548,1.57,0.64,0.618,0.4825,0.4558,3,
WDS_Pitch_Pine_P1,89,126,13,A,,0.96,0.982,0.392,0.372,0.4756,0.436,3,
WDS_Pitch_Pine_P1,89,126,13,B,,1,1.02,0.408,0.388,0.4752,0.4381,3,
WDS_Pitch_Pine_P1,89,126,14,A,,1.392,1.42,0.542,0.516,0.4501,0.4157,3,
WDS_Pitch_Pine_P1,89,126,14,B,,1.538,1.562,0.648,0.62,0.4933,0.4602,3,
WDS_Pitch_Pine_P1,89,126,15,A,,1.42,1.444,0.602,0.552,0.4969,0.4406,3,
WDS_Pitch_Pine_P1,89,126,15,B,,1.296,1.318,0.514,0.466,0.4598,0.4029,3,
WDS_Pitch_Pine_P1,89,126,1,A,,1.128,1.138,0.424,0.398,0.4322,0.3979,3,
WDS_Pitch_Pine_P1,89,126,16,A,,1.362,1.386,0.59,0.538,0.5097,0.4485,3,
WDS_Pitch_Pine_P1,89,126,16,B,,1.37,1.388,0.596,0.542,0.5122,0.4516,3,
WDS_Pitch_Pine_P1,89,126,17,A,,1.05,1.078,0.452,0.432,0.5059,0.4653,3,
WDS_Pitch_Pine_P1,89,126,17,B,,0.942,0.962,0.392,0.376,0.4862,0.4521,3,
WDS_Pitch_Pine_P1,89,126,18,A,,1.602,1.626,0.638,0.596,0.462,0.4199,3,
WDS_Pitch_Pine_P1,89,126,18,B,,1.728,1.758,0.724,0.688,0.4901,0.4527,3,
WDS_Pitch_Pine_P1,89,126,19,A,,1.762,1.77,0.74,0.704,0.4915,0.4613,3,
WDS_Pitch_Pine_P1,89,126,19,B,,1.582,1.59,0.638,0.602,0.4688,0.4358,3,
WDS_Pitch_Pine_P1,89,126,20,A,,2.07,2.068,0.954,0.894,0.5484,0.5084,3,
WDS_Pitch_Pine_P1,9,126,20,B,,1.752,1.764,0.692,0.622,0.4576,0.4017,3,
WDS_Pitch_Pine_P1,9,126,1,A,,2.722,2.754,1.038,0.982,0.4394,0.4068,3,
WDS_Pitch_Pine_P1,9,126,1,B,,2.36,2.39,1,0.918,0.4966,0.4431,3,
WDS_Pitch_Pine_P1,9,126,2,A,,2.172,2.232,0.884,0.812,0.4738,0.4163,3,
WDS_Pitch_Pine_P1,9,126,2,B,,2.81,2.83,1.11,1.04,0.4576,0.4211,3,
WDS_Pitch_Pine_P1,9,126,3,A,,2.4,2.426,0.94,0.882,0.4531,0.4159,3,
WDS_Pitch_Pine_P1,9,126,3,B,,2.642,2.652,1.02,0.952,0.4457,0.41,3,
WDS_Pitch_Pine_P1,9,126,4,A,,2.278,2.292,0.858,0.78,0.4332,0.3858,3,
WDS_Pitch_Pine_P1,9,126,4,B,,2.772,2.794,1.04,0.952,0.4312,0.3863,3,
WDS_Pitch_Pine_P1,9,126,5,A,,,,,,,,3,
WDS_Pitch_Pine_P1,9,126,5,B,,,,,,,,3,
WDS_Pitch_Pine_P1,9,126,6,A,,2.14,2.154,0.754,0.704,0.4013,0.3686,3,
WDS_Pitch_Pine_P1,9,126,6,B,,2.66,2.652,0.924,0.876,0.3949,0.373,3,
WDS_Pitch_Pine_P1,9,126,7,A,,1.302,1.308,0.508,0.482,0.4511,0.4224,3,
WDS_Pitch_Pine_P1,9,126,7,B,,1.16,1.168,0.44,0.408,0.4367,0.3974,3,
WDS_Pitch_Pine_P1,9,126,8,A,,2.478,2.548,0.988,0.94,0.4626,0.423,3,
WDS_Pitch_Pine_P1,9,126,8,B,,2.462,2.46,0.99,0.942,0.4672,0.4415,3,
WDS_Pitch_Pine_P1,9,126,9,A,,2.14,2.168,0.832,0.8,0.4493,0.4231,3,
WDS_Pitch_Pine_P1,9,126,9,B,,2.588,2.612,1.04,0.998,0.4668,0.4404,3,
WDS_Pitch_Pine_P1,9,126,10,A,,0.754,0.78,0.27,0.258,0.4088,0.3736,3,
WDS_Pitch_Pine_P1,9,126,10,B,,1.288,1.29,0.48,0.462,0.4279,0.4089,3,
WDS_Pitch_Pine_P1,9,126,11,A,,1.84,1.854,0.758,0.656,0.4805,0.4033,3,
WDS_Pitch_Pine_P1,9,126,11,B,,2.792,2.794,1.16,1.06,0.4853,0.4368,3,
WDS_Pitch_Pine_P1,9,126,12,A,,1.572,1.602,0.604,0.574,0.4432,0.4091,3,
WDS_Pitch_Pine_P1,9,126,12,B,,1.712,1.712,0.62,0.596,0.4141,0.3959,3,
WDS_Pitch_Pine_P1,9,126,13,A,,1.442,1.48,0.6,0.55,0.4862,0.4265,3,
WDS_Pitch_Pine_P1,9,126,13,B,,1.888,1.91,0.808,0.743,0.5025,0.4496,3,
WDS_Pitch_Pine_P1,9,126,14,A,,1.99,2.04,0.784,0.732,0.4562,0.4098,3,
WDS_Pitch_Pine_P1,9,126,14,B,,2.36,2.35,0.912,0.864,0.4462,0.4213,3,
WDS_Pitch_Pine_P1,9,126,15,A,,1.204,1.21,0.482,0.46,0.4648,0.4378,3,
WDS_Pitch_Pine_P1,9,126,15,B,,1.368,1.382,0.564,0.538,0.481,0.45,3,
WDS_Pitch_Pine_P1,9,126,16,A,,2.06,2.12,0.848,0.802,0.4801,0.4354,3,
WDS_Pitch_Pine_P1,9,126,16,B,,2.03,2.04,0.808,0.772,0.4617,0.4355,3,
WDS_Pitch_Pine_P1,9,126,17,A,,1.172,1.2,0.502,0.468,0.503,0.4509,3,
WDS_Pitch_Pine_P1,9,126,17,B,,2.248,2.26,1.032,0.99,0.5459,0.5164,3,
WDS_Pitch_Pine_P1,9,126,18,A,,2.092,2.16,0.758,0.716,0.4143,0.3745,3,
WDS_Pitch_Pine_P1,9,126,18,B,,2.446,2.478,0.918,0.87,0.4314,0.3997,3,
WDS_Pitch_Pine_P1,9,126,19,A,,2.03,2.062,0.814,0.772,0.4657,0.4302,3,
WDS_Pitch_Pine_P1,9,126,19,B,,2,2.06,0.79,0.752,0.4576,0.4179,3,
WDS_Pitch_Pine_P1,9,126,20,A,,1.222,1.248,0.442,0.42,0.4135,0.3809,3,
WDS_Pitch_Pine_P1,90,126,1,B,,2.17,2.178,0.894,0.842,0.4806,0.4464,3,
WDS_Pitch_Pine_P1,90,126,20,B,,1.198,1.212,0.53,0.488,0.5225,0.4679,3,
WDS_Pitch_Pine_P1,90,126,20,A,,1.334,1.348,0.608,0.558,0.5412,0.4832,3,
WDS_Pitch_Pine_P1,90,126,19,B,,1.332,1.348,0.57,0.526,0.5024,0.4512,3,
WDS_Pitch_Pine_P1,90,126,19,A,,1.016,1.028,0.438,0.388,0.5068,0.4342,3,
WDS_Pitch_Pine_P1,90,126,18,B,,1.848,1.868,0.81,0.778,0.5168,0.4867,3,
WDS_Pitch_Pine_P1,90,126,18,A,,1.876,1.9,0.864,0.806,0.548,0.4973,3,
WDS_Pitch_Pine_P1,90,126,17,B,,1.452,1.466,0.606,0.562,0.4879,0.4421,3,
WDS_Pitch_Pine_P1,90,126,17,A,,2.042,2.058,0.898,0.83,0.5188,0.4688,3,
WDS_Pitch_Pine_P1,90,126,16,B,,1.338,1.352,0.622,0.602,0.5541,0.5265,3,
WDS_Pitch_Pine_P1,90,126,16,A,,1.354,1.372,0.614,0.598,0.538,0.5134,3,
WDS_Pitch_Pine_P1,90,126,15,B,,1.794,1.81,0.814,0.79,0.5384,0.5142,3,
WDS_Pitch_Pine_P1,90,126,15,A,,2.022,2.046,0.946,0.922,0.5583,0.534,3,
WDS_Pitch_Pine_P1,90,126,14,B,,1.63,1.648,0.768,0.75,0.5631,0.5403,3,
WDS_Pitch_Pine_P1,90,126,14,A,,1.448,1.468,0.704,0.688,0.5847,0.5595,3,
WDS_Pitch_Pine_P1,90,126,13,B,,1.682,1.7,0.732,0.67,0.5125,0.4564,3,
WDS_Pitch_Pine_P1,90,126,13,A,,1.476,1.496,0.602,0.582,0.475,0.4496,3,
WDS_Pitch_Pine_P1,90,126,12,B,,1.46,1.474,0.658,0.6,0.5341,0.4739,3,
WDS_Pitch_Pine_P1,90,126,12,A,,1.4,1.412,0.618,0.57,0.5211,0.4693,3,
WDS_Pitch_Pine_P1,90,126,11,B,,2.004,2.02,0.86,0.84,0.5041,0.4858,3,
WDS_Pitch_Pine_P1,90,126,11,A,,1.802,1.824,0.758,0.74,0.4924,0.472,3,
WDS_Pitch_Pine_P1,90,126,10,B,,1.676,1.682,0.81,0.708,0.5805,0.4928,3,
WDS_Pitch_Pine_P1,90,126,10,A,,2.064,2.078,0.998,0.894,0.5808,0.5056,3,
WDS_Pitch_Pine_P1,90,126,9,B,,1.59,1.602,0.738,0.682,0.5531,0.4994,3,
WDS_Pitch_Pine_P1,90,126,9,A,,1.646,1.66,0.766,0.712,0.5548,0.5038,3,
WDS_Pitch_Pine_P1,90,126,8,B,,1.488,1.5,0.654,0.61,0.5185,0.4733,3,
WDS_Pitch_Pine_P1,90,126,8,A,,1.35,1.362,0.582,0.536,0.5068,0.4557,3,
WDS_Pitch_Pine_P1,90,126,7,B,,2.094,2.122,0.842,0.812,0.4672,0.4411,3,
WDS_Pitch_Pine_P1,90,126,7,A,,1.734,1.76,0.682,0.658,0.4553,0.4295,3,
WDS_Pitch_Pine_P1,90,126,6,B,,1.62,1.64,0.728,0.66,0.5322,0.4676,3,
WDS_Pitch_Pine_P1,90,126,6,A,,1.338,1.352,0.586,0.518,0.5163,0.4418,3,
WDS_Pitch_Pine_P1,90,126,5,B,,1.364,1.384,0.648,0.62,0.5687,0.5303,3,
WDS_Pitch_Pine_P1,90,126,5,A,,1.062,1.072,0.472,0.46,0.5253,0.504,3,
WDS_Pitch_Pine_P1,90,126,4,B,,1.746,1.77,0.73,0.702,0.4889,0.4598,3,
WDS_Pitch_Pine_P1,90,126,4,A,,1.618,1.64,0.664,0.638,0.4784,0.4496,3,
WDS_Pitch_Pine_P1,90,126,3,B,,1.016,1.034,0.422,0.408,0.4852,0.4571,3,
WDS_Pitch_Pine_P1,90,126,3,A,,1.124,1.14,0.484,0.472,0.5061,0.4834,3,
WDS_Pitch_Pine_P1,90,126,2,B,,2.002,2.02,0.884,0.8,0.5213,0.459,3,
WDS_Pitch_Pine_P1,90,126,2,A,,1.234,1.244,0.512,0.462,0.4846,0.4262,3,
WDS_Pitch_Pine_P1,90,126,1,A,,1.812,1.83,0.706,0.662,0.4504,0.4136,3,
WDS_Pitch_Pine_P1,91,126,1,A,,2.548,2.554,1.18,1.112,0.5516,0.5127,3,
WDS_Pitch_Pine_P1,91,126,20,B,,1.142,1.162,0.49,0.47,0.504,0.4704,3,
WDS_Pitch_Pine_P1,91,126,20,A,,0.768,0.772,0.248,0.236,0.3636,0.3419,3,
WDS_Pitch_Pine_P1,91,126,19,B,,1.09,1.098,0.428,0.416,0.4545,0.4361,3,
WDS_Pitch_Pine_P1,91,126,19,A,,0.972,0.976,0.342,0.33,0.4007,0.383,3,
WDS_Pitch_Pine_P1,91,126,18,B,,3.012,3.018,1.36,1.252,0.5352,0.4845,3,
WDS_Pitch_Pine_P1,91,126,18,A,,2.122,2.124,0.888,0.828,0.4894,0.4507,3,
WDS_Pitch_Pine_P1,91,126,17,B,,2.578,2.588,1.08,1.008,0.49,0.4502,3,
WDS_Pitch_Pine_P1,91,126,17,A,,2.362,2.364,1.012,0.928,0.5031,0.4543,3,
WDS_Pitch_Pine_P1,91,126,16,B,,1.552,1.56,0.71,0.642,0.5436,0.48,3,
WDS_Pitch_Pine_P1,91,126,16,A,,2.592,2.594,1.162,1.092,0.5307,0.4928,3,
WDS_Pitch_Pine_P1,91,126,15,B,,1.614,1.61,0.752,0.67,0.5556,0.4862,3,
WDS_Pitch_Pine_P1,91,126,15,A,,2.08,2.084,1.022,0.942,0.5921,0.5359,3,
WDS_Pitch_Pine_P1,91,126,14,B,,2.402,2.418,1.098,1.048,0.5431,0.51,3,
WDS_Pitch_Pine_P1,91,126,14,A,,1.538,1.54,0.628,0.598,0.4756,0.4487,3,
WDS_Pitch_Pine_P1,91,126,13,B,,1.822,1.822,0.8,0.768,0.5178,0.4936,3,
WDS_Pitch_Pine_P1,91,126,13,A,,2.04,2.05,0.896,0.858,0.518,0.4895,3,
WDS_Pitch_Pine_P1,91,126,12,B,,1.522,1.538,0.632,0.602,0.485,0.4528,3,
WDS_Pitch_Pine_P1,91,126,12,A,,2.548,2.552,1.098,1.052,0.5065,0.4809,3,
WDS_Pitch_Pine_P1,91,126,11,B,,1.978,1.984,0.816,0.782,0.4813,0.4565,3,
WDS_Pitch_Pine_P1,91,126,11,A,,2.598,2.602,1.122,1.078,0.5078,0.4837,3,
WDS_Pitch_Pine_P1,91,126,10,B,,2.824,2.84,1.208,1.158,0.5022,0.4748,3,
WDS_Pitch_Pine_P1,91,126,10,A,,2.46,2.468,1.06,1.012,0.5065,0.4779,3,
WDS_Pitch_Pine_P1,91,126,9,B,,2.562,2.558,1.222,1.082,0.5714,0.4956,3,
WDS_Pitch_Pine_P1,91,126,9,A,,2.142,2.14,0.958,0.832,0.5292,0.4493,3,
WDS_Pitch_Pine_P1,91,126,8,B,,3.048,3.062,1.392,1.238,0.5425,0.4702,3,
WDS_Pitch_Pine_P1,91,126,8,A,,2.602,2.612,1.238,1.088,0.5697,0.4868,3,
WDS_Pitch_Pine_P1,91,126,7,B,,1.058,1.058,0.426,0.408,0.4679,0.4451,3,
WDS_Pitch_Pine_P1,91,126,7,A,,1.212,1.212,0.498,0.48,0.4791,0.459,3,
WDS_Pitch_Pine_P1,91,126,6,B,,1.552,1.552,0.692,0.676,0.5273,0.513,3,
WDS_Pitch_Pine_P1,91,126,6,A,,1.264,1.264,0.562,0.552,0.5256,0.5145,3,
WDS_Pitch_Pine_P1,91,126,5,B,,0.968,0.968,0.398,0.388,0.4794,0.4655,3,
WDS_Pitch_Pine_P1,91,126,5,A,,0.97,0.972,0.41,0.4,0.4952,0.4799,3,
WDS_Pitch_Pine_P1,91,126,4,B,,3.168,3.178,1.402,1.352,0.5227,0.499,3,
WDS_Pitch_Pine_P1,91,126,4,A,,1.556,1.556,0.68,0.658,0.515,0.4955,3,
WDS_Pitch_Pine_P1,91,126,3,B,,2.5,2.5,1.178,1.13,0.5631,0.5359,3,
WDS_Pitch_Pine_P1,91,126,3,A,,1.74,1.738,0.812,0.762,0.5567,0.5169,3,
WDS_Pitch_Pine_P1,91,126,2,B,,2.748,2.758,1.254,1.188,0.542,0.5063,3,
WDS_Pitch_Pine_P1,91,126,2,A,,2.224,2.238,1,0.968,0.5326,0.5088,3,
WDS_Pitch_Pine_P1,91,126,1,B,,2.358,2.362,1.088,1.004,0.5492,0.4985,3,
WDS_Pitch_Pine_P1,92,126,20,B,,2.37,2.39,0.918,0.888,0.4474,0.4264,3,
WDS_Pitch_Pine_P1,92,126,1,B,,4.306,4.282,2.042,1.716,0.5674,0.4653,3,
WDS_Pitch_Pine_P1,92,126,2,A,,2.248,2.248,1,0.94,0.5259,0.489,3,
WDS_Pitch_Pine_P1,92,126,2,B,,2.932,2.94,1.334,1.274,0.5401,0.5099,3,
WDS_Pitch_Pine_P1,92,126,1,A,,2.958,2.946,1.218,1.12,0.4803,0.4378,3,
WDS_Pitch_Pine_P1,92,126,3,A,,2.646,2.65,1.066,1.028,0.4682,0.4481,3,
WDS_Pitch_Pine_P1,92,126,3,B,,2.458,2.462,0.928,0.892,0.4343,0.4143,3,
WDS_Pitch_Pine_P1,92,126,4,A,,2.096,2.082,0.936,0.812,0.5283,0.4509,3,
WDS_Pitch_Pine_P1,92,126,4,B,,1.884,1.862,0.834,0.728,0.5229,0.4522,3,
WDS_Pitch_Pine_P1,92,126,5,A,,2.404,2.408,1.018,0.95,0.4963,0.457,3,
WDS_Pitch_Pine_P1,92,126,5,B,,2.054,2.044,0.842,0.758,0.4778,0.4255,3,
WDS_Pitch_Pine_P1,92,126,6,A,,1.586,1.59,0.646,0.588,0.4742,0.4241,3,
WDS_Pitch_Pine_P1,92,126,6,B,,2.058,2.064,0.9,0.818,0.5154,0.4594,3,
WDS_Pitch_Pine_P1,92,126,7,A,,2.342,2.338,0.932,0.854,0.4616,0.4182,3,
WDS_Pitch_Pine_P1,92,126,7,B,,2.948,2.952,1.238,1.168,0.4914,0.4585,3,
WDS_Pitch_Pine_P1,92,126,8,A,,2.298,2.292,0.946,0.89,0.4801,0.4487,3,
WDS_Pitch_Pine_P1,92,126,8,B,,3.052,3.06,1.32,1.222,0.5087,0.4635,3,
WDS_Pitch_Pine_P1,92,126,9,A,,2.078,2.068,0.868,0.792,0.4884,0.4416,3,
WDS_Pitch_Pine_P1,92,126,9,B,,2.452,2.448,1.012,0.95,0.4816,0.4483,3,
WDS_Pitch_Pine_P1,92,126,10,A,,2.828,2.772,1.47,1.148,0.634,0.4835,3,
WDS_Pitch_Pine_P1,92,126,10,B,,3.078,3.024,1.638,1.258,0.6524,0.486,3,
WDS_Pitch_Pine_P1,92,126,11,A,,3.074,3.07,1.348,1.246,0.5171,0.4723,3,
WDS_Pitch_Pine_P1,92,126,11,B,,2.988,2.998,1.272,1.192,0.4993,0.4611,3,
WDS_Pitch_Pine_P1,92,126,12,A,,3.348,3.332,1.38,1.304,0.4808,0.4527,3,
WDS_Pitch_Pine_P1,92,126,12,B,,2.812,2.828,1.158,1.082,0.4803,0.4411,3,
WDS_Pitch_Pine_P1,92,126,13,A,,2.254,2.254,0.954,0.902,0.496,0.4646,3,
WDS_Pitch_Pine_P1,92,126,13,B,,2.15,2.152,0.922,0.876,0.5037,0.4739,3,
WDS_Pitch_Pine_P1,92,126,14,A,,2.858,2.818,1.538,1.196,0.6614,0.4976,3,
WDS_Pitch_Pine_P1,92,126,14,B,,2.5,2.458,1.236,0.972,0.5966,0.4582,3,
WDS_Pitch_Pine_P1,92,126,15,A,,3.438,3.442,1.466,1.352,0.5003,0.4547,3,
WDS_Pitch_Pine_P1,92,126,15,B,,3.3,3.296,1.638,1.37,0.5994,0.4856,3,
WDS_Pitch_Pine_P1,92,126,16,A,,3.558,3.57,1.54,1.472,0.5092,0.481,3,
WDS_Pitch_Pine_P1,92,126,16,B,,3.006,3.048,1.202,1.146,0.4642,0.4323,3,
WDS_Pitch_Pine_P1,92,126,17,A,,4.528,4.536,1.914,1.668,0.4952,0.4214,3,
WDS_Pitch_Pine_P1,92,126,17,B,,5.24,5.222,2.292,1.902,0.5155,0.4168,3,
WDS_Pitch_Pine_P1,92,126,18,A,,2.878,2.882,1.288,1.096,0.5296,0.438,3,
WDS_Pitch_Pine_P1,92,126,18,B,,2.988,2.984,1.362,1.172,0.5413,0.4546,3,
WDS_Pitch_Pine_P1,92,126,19,A,,1.338,1.35,0.542,0.51,0.4712,0.4347,3,
WDS_Pitch_Pine_P1,92,126,19,B,,1.578,1.596,0.66,0.628,0.4891,0.4556,3,
WDS_Pitch_Pine_P1,92,126,20,A,,3.85,3.886,1.61,1.51,0.489,0.449,3,
WDS_Pitch_Pine_P1,93,126,11,A,,1.4,1.406,0.59,0.548,0.4935,0.4506,3,
WDS_Pitch_Pine_P1,93,126,1,A,,1.68,1.692,0.554,0.538,0.3723,0.3573,3,
WDS_Pitch_Pine_P1,93,126,1,B,,1.916,1.926,0.646,0.624,0.3817,0.3649,3,
WDS_Pitch_Pine_P1,93,126,2,A,,1.768,1.782,0.658,0.632,0.4273,0.4043,3,
WDS_Pitch_Pine_P1,93,126,2,B,,1.66,1.67,0.61,0.59,0.4211,0.4026,3,
WDS_Pitch_Pine_P1,93,126,3,A,,1.194,1.198,0.394,0.376,0.3726,0.3521,3,
WDS_Pitch_Pine_P1,93,126,3,B,,1.218,1.22,0.408,0.388,0.3789,0.3574,3,
WDS_Pitch_Pine_P1,93,126,4,A,,1.108,1.118,0.42,0.408,0.4364,0.4177,3,
WDS_Pitch_Pine_P1,93,126,4,B,,1.138,1.14,0.432,0.424,0.4371,0.4269,3,
WDS_Pitch_Pine_P1,93,126,5,A,,1.46,1.47,0.542,0.526,0.426,0.4085,3,
WDS_Pitch_Pine_P1,93,126,5,B,,1.54,1.556,0.568,0.548,0.4229,0.4011,3,
WDS_Pitch_Pine_P1,93,126,6,A,,1.57,1.578,0.57,0.528,0.4153,0.3785,3,
WDS_Pitch_Pine_P1,93,126,6,B,,1.562,1.56,0.638,0.55,0.4758,0.4016,3,
WDS_Pitch_Pine_P1,93,126,7,A,,1.802,1.812,0.724,0.678,0.4667,0.4299,3,
WDS_Pitch_Pine_P1,93,126,7,B,,1.718,1.728,0.64,0.614,0.4277,0.4052,3,
WDS_Pitch_Pine_P1,93,126,8,A,,1.858,1.868,0.728,0.704,0.4534,0.4335,3,
WDS_Pitch_Pine_P1,93,126,8,B,,1.812,1.82,0.722,0.7,0.4623,0.4437,3,
WDS_Pitch_Pine_P1,93,126,9,A,,1.68,1.682,0.702,0.678,0.4886,0.4685,3,
WDS_Pitch_Pine_P1,93,126,9,B,,1.478,1.488,0.6,0.578,0.4724,0.4488,3,
WDS_Pitch_Pine_P1,93,126,10,A,,1.588,1.598,0.632,0.588,0.4616,0.4217,3,
WDS_Pitch_Pine_P1,93,126,10,B,,1.41,1.412,0.528,0.49,0.4303,0.3944,3,
WDS_Pitch_Pine_P1,93,126,11,B,,1.18,1.19,0.484,0.466,0.4781,0.4531,3,
WDS_Pitch_Pine_P1,93,126,12,A,,1.124,1.14,0.438,0.424,0.4505,0.4269,3,
WDS_Pitch_Pine_P1,93,126,12,B,,1.082,1.098,0.39,0.378,0.4119,0.3909,3,
WDS_Pitch_Pine_P1,93,126,13,A,,0.946,0.952,0.4,0.368,0.4954,0.4463,3,
WDS_Pitch_Pine_P1,93,126,13,B,,0.928,0.934,0.382,0.348,0.4801,0.4278,3,
WDS_Pitch_Pine_P1,93,126,14,A,,1.152,1.162,0.452,0.343,0.4541,0.3288,3,
WDS_Pitch_Pine_P1,93,126,14,B,,1.168,1.174,0.432,0.414,0.4242,0.4017,3,
WDS_Pitch_Pine_P1,93,126,15,A,,1.138,1.144,0.4,0.382,0.4002,0.3776,3,
WDS_Pitch_Pine_P1,93,126,15,B,,1.41,1.418,0.492,0.468,0.3969,0.3726,3,
WDS_Pitch_Pine_P1,93,126,16,A,,1.874,1.886,0.684,0.656,0.4178,0.3955,3,
WDS_Pitch_Pine_P1,93,126,16,B,,1.79,1.8,0.646,0.61,0.4125,0.384,3,
WDS_Pitch_Pine_P1,93,126,17,A,,1.548,1.56,0.54,0.522,0.3968,0.3785,3,
WDS_Pitch_Pine_P1,93,126,17,B,,1.472,1.49,0.534,0.522,0.4149,0.3987,3,
WDS_Pitch_Pine_P1,93,126,18,A,,1.11,1.12,0.434,0.38,0.4522,0.3845,3,
WDS_Pitch_Pine_P1,93,126,18,B,,1.14,1.144,0.458,0.4,0.4667,0.3978,3,
WDS_Pitch_Pine_P1,93,126,19,A,,1.168,1.178,0.444,0.406,0.4378,0.3914,3,
WDS_Pitch_Pine_P1,93,126,19,B,,1.042,1.05,0.388,0.362,0.4275,0.3915,3,
WDS_Pitch_Pine_P1,93,126,20,A,,1.518,1.53,0.578,0.548,0.4386,0.4089,3,
WDS_Pitch_Pine_P1,93,126,20,B,,1.274,1.282,0.462,0.434,0.4147,0.3835,3,
WDS_Pitch_Pine_P1,94,126,6,A,,2.702,2.708,1.174,1.132,0.5115,0.4888,3,
WDS_Pitch_Pine_P1,94,126,20,A,,1.402,1.408,0.582,0.552,0.4848,0.4537,3,
WDS_Pitch_Pine_P1,94,126,19,B,,2.094,2.096,0.984,0.92,0.5613,0.5176,3,
WDS_Pitch_Pine_P1,94,126,19,A,,2.178,2.18,0.978,0.91,0.5317,0.488,3,
WDS_Pitch_Pine_P1,94,126,18,B,,1.578,1.582,0.62,0.584,0.4548,0.4233,3,
WDS_Pitch_Pine_P1,94,126,18,A,,1.908,1.908,0.808,0.768,0.4963,0.4677,3,
WDS_Pitch_Pine_P1,94,126,17,B,,1.616,1.608,0.694,0.628,0.5045,0.4516,3,
WDS_Pitch_Pine_P1,94,126,17,A,,1.878,1.876,0.868,0.738,0.5503,0.4555,3,
WDS_Pitch_Pine_P1,94,126,16,B,,2.3,2.3,0.934,0.848,0.4726,0.4227,3,
WDS_Pitch_Pine_P1,94,126,16,A,,2.728,2.742,1.108,1.05,0.4727,0.4415,3,
WDS_Pitch_Pine_P1,94,126,20,B,,1.322,1.324,0.574,0.55,0.5111,0.4852,3,
WDS_Pitch_Pine_P1,94,126,15,B,,2.15,2.158,0.854,0.818,0.4606,0.4364,3,
WDS_Pitch_Pine_P1,94,126,15,A,,2.168,2.17,0.858,0.812,0.4586,0.4299,3,
WDS_Pitch_Pine_P1,94,126,14,B,,1.73,1.74,0.702,0.676,0.4721,0.4489,3,
WDS_Pitch_Pine_P1,94,126,14,A,,1.9,1.908,0.78,0.748,0.4786,0.4536,3,
WDS_Pitch_Pine_P1,94,126,13,B,,1.932,1.942,0.82,0.788,0.4976,0.4721,3,
WDS_Pitch_Pine_P1,94,126,13,A,,2.038,2.042,0.872,0.832,0.5023,0.4744,3,
WDS_Pitch_Pine_P1,94,126,12,B,,2.804,2.822,1.188,1.142,0.4966,0.4707,3,
WDS_Pitch_Pine_P1,94,126,12,A,,2.84,2.852,1.18,1.132,0.4853,0.4602,3,
WDS_Pitch_Pine_P1,94,126,11,B,,1.948,1.966,0.794,0.76,0.4746,0.4463,3,
WDS_Pitch_Pine_P1,94,126,11,A,,2.11,2.124,0.868,0.834,0.4797,0.4545,3,
WDS_Pitch_Pine_P1,94,126,10,B,,3.178,3.188,1.416,1.36,0.5269,0.5006,3,
WDS_Pitch_Pine_P1,94,126,10,A,,2.08,2.108,0.848,0.818,0.4747,0.4483,3,
WDS_Pitch_Pine_P1,94,126,9,B,,2.728,2.732,1.118,1.072,0.4776,0.4541,3,
WDS_Pitch_Pine_P1,94,126,9,A,,3.374,3.376,1.4,1.352,0.4846,0.465,3,
WDS_Pitch_Pine_P1,94,126,8,B,,1.908,1.918,0.836,0.802,0.5166,0.489,3,
WDS_Pitch_Pine_P1,94,126,8,A,,1.728,1.732,0.724,0.692,0.4901,0.4637,3,
WDS_Pitch_Pine_P1,94,126,7,B,,3.93,3.932,1.572,1.518,0.4643,0.4457,3,
WDS_Pitch_Pine_P1,94,126,7,A,,3.632,3.63,1.38,1.342,0.4375,0.424,3,
WDS_Pitch_Pine_P1,94,126,6,B,,2.29,2.292,1.022,0.96,0.5279,0.4899,3,
WDS_Pitch_Pine_P1,94,126,1,A,,1.602,1.616,0.576,0.552,0.4107,0.3874,3,
WDS_Pitch_Pine_P1,94,126,1,B,,1.052,1.06,0.382,0.366,0.4154,0.3922,3,
WDS_Pitch_Pine_P1,94,126,2,A,,1.102,1.11,0.49,0.47,0.5256,0.4962,3,
WDS_Pitch_Pine_P1,94,126,2,B,,1.098,1.11,0.464,0.448,0.4951,0.4692,3,
WDS_Pitch_Pine_P1,94,126,3,A,,1.242,1.254,0.5,0.48,0.4678,0.4413,3,
WDS_Pitch_Pine_P1,94,126,3,B,,1.292,1.302,0.508,0.492,0.4552,0.4348,3,
WDS_Pitch_Pine_P1,94,126,4,A,,1.292,1.308,0.552,0.53,0.5015,0.4714,3,
WDS_Pitch_Pine_P1,94,126,4,B,,1.334,1.342,0.588,0.552,0.5202,0.4797,3,
WDS_Pitch_Pine_P1,94,126,5,A,,2.032,2.05,0.872,0.838,0.5041,0.4762,3,
WDS_Pitch_Pine_P1,94,126,5,B,,2.06,2.088,0.874,0.832,0.4974,0.4623,3,
WDS_Pitch_Pine_P1,95,126,1,A,,1.528,1.536,0.678,0.638,0.5243,0.4852,3,
WDS_Pitch_Pine_P1,95,126,20,B,,1.368,1.382,0.65,0.588,0.5688,0.499,3,
WDS_Pitch_Pine_P1,95,126,20,A,,1.398,1.404,0.568,0.528,0.4728,0.4324,3,
WDS_Pitch_Pine_P1,95,126,19,B,,2.364,2.38,0.99,0.946,0.4898,0.4609,3,
WDS_Pitch_Pine_P1,95,126,19,A,,1.994,2.004,0.862,0.83,0.5084,0.4835,3,
WDS_Pitch_Pine_P1,95,126,18,B,,1.698,1.712,0.762,0.736,0.5314,0.5051,3,
WDS_Pitch_Pine_P1,95,126,18,A,,1.144,1.156,0.47,0.452,0.479,0.4523,3,
WDS_Pitch_Pine_P1,95,126,17,B,,1.522,1.528,0.682,0.634,0.5304,0.4846,3,
WDS_Pitch_Pine_P1,95,126,17,A,,1.972,1.986,0.918,0.856,0.555,0.5067,3,
WDS_Pitch_Pine_P1,95,126,16,B,,2.558,2.564,1.142,1.062,0.5281,0.4836,3,
WDS_Pitch_Pine_P1,95,126,16,A,,1.982,1.99,0.898,0.826,0.5374,0.4848,3,
WDS_Pitch_Pine_P1,95,126,15,B,,2.366,2.37,1.13,0.964,0.5723,0.4735,3,
WDS_Pitch_Pine_P1,95,126,15,A,,2.514,2.53,1.156,1.098,0.5469,0.5108,3,
WDS_Pitch_Pine_P1,95,126,14,B,,1.142,1.158,0.548,0.524,0.5755,0.5366,3,
WDS_Pitch_Pine_P1,95,126,14,A,,0.796,0.808,0.356,0.336,0.5292,0.4858,3,
WDS_Pitch_Pine_P1,95,126,13,B,,1.694,1.712,0.666,0.624,0.4551,0.4172,3,
WDS_Pitch_Pine_P1,95,126,13,A,,2.01,2.018,0.852,0.806,0.4968,0.4635,3,
WDS_Pitch_Pine_P1,95,126,12,B,,1.152,1.164,0.476,0.452,0.4822,0.4487,3,
WDS_Pitch_Pine_P1,95,126,12,A,,0.986,0.998,0.384,0.364,0.4502,0.4175,3,
WDS_Pitch_Pine_P1,95,126,11,B,,0.798,0.812,0.29,0.274,0.4157,0.3821,3,
WDS_Pitch_Pine_P1,95,126,11,A,,1.042,1.058,0.428,0.394,0.4789,0.4276,3,
WDS_Pitch_Pine_P1,95,126,10,B,,0.764,0.774,0.298,0.274,0.451,0.4035,3,
WDS_Pitch_Pine_P1,95,126,10,A,,0.854,0.868,0.348,0.32,0.4745,0.4226,3,
WDS_Pitch_Pine_P1,95,126,9,B,,3.32,3.332,1.488,1.406,0.5306,0.4942,3,
WDS_Pitch_Pine_P1,95,126,9,A,,3.37,3.372,1.568,1.456,0.5547,0.5077,3,
WDS_Pitch_Pine_P1,95,126,8,B,,2.152,2.168,1.012,0.968,0.5618,0.5282,3,
WDS_Pitch_Pine_P1,95,126,8,A,,1.758,1.758,0.768,0.682,0.5148,0.4482,3,
WDS_Pitch_Pine_P1,95,126,7,B,,2.72,2.718,1.478,1.24,0.6694,0.5418,3,
WDS_Pitch_Pine_P1,95,126,7,A,,2.05,2.05,1.092,0.888,0.6532,0.5096,3,
WDS_Pitch_Pine_P1,95,126,6,B,,1.588,1.572,0.732,0.612,0.5485,0.45,3,
WDS_Pitch_Pine_P1,95,126,6,A,,2.376,2.364,1.068,0.96,0.5324,0.4726,3,
WDS_Pitch_Pine_P1,95,126,5,B,,3.312,3.328,1.462,1.416,0.5211,0.499,3,
WDS_Pitch_Pine_P1,95,126,5,A,,3.68,3.702,1.74,1.69,0.5654,0.5423,3,
WDS_Pitch_Pine_P1,95,126,4,B,,2.778,2.8,1.242,1.2,0.529,0.5033,3,
WDS_Pitch_Pine_P1,95,126,4,A,,2.874,2.878,1.282,1.226,0.5276,0.4997,3,
WDS_Pitch_Pine_P1,95,126,3,B,,0.82,0.824,0.332,0.286,0.4709,0.3945,3,
WDS_Pitch_Pine_P1,95,126,3,A,,0.91,0.904,0.394,0.306,0.5094,0.3835,3,
WDS_Pitch_Pine_P1,95,126,2,B,,1.472,1.478,0.602,0.558,0.4765,0.4343,3,
WDS_Pitch_Pine_P1,95,126,2,A,,1.608,1.608,0.718,0.644,0.5282,0.465,3,
WDS_Pitch_Pine_P1,95,126,1,B,,1.346,1.346,0.58,0.54,0.5065,0.4659,3,
WDS_Pitch_Pine_P1,96,126,20,B,,2.13,2.158,0.968,0.89,0.5394,0.4812,3,
WDS_Pitch_Pine_P1,96,126,20,A,,1.628,1.658,0.676,0.622,0.485,0.4312,3,
WDS_Pitch_Pine_P1,96,126,19,B,,1.728,1.742,0.856,0.728,0.598,0.4887,3,
WDS_Pitch_Pine_P1,96,126,19,A,,1.59,1.608,0.764,0.646,0.5765,0.4667,3,
WDS_Pitch_Pine_P1,96,126,18,B,,1.376,1.402,0.558,0.528,0.4718,0.4331,3,
WDS_Pitch_Pine_P1,96,126,18,A,,1.268,1.288,0.544,0.462,0.5039,0.4096,3,
WDS_Pitch_Pine_P1,96,126,17,B,,2.074,2.112,0.934,0.898,0.5336,0.4986,3,
WDS_Pitch_Pine_P1,96,126,17,A,,1.91,1.95,0.788,0.758,0.4814,0.4492,3,
WDS_Pitch_Pine_P1,96,126,16,B,,0.996,1.024,0.44,0.418,0.5216,0.4754,3,
WDS_Pitch_Pine_P1,96,126,16,A,,1.102,1.124,0.498,0.482,0.5358,0.5036,3,
WDS_Pitch_Pine_P1,96,126,15,B,,1.954,1.96,0.756,0.702,0.4468,0.4089,3,
WDS_Pitch_Pine_P1,96,126,15,A,,1.796,1.83,0.722,0.68,0.467,0.4265,3,
WDS_Pitch_Pine_P1,96,126,14,B,,1.668,1.698,0.746,0.72,0.5292,0.497,3,
WDS_Pitch_Pine_P1,96,126,14,A,,1.654,1.682,0.69,0.652,0.4876,0.4478,3,
WDS_Pitch_Pine_P1,96,126,13,B,,0.896,0.926,0.376,0.36,0.491,0.4493,3,
WDS_Pitch_Pine_P1,96,126,13,A,,0.944,0.968,0.41,0.39,0.5112,0.4682,3,
WDS_Pitch_Pine_P1,96,126,12,B,,1.402,1.43,0.59,0.57,0.4926,0.4625,3,
WDS_Pitch_Pine_P1,96,126,12,A,,1.19,1.218,0.488,0.468,0.478,0.4432,3,
WDS_Pitch_Pine_P1,96,126,11,B,,2.652,2.68,1.028,0.982,0.4478,0.4197,3,
WDS_Pitch_Pine_P1,96,126,11,A,,2.554,2.622,1.104,1.012,0.5084,0.4455,3,
WDS_Pitch_Pine_P1,96,126,10,B,,1.056,1.082,0.492,0.47,0.5556,0.5113,3,
WDS_Pitch_Pine_P1,96,126,10,A,,1.08,1.108,0.472,0.456,0.515,0.48,3,
WDS_Pitch_Pine_P1,96,126,9,B,,1.478,1.51,0.644,0.628,0.5132,0.4859,3,
WDS_Pitch_Pine_P1,96,126,9,A,,1.742,1.778,0.748,0.728,0.5044,0.4771,3,
WDS_Pitch_Pine_P1,96,126,8,B,,1.128,1.154,0.508,0.472,0.5336,0.4765,3,
WDS_Pitch_Pine_P1,96,126,8,A,,0.896,0.914,0.4,0.384,0.5281,0.4917,3,
WDS_Pitch_Pine_P1,96,126,7,B,,2.07,2.102,0.91,0.856,0.5186,0.4741,3,
WDS_Pitch_Pine_P1,96,126,7,A,,1.926,1.95,0.858,0.806,0.5268,0.4824,3,
WDS_Pitch_Pine_P1,96,126,6,B,,0.784,0.808,0.346,0.318,0.521,0.4557,3,
WDS_Pitch_Pine_P1,96,126,6,A,,0.918,0.942,0.388,0.376,0.4952,0.4632,3,
WDS_Pitch_Pine_P1,96,126,5,B,,1.552,1.578,0.594,0.566,0.4412,0.4096,3,
WDS_Pitch_Pine_P1,96,126,5,A,,1.73,1.756,0.728,0.682,0.4926,0.4488,3,
WDS_Pitch_Pine_P1,96,126,4,B,,0.994,1.012,0.44,0.426,0.5228,0.4928,3,
WDS_Pitch_Pine_P1,96,126,4,A,,1.082,1.102,0.496,0.478,0.5449,0.5105,3,
WDS_Pitch_Pine_P1,96,126,3,B,,1.1,1.116,0.542,0.48,0.5941,0.5054,3,
WDS_Pitch_Pine_P1,96,126,3,A,,0.958,0.972,0.452,0.408,0.564,0.4912,3,
WDS_Pitch_Pine_P1,96,126,2,B,,1.888,1.898,0.79,0.72,0.4894,0.4367,3,
WDS_Pitch_Pine_P1,96,126,2,A,,2.04,2.03,0.838,0.79,0.4789,0.4498,3,
WDS_Pitch_Pine_P1,96,126,1,B,,1.438,1.45,0.62,0.534,0.5069,0.4221,3,
WDS_Pitch_Pine_P1,96,126,1,A,,1.68,1.694,0.724,0.646,0.5066,0.4394,3,
WDS_Pitch_Pine_P1,97,126,5,B,,2.25,2.258,0.768,0.734,0.3871,0.3663,3,
WDS_Pitch_Pine_P1,97,126,20,A,,1.978,1.992,0.814,0.732,0.4799,0.4211,3,
WDS_Pitch_Pine_P1,97,126,19,B,,1.696,1.702,0.636,0.612,0.431,0.4107,3,
WDS_Pitch_Pine_P1,97,126,19,A,,1.614,1.63,0.598,0.568,0.4251,0.3963,3,
WDS_Pitch_Pine_P1,97,126,18,B,,1.142,1.16,0.366,0.34,0.3605,0.3262,3,
WDS_Pitch_Pine_P1,97,126,18,A,,1.316,1.316,0.442,0.412,0.3801,0.3512,3,
WDS_Pitch_Pine_P1,97,126,17,B,,2.238,2.256,0.87,0.84,0.4492,0.4275,3,
WDS_Pitch_Pine_P1,97,126,17,A,,2.802,2.838,1.098,1.06,0.4534,0.429,3,
WDS_Pitch_Pine_P1,97,126,16,B,,1.594,1.598,0.612,0.582,0.4428,0.4168,3,
WDS_Pitch_Pine_P1,97,126,16,A,,1.594,1.6,0.58,0.554,0.4163,0.3934,3,
WDS_Pitch_Pine_P1,97,126,15,B,,1.26,1.236,0.468,0.448,0.4263,0.4145,3,
WDS_Pitch_Pine_P1,97,126,15,A,,1.516,1.524,0.564,0.54,0.4271,0.4039,3,
WDS_Pitch_Pine_P1,97,126,14,B,,3.018,3.022,0.978,0.946,0.365,0.3511,3,
WDS_Pitch_Pine_P1,97,126,14,A,,2.844,2.858,0.922,0.884,0.3652,0.3464,3,
WDS_Pitch_Pine_P1,97,126,13,B,,1.172,1.178,0.442,0.42,0.4338,0.4068,3,
WDS_Pitch_Pine_P1,97,126,13,A,,1.234,1.242,0.472,0.448,0.4409,0.4122,3,
WDS_Pitch_Pine_P1,97,126,12,B,,0.908,0.918,0.378,0.36,0.4864,0.4538,3,
WDS_Pitch_Pine_P1,97,126,12,A,,0.922,0.936,0.372,0.36,0.469,0.4437,3,
WDS_Pitch_Pine_P1,97,126,11,B,,0.81,0.822,0.326,0.316,0.4677,0.4435,3,
WDS_Pitch_Pine_P1,97,126,11,A,,0.994,1.002,0.398,0.388,0.4649,0.4472,3,
WDS_Pitch_Pine_P1,97,126,10,B,,2.43,2.452,0.874,0.838,0.4109,0.3877,3,
WDS_Pitch_Pine_P1,97,126,10,A,,2.454,2.46,0.854,0.82,0.3957,0.3768,3,
WDS_Pitch_Pine_P1,97,126,9,B,,1.394,1.404,0.502,0.486,0.4114,0.3933,3,
WDS_Pitch_Pine_P1,97,126,9,A,,1.752,1.764,0.64,0.618,0.4182,0.3987,3,
WDS_Pitch_Pine_P1,97,126,8,B,,1.44,1.448,0.542,0.52,0.4328,0.4101,3,
WDS_Pitch_Pine_P1,97,126,8,A,,1.316,1.33,0.504,0.488,0.4416,0.4203,3,
WDS_Pitch_Pine_P1,97,126,7,B,,1.664,1.668,0.568,0.534,0.3871,0.3601,3,
WDS_Pitch_Pine_P1,97,126,7,A,,1.334,1.35,0.428,0.398,0.361,0.3283,3,
WDS_Pitch_Pine_P1,97,126,6,B,,1.338,1.352,0.566,0.546,0.4957,0.4695,3,
WDS_Pitch_Pine_P1,97,126,6,A,,1.634,1.63,0.71,0.682,0.5115,0.4893,3,
WDS_Pitch_Pine_P1,97,126,20,B,,2.294,2.322,0.9,0.834,0.454,0.4102,3,
WDS_Pitch_Pine_P1,97,126,5,A,,1.55,1.57,0.512,0.498,0.373,0.3564,3,
WDS_Pitch_Pine_P1,97,126,4,B,,2.382,2.404,0.982,0.908,0.4809,0.4346,3,
WDS_Pitch_Pine_P1,97,126,4,A,,1.83,1.844,0.788,0.692,0.5061,0.4313,3,
WDS_Pitch_Pine_P1,97,126,3,B,,2.09,2.11,0.77,0.742,0.4223,0.4004,3,
WDS_Pitch_Pine_P1,97,126,3,A,,2.018,2.038,0.702,0.678,0.3955,0.376,3,
WDS_Pitch_Pine_P1,97,126,2,B,,1.342,1.354,0.488,0.472,0.416,0.3965,3,
WDS_Pitch_Pine_P1,97,126,2,A,,1.426,1.442,0.54,0.516,0.4359,0.4085,3,
WDS_Pitch_Pine_P1,97,126,1,B,,2.504,2.532,0.972,0.918,0.4485,0.4146,3,
WDS_Pitch_Pine_P1,97,126,1,A,,2.92,2.95,1.068,1.018,0.4188,0.3919,3,
WDS_Pitch_Pine_P1,98,126,20,A,,1.562,1.576,0.632,0.622,0.4706,0.4572,3,
WDS_Pitch_Pine_P1,98,126,11,A,,1.766,1.788,0.708,0.684,0.4656,0.441,3,
WDS_Pitch_Pine_P1,98,126,11,B,,2.182,2.21,0.846,0.818,0.4479,0.4246,3,
WDS_Pitch_Pine_P1,98,126,12,A,,1.428,1.444,0.582,0.548,0.4746,0.4369,3,
WDS_Pitch_Pine_P1,98,126,12,B,,2.324,2.354,0.998,0.932,0.5045,0.4589,3,
WDS_Pitch_Pine_P1,98,126,13,A,,1.212,1.224,0.478,0.462,0.4568,0.4342,3,
WDS_Pitch_Pine_P1,98,126,13,B,,1.184,1.196,0.448,0.438,0.4355,0.4194,3,
WDS_Pitch_Pine_P1,98,126,14,A,,2.474,2.502,0.952,0.902,0.444,0.412,3,
WDS_Pitch_Pine_P1,98,126,14,B,,2.816,2.834,1.08,1.028,0.4423,0.4149,3,
WDS_Pitch_Pine_P1,98,126,15,A,,1.114,1.13,0.404,0.394,0.4148,0.3966,3,
WDS_Pitch_Pine_P1,98,126,15,B,,1.168,1.186,0.426,0.408,0.4175,0.3906,3,
WDS_Pitch_Pine_P1,98,126,16,A,,0.9,0.91,0.332,0.328,0.4229,0.4119,3,
WDS_Pitch_Pine_P1,98,126,16,B,,0.886,0.902,0.33,0.322,0.4276,0.4074,3,
WDS_Pitch_Pine_P1,98,126,17,A,,0.862,0.874,0.342,0.34,0.46,0.4496,3,
WDS_Pitch_Pine_P1,98,126,17,B,,0.776,0.786,0.29,0.282,0.4293,0.4097,3,
WDS_Pitch_Pine_P1,98,126,20,B,,1.964,1.99,0.808,0.798,0.4798,0.4657,3,
WDS_Pitch_Pine_P1,98,126,18,A,,2.148,2.174,0.742,0.702,0.3924,0.3636,3,
WDS_Pitch_Pine_P1,98,126,18,B,,2.246,2.272,0.798,0.768,0.4052,0.3829,3,
WDS_Pitch_Pine_P1,98,126,19,A,,0.794,0.81,0.306,0.306,0.4448,0.4347,3,
WDS_Pitch_Pine_P1,98,126,19,B,,1.024,1.042,0.392,0.382,0.4413,0.4199,3,
WDS_Pitch_Pine_P1,98,126,10,B,,1.89,1.918,0.708,0.688,0.4305,0.4096,3,
WDS_Pitch_Pine_P1,98,126,10,A,,2.196,2.22,0.866,0.842,0.4567,0.4366,3,
WDS_Pitch_Pine_P1,98,126,9,B,,1.558,1.576,0.634,0.612,0.4737,0.4487,3,
WDS_Pitch_Pine_P1,98,126,9,A,,1.466,1.486,0.59,0.572,0.4677,0.4441,3,
WDS_Pitch_Pine_P1,98,126,8,B,,2.072,2.074,0.792,0.762,0.4406,0.421,3,
WDS_Pitch_Pine_P1,98,126,8,A,,1.458,1.472,0.53,0.492,0.4159,0.378,3,
WDS_Pitch_Pine_P1,98,126,7,B,,2.046,2.076,0.778,0.752,0.4379,0.4142,3,
WDS_Pitch_Pine_P1,98,126,7,A,,1.558,1.574,0.568,0.55,0.4173,0.3975,3,
WDS_Pitch_Pine_P1,98,126,6,B,,1.718,1.734,0.714,0.668,0.4855,0.4446,3,
WDS_Pitch_Pine_P1,98,126,6,A,,2.088,2.122,0.858,0.832,0.4791,0.4537,3,
WDS_Pitch_Pine_P1,98,126,5,B,,2.306,2.32,0.9,0.858,0.4513,0.4242,3,
WDS_Pitch_Pine_P1,98,126,5,A,,2.506,2.53,1.034,0.99,0.4814,0.4527,3,
WDS_Pitch_Pine_P1,98,126,4,B,,1.718,1.74,0.682,0.66,0.4603,0.4367,3,
WDS_Pitch_Pine_P1,98,126,4,A,,2.548,2.582,1.054,1.028,0.4828,0.4618,3,
WDS_Pitch_Pine_P1,98,126,3,B,,2.198,2.2,0.9,0.788,0.4771,0.4089,3,
WDS_Pitch_Pine_P1,98,126,3,A,,2.47,2.484,1.016,0.892,0.4797,0.4101,3,
WDS_Pitch_Pine_P1,98,126,2,B,,2.026,2.052,0.832,0.812,0.4788,0.4586,3,
WDS_Pitch_Pine_P1,98,126,2,A,,1.836,1.86,0.722,0.702,0.4553,0.4342,3,
WDS_Pitch_Pine_P1,98,126,1,B,,2.3,2.32,0.888,0.828,0.4457,0.4072,3,
WDS_Pitch_Pine_P1,98,126,1,A,,2.134,2.146,0.812,0.772,0.4383,0.4109,3,
WDS_Pitch_Pine_P1,99,126,5,A,,1.67,1.708,0.674,0.612,0.4692,0.4091,3,
WDS_Pitch_Pine_P1,99,126,4,B,,1.374,1.412,0.574,0.54,0.4884,0.4408,3,
WDS_Pitch_Pine_P1,99,126,4,A,,1.718,1.756,0.778,0.746,0.5371,0.4981,3,
WDS_Pitch_Pine_P1,99,126,3,B,,1.94,1.968,0.918,0.85,0.566,0.5079,3,
WDS_Pitch_Pine_P1,99,126,3,A,,1.982,2.018,0.926,0.896,0.5574,0.5247,3,
WDS_Pitch_Pine_P1,99,126,2,B,,1.054,1.074,0.494,0.468,0.5595,0.5132,3,
WDS_Pitch_Pine_P1,99,126,2,A,,1.262,1.28,0.566,0.532,0.531,0.4855,3,
WDS_Pitch_Pine_P1,99,126,1,B,,1.642,1.646,0.838,0.706,0.62,0.5038,3,
WDS_Pitch_Pine_P1,99,126,1,A,,1.474,1.49,0.72,0.64,0.588,0.5046,3,
WDS_Pitch_Pine_P1,99,126,20,B,,2.112,2.172,0.916,0.882,0.5104,0.4725,3,
WDS_Pitch_Pine_P1,99,126,5,B,,1.298,1.336,0.554,0.508,0.5009,0.4379,3,
WDS_Pitch_Pine_P1,99,126,6,A,,1.44,1.46,0.596,0.572,0.4832,0.4533,3,
WDS_Pitch_Pine_P1,99,126,6,B,,1.724,1.748,0.706,0.678,0.4772,0.4481,3,
WDS_Pitch_Pine_P1,99,126,7,A,,1.67,1.702,0.718,0.7,0.5052,0.4796,3,
WDS_Pitch_Pine_P1,99,126,7,B,,1.606,1.63,0.818,0.708,0.6185,0.5113,3,
WDS_Pitch_Pine_P1,99,126,8,A,,1.558,1.598,0.666,0.646,0.5018,0.4701,3,
WDS_Pitch_Pine_P1,99,126,8,B,,2.372,2.41,1.014,0.988,0.5018,0.4778,3,
WDS_Pitch_Pine_P1,99,126,9,A,,1.804,1.828,0.752,0.724,0.4872,0.459,3,
WDS_Pitch_Pine_P1,99,126,9,B,,1.692,1.714,0.75,0.694,0.5237,0.471,3,
WDS_Pitch_Pine_P1,99,126,10,A,,2.68,2.72,1.294,1.258,0.5798,0.5507,3,
WDS_Pitch_Pine_P1,99,126,10,B,,2.482,2.53,1.08,1.048,0.5124,0.4836,3,
WDS_Pitch_Pine_P1,99,126,11,A,,1.28,1.302,0.54,0.524,0.4941,0.4677,3,
WDS_Pitch_Pine_P1,99,126,11,B,,1.16,1.178,0.47,0.45,0.4713,0.4403,3,
WDS_Pitch_Pine_P1,99,126,12,A,,2.292,2.328,0.882,0.844,0.444,0.4146,3,
WDS_Pitch_Pine_P1,99,126,12,B,,2.316,2.35,0.962,0.908,0.4852,0.4461,3,
WDS_Pitch_Pine_P1,99,126,13,A,,2.462,2.502,1.186,1.152,0.5782,0.5478,3,
WDS_Pitch_Pine_P1,99,126,13,B,,2.26,2.292,0.99,0.96,0.5164,0.4899,3,
WDS_Pitch_Pine_P1,99,126,14,A,,1.794,1.838,0.814,0.76,0.5384,0.4826,3,
WDS_Pitch_Pine_P1,99,126,14,B,,1.896,1.928,0.756,0.718,0.4626,0.4276,3,
WDS_Pitch_Pine_P1,99,126,15,A,,2.704,2.744,1.152,1.112,0.4998,0.4714,3,
WDS_Pitch_Pine_P1,99,126,15,B,,3.408,3.478,1.492,1.446,0.5161,0.4857,3,
WDS_Pitch_Pine_P1,99,126,16,A,,2.502,2.56,0.998,0.954,0.4628,0.4279,3,
WDS_Pitch_Pine_P1,99,126,16,B,,3.222,3.294,1.364,1.306,0.4961,0.4596,3,
WDS_Pitch_Pine_P1,99,126,17,A,,2.024,2.026,1.14,0.8,0.6998,0.4574,3,
WDS_Pitch_Pine_P1,99,126,17,B,,2.448,2.49,1.034,0.99,0.4948,0.4611,3,
WDS_Pitch_Pine_P1,99,126,18,A,,1.86,1.902,0.868,0.834,0.5567,0.517,3,
WDS_Pitch_Pine_P1,99,126,18,B,,1.946,1.998,0.916,0.878,0.5624,0.5183,3,
WDS_Pitch_Pine_P1,99,126,19,A,,1.36,1.392,0.648,0.62,0.5707,0.5267,3,
WDS_Pitch_Pine_P1,99,126,19,B,,1.046,1.078,0.482,0.458,0.5483,0.4982,3,
WDS_Pitch_Pine_P1,99,126,20,A,,2.786,2.86,1.24,1.194,0.5262,0.4881,3,
WDS_Virginia_Pine,V-41,132,21,1,,0.536,0.544,0.208,0.2,0.4483,0.4213,3,
WDS_Virginia_Pine,V-41,132,21,2,,0.532,0.542,0.212,0.198,0.4623,0.4182,3,
WDS_Virginia_Pine,V-41,132,21,3,,0.486,0.498,0.2,0.18,0.4799,0.4132,3,
WDS_Virginia_Pine,V-41,132,21,4,,0.54,0.55,0.216,0.2,0.4643,0.416,3,
WDS_Virginia_Pine,V-41,132,21,5,,0.518,0.532,0.206,0.192,0.4612,0.4125,3,
WDS_Virginia_Pine,V-41,132,21,6,,0.494,0.506,0.194,0.17,0.4545,0.3802,3,
WDS_Virginia_Pine,V-41,132,22,1,,0.664,0.676,0.258,0.246,0.449,0.4164,3,
WDS_Virginia_Pine,V-41,132,22,2,,0.696,0.702,0.264,0.248,0.4367,0.4025,3,
WDS_Virginia_Pine,V-41,132,22,3,,0.69,0.696,0.292,0.234,0.4959,0.3805,3,
WDS_Virginia_Pine,V-41,132,22,4,,0.678,0.686,0.26,0.248,0.4422,0.4133,3,
WDS_Virginia_Pine,V-41,132,22,5,,0.712,0.718,0.288,0.268,0.4704,0.4287,3,
WDS_Virginia_Pine,V-41,132,22,6,,0.628,0.632,0.272,0.21,0.5096,0.3755,3,
WDS_Virginia_Pine,V-41,132,23,1,,0.662,0.67,0.228,0.218,0.3911,0.3667,3,
WDS_Virginia_Pine,V-41,132,23,2,,0.68,0.686,0.242,0.23,0.4059,0.3793,3,
WDS_Virginia_Pine,V-41,132,23,3,,0.706,0.712,0.246,0.22,0.3963,0.346,3,
WDS_Virginia_Pine,V-41,132,23,4,,0.574,0.576,0.192,0.182,0.3783,0.3548,3,
WDS_Virginia_Pine,V-41,132,23,5,,0.582,0.59,0.204,0.192,0.399,0.3668,3,
WDS_Virginia_Pine,V-41,132,23,6,,0.57,0.578,0.208,0.182,0.4177,0.3534,3,
WDS_Virginia_Pine,V-41,132,24,1,,0.548,0.552,0.208,0.198,0.437,0.4096,3,
WDS_Virginia_Pine,V-41,132,24,2,,0.55,0.558,0.212,0.198,0.4449,0.4046,3,
WDS_Virginia_Pine,V-41,132,24,3,,0.468,0.472,0.17,0.148,0.4155,0.3518,3,
WDS_Virginia_Pine,V-41,132,24,4,,0.66,0.668,0.226,0.208,0.3885,0.349,3,
WDS_Virginia_Pine,V-41,132,24,5,,0.68,0.688,0.258,0.242,0.4368,0.4005,3,
WDS_Virginia_Pine,V-41,132,24,6,,0.572,0.584,0.238,0.198,0.4862,0.3842,3,
WDS_Virginia_Pine,V-41,132,25,1,,0.39,0.402,0.146,0.144,0.4301,0.409,3,
WDS_Virginia_Pine,V-41,132,25,2,,0.366,0.372,0.118,0.102,0.3629,0.303,3,
WDS_Virginia_Pine,V-41,132,25,3,,0.346,0.352,0.112,0.092,0.3646,0.2874,3,
WDS_Virginia_Pine,V-41,132,25,4,,0.44,0.446,0.17,0.158,0.4461,0.4038,3,
WDS_Virginia_Pine,V-41,132,25,5,,0.404,0.406,0.14,0.126,0.3938,0.3477,3,
WDS_Virginia_Pine,V-41,132,25,6,,0.414,0.422,0.136,0.118,0.3707,0.3096,3,
WDS_Virginia_Pine,V-41,132,6,1,,0.348,0.348,0.126,0.122,0.414,0.399,3,
WDS_Virginia_Pine,V-41,132,6,2,,0.332,0.332,0.118,0.112,0.4053,0.382,3,
WDS_Virginia_Pine,V-41,132,6,3,,0.312,0.312,0.106,0.1,0.3851,0.3605,3,
WDS_Virginia_Pine,V-41,132,6,4,,0.452,0.452,0.158,0.158,0.3977,0.3977,3,
WDS_Virginia_Pine,V-41,132,6,5,,0.39,0.392,0.146,0.138,0.4301,0.4009,3,
WDS_Virginia_Pine,V-41,132,6,6,,0.388,0.386,0.136,0.118,0.399,0.3419,3,
WDS_Virginia_Pine,V-41,132,7,1,,0.324,0.33,0.13,0.126,0.466,0.44,3,
WDS_Virginia_Pine,V-41,132,7,2,,0.438,0.446,0.168,0.162,0.4423,0.4155,3,
WDS_Virginia_Pine,V-41,132,7,3,,0.42,0.428,0.15,0.142,0.4076,0.3749,3,
WDS_Virginia_Pine,V-41,132,7,4,,0.396,0.398,0.148,0.146,0.4293,0.4202,3,
WDS_Virginia_Pine,V-41,132,7,5,,0.398,0.406,0.148,0.14,0.4268,0.3916,3,
WDS_Virginia_Pine,V-41,132,7,6,,0.404,0.412,0.142,0.134,0.4002,0.3665,3,
WDS_Virginia_Pine,V-41,132,8,1,,0.36,0.368,0.126,0.118,0.3983,0.3607,3,
WDS_Virginia_Pine,V-41,132,8,2,,0.43,0.44,0.136,0.13,0.3552,0.3291,3,
WDS_Virginia_Pine,V-41,132,8,3,,0.422,0.432,0.15,0.128,0.4054,0.3302,3,
WDS_Virginia_Pine,V-41,132,8,4,,0.492,0.5,0.176,0.17,0.4083,0.3854,3,
WDS_Virginia_Pine,V-41,132,8,5,,0.498,0.508,0.184,0.166,0.4237,0.3685,3,
WDS_Virginia_Pine,V-41,132,8,6,,0.486,0.49,0.178,0.15,0.4195,0.3424,3,
WDS_Virginia_Pine,V-41,132,9,1,,0.392,0.394,0.148,0.148,0.4344,0.4318,3,
WDS_Virginia_Pine,V-41,132,9,2,,0.452,0.462,0.156,0.15,0.392,0.3658,3,
WDS_Virginia_Pine,V-41,132,9,3,,0.47,0.478,0.148,0.142,0.3534,0.3311,3,
WDS_Virginia_Pine,V-41,132,9,4,,0.412,0.416,0.158,0.15,0.4422,0.412,3,
WDS_Virginia_Pine,V-41,132,9,5,,0.362,0.372,0.132,0.122,0.4174,0.37,3,
WDS_Virginia_Pine,V-41,132,9,6,,0.356,0.362,0.118,0.108,0.3745,0.3327,3,
WDS_Virginia_Pine,V-41,132,10,1,,0.462,0.468,0.166,0.15,0.4104,0.3605,3,
WDS_Virginia_Pine,V-41,132,10,2,,0.488,0.5,0.166,0.156,0.3856,0.3498,3,
WDS_Virginia_Pine,V-41,132,10,3,,0.462,0.468,0.156,0.14,0.3824,0.3337,3,
WDS_Virginia_Pine,V-41,132,10,4,,0.63,0.64,0.222,0.218,0.4014,0.3862,3,
WDS_Virginia_Pine,V-41,132,10,5,,0.6,0.61,0.214,0.196,0.4069,0.3616,3,
WDS_Virginia_Pine,V-41,132,10,6,,0.588,0.596,0.216,0.182,0.4209,0.3415,3,
WDS_Virginia_Pine,V-41,132,11,1,,0.398,0.404,0.164,0.132,0.4807,0.3684,3,
WDS_Virginia_Pine,V-41,132,11,2,,0.422,0.436,0.164,0.15,0.4491,0.3906,3,
WDS_Virginia_Pine,V-41,132,11,3,,0.412,0.422,0.146,0.128,0.404,0.3389,3,
WDS_Virginia_Pine,V-41,132,11,4,,0.388,0.4,0.156,0.15,0.4671,0.431,3,
WDS_Virginia_Pine,V-41,132,11,5,,0.396,0.406,0.15,0.14,0.436,0.3916,3,
WDS_Virginia_Pine,V-41,132,11,6,,0.334,0.346,0.112,0.1,0.3794,0.3212,3,
WDS_Virginia_Pine,V-41,132,12,1,,0.522,0.528,0.2,0.19,0.4418,0.4111,3,
WDS_Virginia_Pine,V-41,132,12,2,,0.548,0.556,0.202,0.19,0.4226,0.3876,3,
WDS_Virginia_Pine,V-41,132,12,3,,0.546,0.552,0.232,0.186,0.4982,0.3815,3,
WDS_Virginia_Pine,V-41,132,12,4,,0.508,0.518,0.202,0.19,0.4612,0.4202,3,
WDS_Virginia_Pine,V-41,132,12,5,,0.474,0.482,0.182,0.17,0.4429,0.4018,3,
WDS_Virginia_Pine,V-41,132,12,6,,0.464,0.472,0.186,0.152,0.4655,0.3625,3,
WDS_Virginia_Pine,V-41,132,13,1,,0.676,0.692,0.274,0.262,0.4715,0.4358,3,
WDS_Virginia_Pine,V-41,132,13,2,,0.708,0.722,0.292,0.278,0.4812,0.4443,3,
WDS_Virginia_Pine,V-41,132,13,3,,0.738,0.746,0.296,0.268,0.4658,0.4103,3,
WDS_Virginia_Pine,V-41,132,13,4,,0.514,0.528,0.2,0.192,0.4497,0.416,3,
WDS_Virginia_Pine,V-41,132,13,5,,0.472,0.486,0.182,0.17,0.445,0.398,3,
WDS_Virginia_Pine,V-41,132,13,6,,0.484,0.498,0.17,0.162,0.3999,0.3666,3,
WDS_Virginia_Pine,V-41,132,14,1,,0.84,0.85,0.33,0.318,0.4547,0.4298,3,
WDS_Virginia_Pine,V-41,132,14,2,,0.662,0.678,0.256,0.24,0.4465,0.4035,3,
WDS_Virginia_Pine,V-41,132,14,3,,0.638,0.648,0.226,0.218,0.4038,0.3808,3,
WDS_Virginia_Pine,V-41,132,14,4,,0.66,0.666,0.254,0.24,0.444,0.4118,3,
WDS_Virginia_Pine,V-41,132,14,5,,0.612,0.618,0.228,0.218,0.4278,0.4019,3,
WDS_Virginia_Pine,V-41,132,14,6,,0.658,0.672,0.238,0.228,0.4135,0.3845,3,
WDS_Virginia_Pine,V-41,132,15,1,,0.6,0.61,0.22,0.21,0.42,0.3909,3,
WDS_Virginia_Pine,V-41,132,15,2,,0.628,0.636,0.224,0.206,0.407,0.3648,3,
WDS_Virginia_Pine,V-41,132,15,3,,0.55,0.554,0.214,0.164,0.4497,0.3299,3,
WDS_Virginia_Pine,V-41,132,15,4,,0.738,0.75,0.268,0.26,0.4154,0.394,3,
WDS_Virginia_Pine,V-41,132,15,5,,0.752,0.766,0.292,0.266,0.4486,0.3947,3,
WDS_Virginia_Pine,V-41,132,15,6,,0.746,0.756,0.312,0.238,0.4891,0.3533,3,
WDS_Virginia_Pine,V-41,132,16,1,,0.448,0.456,0.164,0.154,0.4192,0.3825,3,
WDS_Virginia_Pine,V-41,132,16,2,,0.438,0.448,0.15,0.144,0.3886,0.3617,3,
WDS_Virginia_Pine,V-41,132,16,3,,0.478,0.488,0.178,0.148,0.4275,0.3389,3,
WDS_Virginia_Pine,V-41,132,16,4,,0.524,0.528,0.188,0.18,0.4097,0.3866,3,
WDS_Virginia_Pine,V-41,132,16,5,,0.514,0.524,0.19,0.18,0.4239,0.3899,3,
WDS_Virginia_Pine,V-41,132,16,6,,0.502,0.508,0.214,0.16,0.5002,0.3535,3,
WDS_Virginia_Pine,V-41,132,17,1,,0.382,0.39,0.128,0.118,0.3791,0.338,3,
WDS_Virginia_Pine,V-41,132,17,2,,0.352,0.364,0.118,0.108,0.3793,0.3307,3,
WDS_Virginia_Pine,V-41,132,17,3,,0.382,0.394,0.124,0.112,0.3657,0.3153,3,
WDS_Virginia_Pine,V-41,132,17,4,,0.352,0.364,0.12,0.112,0.3866,0.3444,3,
WDS_Virginia_Pine,V-41,132,17,5,,0.424,0.438,0.14,0.134,0.3728,0.3422,3,
WDS_Virginia_Pine,V-41,132,17,6,,0.388,0.404,0.128,0.112,0.3725,0.3067,3,
WDS_Virginia_Pine,V-41,132,18,1,,0.482,0.492,0.192,0.18,0.4621,0.4189,3,
WDS_Virginia_Pine,V-41,132,18,2,,0.458,0.468,0.182,0.18,0.4608,0.4437,3,
WDS_Virginia_Pine,V-41,132,18,3,,0.514,0.522,0.202,0.184,0.4549,0.4015,3,
WDS_Virginia_Pine,V-41,132,18,4,,0.512,0.52,0.202,0.198,0.457,0.4386,3,
WDS_Virginia_Pine,V-41,132,18,5,,0.472,0.486,0.188,0.182,0.4621,0.4303,3,
WDS_Virginia_Pine,V-41,132,18,6,,0.46,0.47,0.182,0.172,0.4585,0.4191,3,
WDS_Virginia_Pine,V-41,132,19,1,,0.526,0.54,0.222,0.22,0.4943,0.4744,3,
WDS_Virginia_Pine,V-41,132,19,2,,0.524,0.536,0.218,0.206,0.4861,0.4434,3,
WDS_Virginia_Pine,V-41,132,19,3,,0.582,0.598,0.262,0.23,0.5333,0.4437,3,
WDS_Virginia_Pine,V-41,132,19,4,,0.498,0.51,0.206,0.196,0.4828,0.4433,3,
WDS_Virginia_Pine,V-41,132,19,5,,0.5,0.514,0.218,0.202,0.5136,0.4549,3,
WDS_Virginia_Pine,V-41,132,19,6,,0.49,0.502,0.236,0.198,0.5781,0.4568,3,
WDS_Virginia_Pine,V-41,132,20,1,,0.342,0.352,0.14,0.13,0.477,0.4235,3,
WDS_Virginia_Pine,V-41,132,20,2,,0.426,0.434,0.164,0.156,0.4442,0.4106,3,
WDS_Virginia_Pine,V-41,132,20,3,,0.466,0.476,0.168,0.15,0.412,0.3537,3,
WDS_Virginia_Pine,V-41,132,20,4,,0.546,0.56,0.22,0.204,0.4683,0.4169,3,
WDS_Virginia_Pine,V-41,132,20,5,,0.58,0.592,0.228,0.214,0.4551,0.4132,3,
WDS_Virginia_Pine,V-41,132,20,6,,0.536,0.548,0.202,0.184,0.4335,0.38,3,
WDS_Virginia_Pine,V-41,132,1,1,,0.578,0.578,0.222,0.212,0.443,0.4202,3,
WDS_Virginia_Pine,V-41,132,1,2,,0.594,0.592,0.226,0.216,0.4382,0.4177,3,
WDS_Virginia_Pine,V-41,132,1,3,,0.556,0.55,0.218,0.192,0.4537,0.3971,3,
WDS_Virginia_Pine,V-41,132,1,4,,0.55,0.542,0.192,0.188,0.3971,0.3942,3,
WDS_Virginia_Pine,V-41,132,1,5,,0.522,0.512,0.186,0.178,0.4065,0.3953,3,
WDS_Virginia_Pine,V-41,132,1,6,,0.508,0.504,0.178,0.162,0.3988,0.3617,3,
WDS_Virginia_Pine,V-41,132,2,1,,0.492,0.488,0.18,0.172,0.4189,0.4015,3,
WDS_Virginia_Pine,V-41,132,2,2,,0.47,0.464,0.18,0.17,0.4416,0.4196,3,
WDS_Virginia_Pine,V-41,132,2,3,,0.44,0.43,0.148,0.13,0.3807,0.3377,3,
WDS_Virginia_Pine,V-41,132,2,4,,0.78,0.77,0.312,0.3,0.4643,0.4504,3,
WDS_Virginia_Pine,V-41,132,2,5,,0.752,0.75,0.294,0.28,0.4522,0.4288,3,
WDS_Virginia_Pine,V-41,132,2,6,,0.722,0.72,0.278,0.248,0.4443,0.3911,3,
WDS_Virginia_Pine,V-41,132,3,1,,0.562,0.558,0.2,0.192,0.4059,0.3906,3,
WDS_Virginia_Pine,V-41,132,3,2,,0.57,0.564,0.178,0.168,0.3502,0.3321,3,
WDS_Virginia_Pine,V-41,132,3,3,,0.586,0.58,0.198,0.188,0.3827,0.3651,3,
WDS_Virginia_Pine,V-41,132,3,4,,0.876,0.87,0.324,0.314,0.4242,0.4125,3,
WDS_Virginia_Pine,V-41,132,3,5,,0.796,0.798,0.284,0.272,0.4071,0.3865,3,
WDS_Virginia_Pine,V-41,132,3,6,,0.78,0.778,0.288,0.262,0.4234,0.3812,3,
WDS_Virginia_Pine,V-41,132,4,1,,0.55,0.542,0.212,0.206,0.4449,0.4377,3,
WDS_Virginia_Pine,V-41,132,4,2,,0.558,0.552,0.202,0.196,0.4139,0.4049,3,
WDS_Virginia_Pine,V-41,132,4,3,,0.564,0.56,0.232,0.204,0.4797,0.4169,3,
WDS_Virginia_Pine,V-41,132,4,4,,0.576,0.578,0.228,0.212,0.4587,0.4202,3,
WDS_Virginia_Pine,V-41,132,4,5,,0.648,0.646,0.258,0.24,0.4618,0.4264,3,
WDS_Virginia_Pine,V-41,132,4,6,,0.628,0.624,0.254,0.226,0.4704,0.4141,3,
WDS_Virginia_Pine,V-41,132,5,1,,0.454,0.45,0.168,0.16,0.4245,0.4055,3,
WDS_Virginia_Pine,V-41,132,5,2,,0.476,0.472,0.17,0.162,0.4076,0.3895,3,
WDS_Virginia_Pine,V-41,132,5,3,,0.486,0.48,0.218,0.162,0.5311,0.3822,3,
WDS_Virginia_Pine,V-41,132,5,4,,0.508,0.504,0.178,0.174,0.3988,0.3921,3,
WDS_Virginia_Pine,V-41,132,5,5,,0.504,0.502,0.186,0.17,0.4231,0.3837,3,
WDS_Virginia_Pine,V-41,132,5,6,,0.518,0.514,0.222,0.168,0.5033,0.3686,3,
WDS_Virginia_Pine,V-42,132,15,2,,0.468,0.468,0.19,0.182,0.4724,0.4494,3,
WDS_Virginia_Pine,V-42,132,25,6,,0.344,0.352,0.114,0.112,0.3744,0.3576,3,
WDS_Virginia_Pine,V-42,132,25,5,,0.338,0.342,0.126,0.124,0.4281,0.4147,3,
WDS_Virginia_Pine,V-42,132,25,4,,0.362,0.372,0.134,0.132,0.4246,0.4046,3,
WDS_Virginia_Pine,V-42,132,25,3,,0.304,0.312,0.102,0.1,0.3797,0.3605,3,
WDS_Virginia_Pine,V-42,132,25,2,,0.35,0.358,0.138,0.136,0.4567,0.4375,3,
WDS_Virginia_Pine,V-42,132,25,1,,0.352,0.362,0.134,0.134,0.4385,0.4246,3,
WDS_Virginia_Pine,V-42,132,24,6,,0.7,0.708,0.284,0.268,0.4721,0.4357,3,
WDS_Virginia_Pine,V-42,132,24,5,,0.73,0.738,0.296,0.278,0.4717,0.4332,3,
WDS_Virginia_Pine,V-42,132,24,4,,0.76,0.776,0.298,0.28,0.4537,0.4124,3,
WDS_Virginia_Pine,V-42,132,24,3,,0.924,0.932,0.384,0.364,0.4855,0.4517,3,
WDS_Virginia_Pine,V-42,132,24,2,,0.936,0.952,0.4,0.388,0.5016,0.4746,3,
WDS_Virginia_Pine,V-42,132,24,1,,0.95,0.966,0.412,0.398,0.5104,0.4806,3,
WDS_Virginia_Pine,V-42,132,23,6,,0.314,0.324,0.122,0.112,0.449,0.3927,3,
WDS_Virginia_Pine,V-42,132,23,5,,0.348,0.358,0.144,0.14,0.483,0.4523,3,
WDS_Virginia_Pine,V-42,132,23,4,,0.368,0.378,0.146,0.142,0.46,0.4319,3,
WDS_Virginia_Pine,V-42,132,23,3,,0.502,0.51,0.2,0.194,0.4622,0.4381,3,
WDS_Virginia_Pine,V-42,132,23,2,,0.526,0.532,0.216,0.21,0.4787,0.4573,3,
WDS_Virginia_Pine,V-42,132,23,1,,0.51,0.52,0.216,0.208,0.4964,0.4643,3,
WDS_Virginia_Pine,V-42,132,22,6,,0.716,0.724,0.266,0.25,0.4264,0.3922,3,
WDS_Virginia_Pine,V-42,132,22,5,,0.73,0.74,0.29,0.28,0.4607,0.4355,3,
WDS_Virginia_Pine,V-42,132,22,4,,0.726,0.732,0.29,0.28,0.4636,0.4409,3,
WDS_Virginia_Pine,V-42,132,22,3,,0.546,0.548,0.246,0.218,0.5339,0.4614,3,
WDS_Virginia_Pine,V-42,132,22,2,,0.538,0.552,0.268,0.256,0.602,0.5525,3,
WDS_Virginia_Pine,V-42,132,22,1,,0.524,0.538,0.208,0.204,0.4602,0.4365,3,
WDS_Virginia_Pine,V-42,132,21,6,,0.53,0.544,0.166,0.162,0.3513,0.332,3,
WDS_Virginia_Pine,V-42,132,21,5,,0.542,0.55,0.174,0.174,0.3612,0.3553,3,
WDS_Virginia_Pine,V-42,132,21,4,,0.554,0.56,0.17,0.17,0.3434,0.3392,3,
WDS_Virginia_Pine,V-42,132,21,3,,0.67,0.678,0.24,0.228,0.409,0.3806,3,
WDS_Virginia_Pine,V-42,132,21,2,,0.672,0.672,0.234,0.232,0.396,0.3921,3,
WDS_Virginia_Pine,V-42,132,21,1,,0.7,0.702,0.238,0.236,0.3854,0.3805,3,
WDS_Virginia_Pine,V-42,132,20,6,,0.6,0.604,0.196,0.194,0.3683,0.3614,3,
WDS_Virginia_Pine,V-42,132,20,5,,0.582,0.59,0.194,0.194,0.3768,0.3711,3,
WDS_Virginia_Pine,V-42,132,20,4,,0.62,0.62,0.206,0.202,0.3755,0.3673,3,
WDS_Virginia_Pine,V-42,132,20,3,,0.858,0.866,0.314,0.292,0.4191,0.3818,3,
WDS_Virginia_Pine,V-42,132,20,2,,0.858,0.87,0.336,0.32,0.4531,0.4215,3,
WDS_Virginia_Pine,V-42,132,20,1,,0.91,0.924,0.346,0.33,0.4379,0.4076,3,
WDS_Virginia_Pine,V-42,132,19,6,,0.466,0.468,0.18,0.158,0.4459,0.3823,3,
WDS_Virginia_Pine,V-42,132,19,5,,0.47,0.472,0.17,0.16,0.4135,0.3841,3,
WDS_Virginia_Pine,V-42,132,19,4,,0.532,0.544,0.19,0.182,0.4076,0.3784,3,
WDS_Virginia_Pine,V-42,132,19,3,,0.65,0.66,0.278,0.24,0.5021,0.416,3,
WDS_Virginia_Pine,V-42,132,19,2,,0.654,0.656,0.25,0.236,0.4406,0.411,3,
WDS_Virginia_Pine,V-42,132,19,1,,0.614,0.622,0.226,0.212,0.4219,0.3865,3,
WDS_Virginia_Pine,V-42,132,18,6,,0.456,0.458,0.166,0.154,0.4166,0.3806,3,
WDS_Virginia_Pine,V-42,132,18,5,,0.48,0.486,0.19,0.182,0.4587,0.4303,3,
WDS_Virginia_Pine,V-42,132,18,4,,0.49,0.496,0.198,0.182,0.4698,0.4204,3,
WDS_Virginia_Pine,V-42,132,18,3,,0.452,0.452,0.166,0.156,0.4208,0.392,3,
WDS_Virginia_Pine,V-42,132,18,2,,0.47,0.478,0.192,0.184,0.4758,0.4442,3,
WDS_Virginia_Pine,V-42,132,18,1,,0.434,0.44,0.174,0.162,0.4656,0.422,3,
WDS_Virginia_Pine,V-42,132,17,6,,0.8,0.804,0.28,0.268,0.3983,0.3768,3,
WDS_Virginia_Pine,V-42,132,17,5,,0.818,0.822,0.304,0.294,0.4266,0.4082,3,
WDS_Virginia_Pine,V-42,132,17,4,,0.834,0.846,0.368,0.35,0.5209,0.4829,3,
WDS_Virginia_Pine,V-42,132,17,3,,0.51,0.514,0.17,0.162,0.3768,0.3538,3,
WDS_Virginia_Pine,V-42,132,17,2,,0.524,0.53,0.19,0.182,0.4147,0.3898,3,
WDS_Virginia_Pine,V-42,132,17,1,,0.542,0.542,0.2,0.188,0.4231,0.3942,3,
WDS_Virginia_Pine,V-42,132,16,6,,0.42,0.42,0.154,0.148,0.42,0.4014,3,
WDS_Virginia_Pine,V-42,132,16,5,,0.41,0.41,0.158,0.152,0.4447,0.4254,3,
WDS_Virginia_Pine,V-42,132,16,4,,0.434,0.432,0.174,0.164,0.4656,0.4371,3,
WDS_Virginia_Pine,V-42,132,16,3,,0.61,0.612,0.246,0.234,0.4688,0.4407,3,
WDS_Virginia_Pine,V-42,132,16,2,,0.608,0.618,0.252,0.24,0.484,0.4487,3,
WDS_Virginia_Pine,V-42,132,16,1,,0.624,0.502,0.27,0.258,0.509,0.6253,3,
WDS_Virginia_Pine,V-42,132,15,6,,0.443,0.438,0.158,0.148,0.4069,0.3827,3,
WDS_Virginia_Pine,V-42,132,15,5,,0.448,0.45,0.188,0.17,0.491,0.4347,3,
WDS_Virginia_Pine,V-42,132,15,4,,0.416,0.42,0.164,0.158,0.4566,0.4326,3,
WDS_Virginia_Pine,V-42,132,15,3,,0.438,0.438,0.16,0.15,0.4182,0.3886,3,
WDS_Virginia_Pine,V-42,132,15,1,,0.468,0.472,0.196,0.186,0.4899,0.4564,3,
WDS_Virginia_Pine,V-42,132,14,6,,0.394,0.39,0.154,0.138,0.4521,0.4033,3,
WDS_Virginia_Pine,V-42,132,14,5,,0.398,0.402,0.146,0.14,0.4202,0.396,3,
WDS_Virginia_Pine,V-42,132,14,4,,0.408,0.4,0.144,0.138,0.4021,0.3918,3,
WDS_Virginia_Pine,V-42,132,14,3,,0.476,0.478,0.188,0.174,0.4576,0.4165,3,
WDS_Virginia_Pine,V-42,132,14,2,,0.452,0.454,0.164,0.164,0.415,0.4129,3,
WDS_Virginia_Pine,V-42,132,14,1,,0.46,0.458,0.18,0.172,0.4527,0.4317,3,
WDS_Virginia_Pine,V-42,132,13,6,,0.47,0.48,0.174,0.17,0.4247,0.4037,3,
WDS_Virginia_Pine,V-42,132,13,5,,0.476,0.472,0.182,0.18,0.4407,0.4394,3,
WDS_Virginia_Pine,V-42,132,13,4,,0.444,0.442,0.16,0.154,0.4118,0.3962,3,
WDS_Virginia_Pine,V-42,132,13,3,,0.678,0.684,0.262,0.25,0.4462,0.4185,3,
WDS_Virginia_Pine,V-42,132,13,2,,0.68,0.424,0.282,0.274,0.4843,0.8326,3,
WDS_Virginia_Pine,V-42,132,13,1,,0.692,0.692,0.272,0.264,0.455,0.4396,3,
WDS_Virginia_Pine,V-42,132,12,6,,0.398,0.398,0.124,0.118,0.3493,0.3304,3,
WDS_Virginia_Pine,V-42,132,12,5,,0.412,0.418,0.14,0.14,0.3851,0.3789,3,
WDS_Virginia_Pine,V-42,132,12,4,,0.398,0.402,0.136,0.13,0.3876,0.3642,3,
WDS_Virginia_Pine,V-42,132,12,3,,0.618,0.612,0.21,0.2,0.3851,0.3685,3,
WDS_Virginia_Pine,V-42,132,12,2,,0.606,0.604,0.222,0.22,0.4196,0.4168,3,
WDS_Virginia_Pine,V-42,132,12,1,,0.616,0.632,0.242,0.238,0.4547,0.4331,3,
WDS_Virginia_Pine,V-42,132,11,6,,0.52,0.522,0.2,0.178,0.4437,0.3867,3,
WDS_Virginia_Pine,V-42,132,11,5,,0.548,0.552,0.216,0.206,0.4565,0.4286,3,
WDS_Virginia_Pine,V-42,132,11,4,,0.52,0.532,0.22,0.212,0.4957,0.4623,3,
WDS_Virginia_Pine,V-42,132,11,3,,0.406,0.41,0.146,0.14,0.4108,0.3873,3,
WDS_Virginia_Pine,V-42,132,11,2,,0.418,0.422,0.162,0.156,0.4477,0.424,3,
WDS_Virginia_Pine,V-42,132,11,1,,0.41,0.422,0.17,0.164,0.4842,0.4491,3,
WDS_Virginia_Pine,V-42,132,10,6,,0.612,0.618,0.212,0.208,0.3936,0.381,3,
WDS_Virginia_Pine,V-42,132,10,5,,0.616,0.624,0.214,0.208,0.3949,0.3768,3,
WDS_Virginia_Pine,V-42,132,10,4,,0.63,0.632,0.216,0.208,0.3891,0.3715,3,
WDS_Virginia_Pine,V-42,132,10,3,,0.728,0.726,0.252,0.244,0.3933,0.3804,3,
WDS_Virginia_Pine,V-42,132,10,2,,0.726,0.728,0.262,0.258,0.4124,0.404,3,
WDS_Virginia_Pine,V-42,132,10,1,,0.73,0.732,0.252,0.24,0.3921,0.3699,3,
WDS_Virginia_Pine,V-42,132,9,6,,0.426,0.438,0.132,0.128,0.3471,0.3252,3,
WDS_Virginia_Pine,V-42,132,9,5,,0.448,0.462,0.16,0.152,0.4076,0.3713,3,
WDS_Virginia_Pine,V-42,132,9,4,,0.446,0.458,0.16,0.158,0.4097,0.3918,3,
WDS_Virginia_Pine,V-42,132,9,3,,0.358,0.37,0.112,0.108,0.3509,0.3247,3,
WDS_Virginia_Pine,V-42,132,9,2,,0.376,0.38,0.126,0.124,0.3791,0.3679,3,
WDS_Virginia_Pine,V-42,132,9,1,,0.37,0.38,0.124,0.122,0.3792,0.3612,3,
WDS_Virginia_Pine,V-42,132,8,6,,0.822,0.82,0.3,0.274,0.4178,0.3779,3,
WDS_Virginia_Pine,V-42,132,8,5,,0.83,0.836,0.31,0.3,0.429,0.4098,3,
WDS_Virginia_Pine,V-42,132,8,4,,0.814,0.832,0.292,0.282,0.4096,0.384,3,
WDS_Virginia_Pine,V-42,132,8,3,,0.61,0.618,0.218,0.19,0.4079,0.3441,3,
WDS_Virginia_Pine,V-42,132,8,2,,0.63,0.638,0.236,0.218,0.4305,0.3876,3,
WDS_Virginia_Pine,V-42,132,8,1,,0.604,0.62,0.222,0.218,0.4212,0.4004,3,
WDS_Virginia_Pine,V-42,132,7,6,,0.366,0.374,0.124,0.114,0.3838,0.3408,3,
WDS_Virginia_Pine,V-42,132,7,5,,0.386,0.392,0.14,0.14,0.4148,0.4076,3,
WDS_Virginia_Pine,V-42,132,7,4,,0.402,0.4,0.152,0.142,0.4351,0.4048,3,
WDS_Virginia_Pine,V-42,132,7,3,,0.344,0.35,0.116,0.11,0.3818,0.3527,3,
WDS_Virginia_Pine,V-42,132,7,2,,0.334,0.342,0.124,0.122,0.426,0.407,3,
WDS_Virginia_Pine,V-42,132,7,1,,0.366,0.374,0.142,0.138,0.4482,0.4231,3,
WDS_Virginia_Pine,V-42,132,6,6,,0.854,0.862,0.334,0.318,0.4524,0.423,3,
WDS_Virginia_Pine,V-42,132,6,5,,0.87,0.88,0.332,0.32,0.4397,0.416,3,
WDS_Virginia_Pine,V-42,132,6,4,,0.872,0.882,0.322,0.308,0.4234,0.3973,3,
WDS_Virginia_Pine,V-42,132,6,3,,0.968,0.966,0.44,0.36,0.5395,0.4279,3,
WDS_Virginia_Pine,V-42,132,6,2,,0.972,0.978,0.398,0.376,0.4771,0.4435,3,
WDS_Virginia_Pine,V-42,132,6,1,,0.97,0.882,0.352,0.342,0.4151,0.4479,3,
WDS_Virginia_Pine,V-42,132,5,6,,0.6,0.602,0.208,0.202,0.394,0.3797,3,
WDS_Virginia_Pine,V-42,132,5,5,,0.622,0.63,0.25,0.242,0.4669,0.4431,3,
WDS_Virginia_Pine,V-42,132,5,4,,0.594,0.602,0.214,0.21,0.4116,0.3968,3,
WDS_Virginia_Pine,V-42,132,5,3,,0.792,0.798,0.284,0.272,0.4094,0.3865,3,
WDS_Virginia_Pine,V-42,132,5,2,,0.808,0.806,0.338,0.302,0.4892,0.4306,3,
WDS_Virginia_Pine,V-42,132,5,1,,0.828,0.832,0.324,0.318,0.4527,0.4405,3,
WDS_Virginia_Pine,V-42,132,4,6,,0.752,0.752,0.278,0.27,0.424,0.41,3,
WDS_Virginia_Pine,V-42,132,4,5,,0.766,0.768,0.298,0.29,0.4496,0.4344,3,
WDS_Virginia_Pine,V-42,132,4,4,,0.77,0.774,0.284,0.272,0.4229,0.4001,3,
WDS_Virginia_Pine,V-42,132,4,3,,1.01,1.004,0.402,0.382,0.4617,0.4382,3,
WDS_Virginia_Pine,V-42,132,4,2,,1.04,1.04,0.418,0.41,0.4669,0.4566,3,
WDS_Virginia_Pine,V-42,132,4,1,,1.064,1.07,0.41,0.4,0.4447,0.4294,3,
WDS_Virginia_Pine,V-42,132,3,6,,0.884,0.88,0.388,0.36,0.5176,0.4766,3,
WDS_Virginia_Pine,V-42,132,3,5,,0.888,0.898,0.4,0.382,0.5337,0.4989,3,
WDS_Virginia_Pine,V-42,132,3,4,,0.84,0.85,0.34,0.33,0.4708,0.4486,3,
WDS_Virginia_Pine,V-42,132,3,3,,1.044,1.046,0.442,0.402,0.4961,0.4433,3,
WDS_Virginia_Pine,V-42,132,3,2,,0.762,0.768,0.306,0.302,0.4665,0.4552,3,
WDS_Virginia_Pine,V-42,132,3,1,,0.746,0.754,0.308,0.3,0.4818,0.4615,3,
WDS_Virginia_Pine,V-42,132,2,6,,0.388,0.392,0.146,0.134,0.4327,0.3878,3,
WDS_Virginia_Pine,V-42,132,2,5,,0.418,0.422,0.164,0.164,0.4541,0.4491,3,
WDS_Virginia_Pine,V-42,132,2,4,,0.422,0.424,0.162,0.158,0.4428,0.4279,3,
WDS_Virginia_Pine,V-42,132,2,3,,0.48,0.482,0.178,0.172,0.4255,0.4072,3,
WDS_Virginia_Pine,V-42,132,2,2,,0.454,0.458,0.178,0.172,0.4537,0.4317,3,
WDS_Virginia_Pine,V-42,132,2,1,,0.482,0.482,0.198,0.196,0.4789,0.4733,3,
WDS_Virginia_Pine,V-42,132,1,6,,0.904,0.9,0.384,0.318,0.4981,0.4026,3,
WDS_Virginia_Pine,V-42,132,1,5,,0.96,0.958,0.392,0.364,0.4756,0.4375,3,
WDS_Virginia_Pine,V-42,132,1,4,,0.952,0.954,0.35,0.34,0.4213,0.4066,3,
WDS_Virginia_Pine,V-42,132,1,3,,1.128,1.122,0.458,0.396,0.4725,0.4021,3,
WDS_Virginia_Pine,V-42,132,1,2,,1.14,1.14,0.448,0.42,0.4549,0.4223,3,
WDS_Virginia_Pine,V-42,132,1,1,,1.138,1.14,0.442,0.428,0.4488,0.4316,3,
WDS_Virginia_Pine,V-43,132,15,5,,0.38,0.378,0.18,0.172,0.5667,0.5402,3,
WDS_Virginia_Pine,V-43,132,15,6,,0.37,0.37,0.182,0.166,0.5929,0.5312,3,
WDS_Virginia_Pine,V-43,132,16,1,,0.988,0.986,0.448,0.428,0.5379,0.5109,3,
WDS_Virginia_Pine,V-43,132,16,2,,0.968,0.964,0.414,0.376,0.5021,0.451,3,
WDS_Virginia_Pine,V-43,132,16,3,,0.95,0.946,0.406,0.346,0.5016,0.4188,3,
WDS_Virginia_Pine,V-43,132,16,4,,0.932,0.938,0.428,0.41,0.5461,0.5151,3,
WDS_Virginia_Pine,V-43,132,16,5,,0.928,0.928,0.412,0.386,0.5247,0.486,3,
WDS_Virginia_Pine,V-43,132,16,6,,0.856,0.85,0.36,0.308,0.4923,0.4144,3,
WDS_Virginia_Pine,V-43,132,17,1,,0.612,0.618,0.268,0.252,0.5162,0.4748,3,
WDS_Virginia_Pine,V-43,132,17,2,,0.598,0.594,0.252,0.234,0.4934,0.4562,3,
WDS_Virginia_Pine,V-43,132,17,3,,0.57,0.57,0.248,0.208,0.5123,0.4177,3,
WDS_Virginia_Pine,V-43,132,17,4,,0.808,0.81,0.36,0.344,0.5269,0.4979,3,
WDS_Virginia_Pine,V-43,132,17,5,,0.822,0.824,0.372,0.342,0.5367,0.4847,3,
WDS_Virginia_Pine,V-43,132,17,6,,0.798,0.79,0.368,0.306,0.5488,0.4474,3,
WDS_Virginia_Pine,V-43,132,18,1,,0.688,0.69,0.298,0.282,0.5096,0.4761,3,
WDS_Virginia_Pine,V-43,132,18,2,,0.698,0.694,0.268,0.252,0.4429,0.4154,3,
WDS_Virginia_Pine,V-43,132,18,3,,0.666,0.656,0.242,0.216,0.4157,0.3717,3,
WDS_Virginia_Pine,V-43,132,18,4,,0.828,0.828,0.368,0.35,0.5253,0.4952,3,
WDS_Virginia_Pine,V-43,132,18,5,,0.806,0.802,0.312,0.296,0.447,0.4232,3,
WDS_Virginia_Pine,V-43,132,18,6,,0.814,0.816,0.302,0.274,0.4257,0.38,3,
WDS_Virginia_Pine,V-43,132,19,1,,0.888,0.882,0.382,0.368,0.5055,0.4877,3,
WDS_Virginia_Pine,V-43,132,19,2,,0.82,0.812,0.354,0.32,0.5076,0.4564,3,
WDS_Virginia_Pine,V-43,132,19,3,,0.826,0.818,0.29,0.256,0.3997,0.351,3,
WDS_Virginia_Pine,V-43,132,19,4,,0.734,0.736,0.338,0.322,0.5479,0.5156,3,
WDS_Virginia_Pine,V-43,132,19,5,,0.71,0.708,0.32,0.288,0.5341,0.4735,3,
WDS_Virginia_Pine,V-43,132,19,6,,0.684,0.682,0.234,0.214,0.3881,0.352,3,
WDS_Virginia_Pine,V-43,132,20,1,,0.754,0.754,0.31,0.298,0.4794,0.4579,3,
WDS_Virginia_Pine,V-43,132,20,2,,0.718,0.718,0.288,0.274,0.4658,0.4397,3,
WDS_Virginia_Pine,V-43,132,20,3,,0.702,0.702,0.274,0.258,0.4513,0.4211,3,
WDS_Virginia_Pine,V-43,132,20,4,,1.194,1.198,0.508,0.488,0.499,0.4743,3,
WDS_Virginia_Pine,V-43,132,5,6,,0.62,0.622,0.206,0.198,0.3755,0.3578,3,
WDS_Virginia_Pine,V-43,132,6,1,,0.83,0.838,0.364,0.354,0.5171,0.4948,3,
WDS_Virginia_Pine,V-43,132,6,2,,0.832,0.834,0.334,0.328,0.4663,0.4553,3,
WDS_Virginia_Pine,V-43,132,6,3,,0.824,0.828,0.282,0.276,0.3883,0.3768,3,
WDS_Virginia_Pine,V-43,132,20,6,,1.15,1.154,0.488,0.452,0.4975,0.4532,3,
WDS_Virginia_Pine,V-43,132,6,4,,0.954,0.958,0.416,0.402,0.5136,0.491,3,
WDS_Virginia_Pine,V-43,132,6,5,,0.92,0.932,0.372,0.36,0.4702,0.4459,3,
WDS_Virginia_Pine,V-43,132,6,6,,0.92,0.922,0.306,0.298,0.3759,0.364,3,
WDS_Virginia_Pine,V-43,132,7,1,,0.47,0.476,0.22,0.212,0.5587,0.5266,3,
WDS_Virginia_Pine,V-43,132,7,2,,0.5,0.502,0.218,0.21,0.5136,0.4892,3,
WDS_Virginia_Pine,V-43,132,7,3,,0.486,0.492,0.238,0.216,0.5898,0.5178,3,
WDS_Virginia_Pine,V-43,132,7,4,,0.64,0.65,0.29,0.278,0.5375,0.5021,3,
WDS_Virginia_Pine,V-43,132,7,5,,0.63,0.636,0.268,0.258,0.4989,0.472,3,
WDS_Virginia_Pine,V-43,132,7,6,,0.662,0.668,0.308,0.29,0.5546,0.511,3,
WDS_Virginia_Pine,V-43,132,8,1,,0.67,0.672,0.29,0.278,0.5092,0.4829,3,
WDS_Virginia_Pine,V-43,132,8,2,,0.65,0.654,0.276,0.258,0.4978,0.4569,3,
WDS_Virginia_Pine,V-43,132,8,3,,0.66,0.66,0.23,0.218,0.3963,0.373,3,
WDS_Virginia_Pine,V-43,132,8,4,,0.492,0.498,0.208,0.2,0.4953,0.4665,3,
WDS_Virginia_Pine,V-43,132,8,5,,0.482,0.486,0.192,0.182,0.4621,0.4303,3,
WDS_Virginia_Pine,V-43,132,8,6,,0.478,0.482,0.166,0.15,0.3948,0.3488,3,
WDS_Virginia_Pine,V-43,132,9,1,,0.824,0.828,0.344,0.33,0.4881,0.4624,3,
WDS_Virginia_Pine,V-43,132,9,2,,0.818,0.814,0.418,0.29,0.6209,0.4064,3,
WDS_Virginia_Pine,V-43,132,9,3,,0.848,0.838,0.43,0.296,0.6151,0.4025,3,
WDS_Virginia_Pine,V-43,132,9,4,,0.928,0.932,0.404,0.39,0.5127,0.4894,3,
WDS_Virginia_Pine,V-43,132,9,5,,0.91,0.908,0.402,0.35,0.5216,0.4449,3,
WDS_Virginia_Pine,V-43,132,9,6,,0.93,0.922,0.46,0.338,0.5969,0.4199,3,
WDS_Virginia_Pine,V-43,132,10,1,,0.36,0.362,0.156,0.142,0.5099,0.4539,3,
WDS_Virginia_Pine,V-43,132,10,2,,0.372,0.372,0.162,0.142,0.5128,0.4399,3,
WDS_Virginia_Pine,V-43,132,10,3,,0.396,0.4,0.158,0.142,0.463,0.4048,3,
WDS_Virginia_Pine,V-43,132,10,4,,0.502,0.508,0.21,0.196,0.4892,0.4453,3,
WDS_Virginia_Pine,V-43,132,10,5,,0.496,0.496,0.202,0.184,0.4741,0.4257,3,
WDS_Virginia_Pine,V-43,132,10,6,,0.486,0.488,0.182,0.168,0.4303,0.3909,3,
WDS_Virginia_Pine,V-43,132,11,1,,0.47,0.468,0.19,0.182,0.4701,0.4494,3,
WDS_Virginia_Pine,V-43,132,11,2,,0.492,0.488,0.192,0.18,0.4512,0.4229,3,
WDS_Virginia_Pine,V-43,132,11,3,,0.472,0.47,0.16,0.148,0.3841,0.3534,3,
WDS_Virginia_Pine,V-43,132,11,4,,0.51,0.508,0.212,0.196,0.4856,0.4453,3,
WDS_Virginia_Pine,V-43,132,11,5,,0.498,0.492,0.19,0.182,0.4396,0.4243,3,
WDS_Virginia_Pine,V-43,132,11,6,,0.52,0.52,0.192,0.172,0.4234,0.3736,3,
WDS_Virginia_Pine,V-43,132,12,1,,0.902,0.9,0.398,0.382,0.5209,0.4976,3,
WDS_Virginia_Pine,V-43,132,12,2,,0.748,0.748,0.302,0.286,0.4694,0.4407,3,
WDS_Virginia_Pine,V-43,132,12,3,,0.788,0.782,0.288,0.26,0.4185,0.3758,3,
WDS_Virginia_Pine,V-43,132,12,4,,0.784,0.782,0.35,0.328,0.5281,0.4907,3,
WDS_Virginia_Pine,V-43,132,12,5,,0.778,0.778,0.332,0.31,0.5008,0.4623,3,
WDS_Virginia_Pine,V-43,132,12,6,,0.77,0.768,0.296,0.258,0.4435,0.3802,3,
WDS_Virginia_Pine,V-43,132,13,1,,0.676,0.67,0.32,0.308,0.5662,0.5468,3,
WDS_Virginia_Pine,V-43,132,13,2,,0.642,0.646,0.262,0.25,0.4753,0.4469,3,
WDS_Virginia_Pine,V-43,132,13,3,,0.678,0.68,0.248,0.238,0.4189,0.3983,3,
WDS_Virginia_Pine,V-43,132,13,4,,0.812,0.814,0.38,0.362,0.5585,0.5257,3,
WDS_Virginia_Pine,V-43,132,13,5,,0.776,0.776,0.322,0.308,0.4846,0.4602,3,
WDS_Virginia_Pine,V-43,132,13,6,,0.792,0.79,0.29,0.278,0.4194,0.4007,3,
WDS_Virginia_Pine,V-43,132,14,1,,0.512,0.518,0.228,0.212,0.5265,0.4769,3,
WDS_Virginia_Pine,V-43,132,14,2,,0.482,0.482,0.224,0.212,0.5539,0.5189,3,
WDS_Virginia_Pine,V-43,132,14,3,,0.47,0.47,0.178,0.168,0.4359,0.408,3,
WDS_Virginia_Pine,V-43,132,14,4,,0.586,0.588,0.266,0.252,0.5386,0.5033,3,
WDS_Virginia_Pine,V-43,132,14,5,,0.538,0.538,0.23,0.218,0.5018,0.4714,3,
WDS_Virginia_Pine,V-43,132,14,6,,0.522,0.522,0.2,0.188,0.4418,0.4115,3,
WDS_Virginia_Pine,V-43,132,15,1,,0.302,0.302,0.158,0.15,0.639,0.5999,3,
WDS_Virginia_Pine,V-43,132,15,2,,0.29,0.292,0.188,0.13,0.836,0.5264,3,
WDS_Virginia_Pine,V-43,132,15,3,,0.306,0.306,0.148,0.13,0.581,0.4981,3,
WDS_Virginia_Pine,V-43,132,15,4,,0.37,0.368,0.19,0.18,0.6246,0.5889,3,
WDS_Virginia_Pine,V-43,132,1,1,,1.128,1.122,0.432,0.414,0.4416,0.4231,3,
WDS_Virginia_Pine,V-43,132,1,2,,0.95,0.944,0.518,0.508,0.6722,0.6614,3,
WDS_Virginia_Pine,V-43,132,1,3,,0.962,0.956,0.432,0.386,0.5318,0.4694,3,
WDS_Virginia_Pine,V-43,132,1,4,,1.38,1.382,0.612,0.594,0.524,0.505,3,
WDS_Virginia_Pine,V-43,132,1,5,,1.378,1.368,0.62,0.602,0.533,0.5192,3,
WDS_Virginia_Pine,V-43,132,1,6,,1.302,1.3,0.57,0.508,0.516,0.4519,3,
WDS_Virginia_Pine,V-43,132,2,1,,0.618,0.628,0.274,0.262,0.5238,0.4877,3,
WDS_Virginia_Pine,V-43,132,2,2,,0.594,0.6,0.254,0.244,0.502,0.4733,3,
WDS_Virginia_Pine,V-43,132,2,3,,0.59,0.588,0.23,0.202,0.4507,0.3899,3,
WDS_Virginia_Pine,V-43,132,2,4,,0.674,0.678,0.304,0.292,0.5346,0.5062,3,
WDS_Virginia_Pine,V-43,132,2,5,,0.668,0.67,0.28,0.218,0.4904,0.3667,3,
WDS_Virginia_Pine,V-43,132,2,6,,0.666,0.666,0.23,0.22,0.3923,0.373,3,
WDS_Virginia_Pine,V-43,132,3,1,,0.548,0.552,0.248,0.24,0.5367,0.5119,3,
WDS_Virginia_Pine,V-43,132,3,2,,0.554,0.554,0.228,0.22,0.48,0.4605,3,
WDS_Virginia_Pine,V-43,132,3,3,,0.566,0.56,0.212,0.19,0.4304,0.3845,3,
WDS_Virginia_Pine,V-43,132,3,4,,0.5,0.504,0.224,0.218,0.5303,0.5088,3,
WDS_Virginia_Pine,V-43,132,3,5,,0.52,0.52,0.224,0.214,0.5063,0.48,3,
WDS_Virginia_Pine,V-43,132,3,6,,0.502,0.5,0.192,0.168,0.4409,0.3803,3,
WDS_Virginia_Pine,V-43,132,4,1,,0.54,0.548,0.232,0.222,0.5047,0.4712,3,
WDS_Virginia_Pine,V-43,132,4,2,,0.558,0.56,0.24,0.208,0.5054,0.4263,3,
WDS_Virginia_Pine,V-43,132,4,3,,0.59,0.59,0.208,0.198,0.4016,0.3797,3,
WDS_Virginia_Pine,V-43,132,4,4,,0.342,0.344,0.138,0.13,0.4691,0.4348,3,
WDS_Virginia_Pine,V-43,132,20,5,,1.152,1.172,0.512,0.494,0.5253,0.4936,3,
WDS_Virginia_Pine,V-43,132,4,5,,0.318,0.318,0.124,0.114,0.4508,0.4093,3,
WDS_Virginia_Pine,V-43,132,4,6,,0.32,0.322,0.126,0.098,0.4559,0.3402,3,
WDS_Virginia_Pine,V-43,132,5,1,,0.704,0.702,0.302,0.292,0.5038,0.486,3,
WDS_Virginia_Pine,V-43,132,5,2,,0.72,0.722,0.288,0.28,0.4643,0.448,3,
WDS_Virginia_Pine,V-43,132,5,3,,0.714,0.71,0.234,0.224,0.3697,0.3542,3,
WDS_Virginia_Pine,V-43,132,5,4,,0.636,0.642,0.262,0.254,0.4805,0.4585,3,
WDS_Virginia_Pine,V-43,132,5,5,,0.63,0.634,0.256,0.244,0.4729,0.4441,3,
WDS_Virginia_Pine,V-43,132,21,1,,0.514,0.512,0.23,0.218,0.5296,0.4994,3,
WDS_Virginia_Pine,V-43,132,21,2,,0.504,0.498,0.208,0.198,0.4815,0.4611,3,
WDS_Virginia_Pine,V-43,132,21,3,,0.502,0.496,0.19,0.18,0.4356,0.4151,3,
WDS_Virginia_Pine,V-43,132,21,4,,0.86,0.862,0.382,0.366,0.525,0.4978,3,
WDS_Virginia_Pine,V-43,132,21,5,,0.85,0.854,0.404,0.388,0.569,0.5392,3,
WDS_Virginia_Pine,V-43,132,21,6,,0.846,0.84,0.34,0.318,0.4669,0.4357,3,
WDS_Virginia_Pine,V-43,132,22,1,,0.524,0.526,0.23,0.218,0.5176,0.4839,3,
WDS_Virginia_Pine,V-43,132,22,2,,0.372,0.38,0.158,0.15,0.498,0.4573,3,
WDS_Virginia_Pine,V-43,132,22,3,,0.556,0.56,0.212,0.2,0.4393,0.4076,3,
WDS_Virginia_Pine,V-43,132,22,4,,0.57,0.572,0.262,0.252,0.5467,0.5199,3,
WDS_Virginia_Pine,V-43,132,22,5,,0.616,0.622,0.276,0.264,0.5304,0.4976,3,
WDS_Virginia_Pine,V-43,132,22,6,,0.58,0.578,0.252,0.224,0.5115,0.4476,3,
WDS_Virginia_Pine,V-43,132,23,1,,0.952,0.964,0.366,0.348,0.4435,0.4126,3,
WDS_Virginia_Pine,V-43,132,23,2,,0.946,0.948,0.358,0.34,0.4355,0.4095,3,
WDS_Virginia_Pine,V-43,132,23,3,,0.918,0.918,0.35,0.322,0.4393,0.3993,3,
WDS_Virginia_Pine,V-43,132,23,4,,1.15,1.15,0.484,0.468,0.4927,0.4737,3,
WDS_Virginia_Pine,V-43,132,23,5,,1.226,1.224,0.492,0.492,0.4661,0.467,3,
WDS_Virginia_Pine,V-43,132,23,6,,1.1,1.102,0.43,0.41,0.4521,0.4271,3,
WDS_Virginia_Pine,V-43,132,24,1,,0.532,0.546,0.22,0.208,0.4827,0.4389,3,
WDS_Virginia_Pine,V-43,132,24,2,,0.542,0.552,0.214,0.198,0.4574,0.4096,3,
WDS_Virginia_Pine,V-43,132,24,3,,0.56,0.46,0.192,0.142,0.3891,0.3457,3,
WDS_Virginia_Pine,V-43,132,24,4,,0.276,0.282,0.104,0.096,0.4334,0.3859,3,
WDS_Virginia_Pine,V-43,132,24,5,,0.284,0.288,0.108,0.098,0.438,0.3857,3,
WDS_Virginia_Pine,V-43,132,24,6,,0.284,0.288,0.092,0.082,0.3649,0.3159,3,
WDS_Virginia_Pine,V-43,132,25,1,,0.396,0.392,0.142,0.13,0.4094,0.3747,3,
WDS_Virginia_Pine,V-43,132,25,2,,0.376,0.378,0.134,0.126,0.4066,0.3768,3,
WDS_Virginia_Pine,V-43,132,25,3,,0.364,0.364,0.118,0.104,0.3652,0.3171,3,
WDS_Virginia_Pine,V-43,132,25,4,,0.494,0.498,0.188,0.172,0.4384,0.3923,3,
WDS_Virginia_Pine,V-43,132,25,5,,0.488,0.488,0.18,0.172,0.4229,0.4015,3,
WDS_Virginia_Pine,V-43,132,25,6,,0.472,0.472,0.152,0.14,0.3625,0.3306,3,
WDS_Virginia_Pine_P1,V-1,132,4,B,,1.454,1.466,0.546,0.524,0.4317,0.4079,3,
WDS_Virginia_Pine_P1,V-1,132,15,B,,1.794,1.818,0.718,0.696,0.4646,0.4414,3,
WDS_Virginia_Pine_P1,V-1,132,15,A,,1.548,1.572,0.594,0.576,0.4425,0.4197,3,
WDS_Virginia_Pine_P1,V-1,132,14,B,,1.182,1.192,0.464,0.45,0.4543,0.4343,3,
WDS_Virginia_Pine_P1,V-1,132,14,A,,1.21,1.222,0.472,0.47,0.451,0.4437,3,
WDS_Virginia_Pine_P1,V-1,132,13,B,,2.468,2.492,0.994,0.942,0.4681,0.435,3,
WDS_Virginia_Pine_P1,V-1,132,13,A,,2.266,2.286,0.888,0.852,0.4534,0.428,3,
WDS_Virginia_Pine_P1,V-1,132,12,B,,2.866,2.892,1.072,1.038,0.4297,0.4099,3,
WDS_Virginia_Pine_P1,V-1,132,12,A,,2.676,2.71,1.08,1.042,0.4692,0.4436,3,
WDS_Virginia_Pine_P1,V-1,132,11,B,,2.486,2.502,0.974,0.942,0.4533,0.433,3,
WDS_Virginia_Pine_P1,V-1,132,11,A,,1.648,1.66,0.638,0.62,0.4471,0.429,3,
WDS_Virginia_Pine_P1,V-1,132,10,B,,3.228,3.258,1.268,1.186,0.4547,0.4166,3,
WDS_Virginia_Pine_P1,V-1,132,10,A,,3.016,3.038,1.28,1.094,0.4976,0.4114,3,
WDS_Virginia_Pine_P1,V-1,132,9,B,,2.792,2.786,1.19,1.024,0.5,0.4212,3,
WDS_Virginia_Pine_P1,V-1,132,9,A,,3.006,3.028,1.15,1.102,0.441,0.4164,3,
WDS_Virginia_Pine_P1,V-1,132,8,B,,2.488,2.49,1.218,1.042,0.5895,0.4894,3,
WDS_Virginia_Pine_P1,V-1,132,8,A,,2.088,2.09,0.922,0.824,0.5213,0.4566,3,
WDS_Virginia_Pine_P1,V-1,132,7,B,,2.002,2.002,0.73,0.702,0.4174,0.3991,3,
WDS_Virginia_Pine_P1,V-1,132,7,A,,1.976,1.99,0.752,0.706,0.4384,0.4045,3,
WDS_Virginia_Pine_P1,V-1,132,6,B,,2.306,2.334,0.864,0.83,0.4306,0.4056,3,
WDS_Virginia_Pine_P1,V-1,132,6,A,,1.924,1.936,0.722,0.696,0.4313,0.4106,3,
WDS_Virginia_Pine_P1,V-1,132,5,B,,2.196,2.202,0.902,0.87,0.4789,0.4577,3,
WDS_Virginia_Pine_P1,V-1,132,5,A,,1.598,1.612,0.602,0.578,0.4333,0.4094,3,
WDS_Virginia_Pine_P1,V-1,132,4,A,,1.578,1.582,0.562,0.54,0.4063,0.3871,3,
WDS_Virginia_Pine_P1,V-1,132,3,B,,1.14,1.16,0.454,0.432,0.462,0.4276,3,
WDS_Virginia_Pine_P1,V-1,132,3,A,,1.152,1.172,0.462,0.446,0.4657,0.4383,3,
WDS_Virginia_Pine_P1,V-1,132,2,B,,1.888,1.914,0.848,0.766,0.5319,0.4646,3,
WDS_Virginia_Pine_P1,V-1,132,2,A,,2.034,2.064,0.814,0.78,0.4646,0.4348,3,
WDS_Virginia_Pine_P1,V-1,132,1,B,,2.058,2.082,0.802,0.768,0.4505,0.4229,3,
WDS_Virginia_Pine_P1,V-1,132,1,A,,1.358,1.374,0.502,0.518,0.4239,0.4336,3,
WDS_Virginia_Pine_P1,V-1,132,30,B,,2.38,2.4,0.974,0.95,0.4768,0.4587,3,
WDS_Virginia_Pine_P1,V-1,132,30,A,,1.63,1.642,0.698,0.67,0.5028,0.4752,3,
WDS_Virginia_Pine_P1,V-1,132,29,B,,2.838,2.866,1.18,1.132,0.4857,0.4576,3,
WDS_Virginia_Pine_P1,V-1,132,29,A,,2.344,2.362,0.922,0.892,0.4554,0.4345,3,
WDS_Virginia_Pine_P1,V-1,132,28,B,,2.306,2.322,0.91,0.846,0.4571,0.417,3,
WDS_Virginia_Pine_P1,V-1,132,28,A,,2.19,2.208,0.832,0.792,0.4375,0.4096,3,
WDS_Virginia_Pine_P1,V-1,132,27,B,,1.618,1.618,0.668,0.598,0.4818,0.4239,3,
WDS_Virginia_Pine_P1,V-1,132,27,A,,1.542,1.558,0.638,0.578,0.483,0.4257,3,
WDS_Virginia_Pine_P1,V-1,132,26,B,,2.568,2.588,0.974,0.936,0.4367,0.4135,3,
WDS_Virginia_Pine_P1,V-1,132,26,A,,2.226,2.248,0.808,0.782,0.4152,0.3955,3,
WDS_Virginia_Pine_P1,V-1,132,25,B,,2.12,2.14,0.722,0.684,0.3861,0.3594,3,
WDS_Virginia_Pine_P1,V-1,132,25,A,,2.086,2.112,0.7,0.67,0.3797,0.3564,3,
WDS_Virginia_Pine_P1,V-1,132,24,B,,2.19,2.208,0.832,0.778,0.4375,0.4013,3,
WDS_Virginia_Pine_P1,V-1,132,24,A,,1.824,1.828,0.714,0.632,0.4529,0.3928,3,
WDS_Virginia_Pine_P1,V-1,132,23,B,,2.118,2.136,0.852,0.756,0.4674,0.4034,3,
WDS_Virginia_Pine_P1,V-1,132,23,A,,1.71,1.732,0.642,0.604,0.4316,0.3966,3,
WDS_Virginia_Pine_P1,V-1,132,22,B,,1.688,1.712,0.638,0.612,0.4349,0.408,3,
WDS_Virginia_Pine_P1,V-1,132,22,A,,1.314,1.322,0.49,0.454,0.4282,0.3898,3,
WDS_Virginia_Pine_P1,V-1,132,21,B,,1.344,1.344,0.542,0.486,0.4688,0.4134,3,
WDS_Virginia_Pine_P1,V-1,132,21,A,,1.194,1.206,0.48,0.432,0.4671,0.409,3,
WDS_Virginia_Pine_P1,V-1,132,20,B,,1.346,1.344,0.582,0.486,0.5086,0.4134,3,
WDS_Virginia_Pine_P1,V-1,132,20,A,,1.172,1.172,0.51,0.436,0.5124,0.427,3,
WDS_Virginia_Pine_P1,V-1,132,19,B,,2.898,2.93,1.108,1.036,0.4407,0.4029,3,
WDS_Virginia_Pine_P1,V-1,132,19,A,,2.492,2.516,0.956,0.902,0.4424,0.4093,3,
WDS_Virginia_Pine_P1,V-1,132,18,B,,1.888,1.904,0.734,0.698,0.4493,0.4199,3,
WDS_Virginia_Pine_P1,V-1,132,18,A,,1.434,1.442,0.542,0.518,0.4349,0.4103,3,
WDS_Virginia_Pine_P1,V-1,132,17,B,,1.782,1.812,0.784,0.718,0.5191,0.4593,3,
WDS_Virginia_Pine_P1,V-1,132,17,A,,1.744,1.766,0.704,0.656,0.4693,0.4263,3,
WDS_Virginia_Pine_P1,V-1,132,16,B,,2.122,2.132,0.872,0.814,0.4791,0.44,3,
WDS_Virginia_Pine_P1,V-1,132,16,A,,1.566,1.574,0.62,0.582,0.4588,0.4241,3,
WDS_Virginia_Pine_P1,V-10,132,16,A,,2.032,2.028,0.852,0.776,0.4905,0.4411,3,
WDS_Virginia_Pine_P1,V-10,132,30,B,,2.61,2.56,0.998,0.904,0.4408,0.4023,3,
WDS_Virginia_Pine_P1,V-10,132,30,A,,2.54,2.536,1.05,0.932,0.4825,0.4211,3,
WDS_Virginia_Pine_P1,V-10,132,29,B,,3.07,2.724,1.23,1.102,0.4652,0.4705,3,
WDS_Virginia_Pine_P1,V-10,132,29,A,,2.85,2.826,1.232,1.054,0.5084,0.4283,3,
WDS_Virginia_Pine_P1,V-10,132,28,B,,2.38,2.352,0.956,0.932,0.4666,0.4593,3,
WDS_Virginia_Pine_P1,V-10,132,28,A,,2.026,2.032,0.88,0.83,0.5113,0.4758,3,
WDS_Virginia_Pine_P1,V-10,132,27,B,,2.104,2.09,0.848,0.78,0.4684,0.4286,3,
WDS_Virginia_Pine_P1,V-10,132,27,A,,2.25,2.222,0.88,0.844,0.4524,0.4374,3,
WDS_Virginia_Pine_P1,V-10,132,26,B,,1.87,1.808,0.694,0.672,0.4259,0.4266,3,
WDS_Virginia_Pine_P1,V-10,132,26,A,,1.36,1.36,0.504,0.492,0.4252,0.4136,3,
WDS_Virginia_Pine_P1,V-10,132,25,B,,1.864,1.812,0.672,0.654,0.412,0.4125,3,
WDS_Virginia_Pine_P1,V-10,132,25,A,,1.384,1.376,0.504,0.486,0.4167,0.4024,3,
WDS_Virginia_Pine_P1,V-10,132,24,B,,1.79,1.756,0.65,0.63,0.4154,0.4097,3,
WDS_Virginia_Pine_P1,V-10,132,24,A,,1.818,1.82,0.672,0.658,0.4239,0.4133,3,
WDS_Virginia_Pine_P1,V-10,132,23,B,,1.648,1.646,0.622,0.598,0.4342,0.4156,3,
WDS_Virginia_Pine_P1,V-10,132,23,A,,1.564,1.56,0.568,0.552,0.4154,0.4033,3,
WDS_Virginia_Pine_P1,V-10,132,22,B,,1.692,1.66,0.618,0.6,0.4182,0.4132,3,
WDS_Virginia_Pine_P1,V-10,132,22,A,,1.58,1.59,0.61,0.59,0.4457,0.4258,3,
WDS_Virginia_Pine_P1,V-10,132,21,B,,1.498,1.458,0.638,0.592,0.4996,0.4725,3,
WDS_Virginia_Pine_P1,V-10,132,21,A,,1.57,1.57,0.604,0.584,0.4439,0.427,3,
WDS_Virginia_Pine_P1,V-10,132,20,B,,2.798,2.708,1.068,0.996,0.4399,0.4215,3,
WDS_Virginia_Pine_P1,V-10,132,20,A,,2.312,2.282,0.916,0.808,0.4592,0.4036,3,
WDS_Virginia_Pine_P1,V-10,132,19,B,,3.172,3.064,1.112,1.056,0.399,0.3914,3,
WDS_Virginia_Pine_P1,V-10,132,19,A,,3.014,3.004,1.082,1.034,0.41,0.3908,3,
WDS_Virginia_Pine_P1,V-10,132,18,B,,1.956,1.918,0.742,0.678,0.4367,0.4028,3,
WDS_Virginia_Pine_P1,V-10,132,18,A,,1.72,1.716,0.682,0.626,0.4596,0.4176,3,
WDS_Virginia_Pine_P1,V-10,132,17,B,,1.85,1.824,0.688,0.64,0.4269,0.3994,3,
WDS_Virginia_Pine_P1,V-10,132,17,A,,1.384,1.388,0.532,0.488,0.4434,0.4003,3,
WDS_Virginia_Pine_P1,V-10,132,16,B,,2.34,2.304,0.97,0.878,0.484,0.439,3,
WDS_Virginia_Pine_P1,V-10,132,1,A,,2.114,2.12,0.76,0.722,0.4106,0.3861,3,
WDS_Virginia_Pine_P1,V-10,132,1,B,,2.572,2.514,0.92,0.886,0.4083,0.4014,3,
WDS_Virginia_Pine_P1,V-10,132,2,A,,1.78,1.782,0.668,0.648,0.4314,0.416,3,
WDS_Virginia_Pine_P1,V-10,132,2,B,,2.17,2.134,0.824,0.788,0.4372,0.4234,3,
WDS_Virginia_Pine_P1,V-10,132,3,A,,2.092,2.092,0.764,0.68,0.4181,0.3663,3,
WDS_Virginia_Pine_P1,V-10,132,3,B,,2.538,2.474,1.002,0.872,0.4573,0.4015,3,
WDS_Virginia_Pine_P1,V-10,132,4,A,,2.66,2.66,1.112,1.012,0.4888,0.4382,3,
WDS_Virginia_Pine_P1,V-10,132,4,B,,3.05,2.982,1.232,1.15,0.4697,0.4451,3,
WDS_Virginia_Pine_P1,V-10,132,5,A,,2.38,2.362,0.93,0.866,0.4519,0.42,3,
WDS_Virginia_Pine_P1,V-10,132,5,B,,2.618,2.558,1.04,0.986,0.4606,0.4449,3,
WDS_Virginia_Pine_P1,V-10,132,6,A,,1.046,1.056,0.372,0.36,0.4056,0.3866,3,
WDS_Virginia_Pine_P1,V-10,132,6,B,,1.29,1.28,0.46,0.444,0.4068,0.3942,3,
WDS_Virginia_Pine_P1,V-10,132,7,A,,1.42,1.398,0.528,0.522,0.4268,0.4289,3,
WDS_Virginia_Pine_P1,V-10,132,7,B,,1.774,1.762,0.684,0.66,0.445,0.4304,3,
WDS_Virginia_Pine_P1,V-10,132,8,A,,1.582,1.592,0.608,0.59,0.4433,0.4252,3,
WDS_Virginia_Pine_P1,V-10,132,8,B,,1.972,1.93,0.738,0.7,0.43,0.4148,3,
WDS_Virginia_Pine_P1,V-10,132,9,A,,1.84,1.848,0.69,0.652,0.431,0.4019,3,
WDS_Virginia_Pine_P1,V-10,132,9,B,,2.098,2.042,0.78,0.746,0.4267,0.4183,3,
WDS_Virginia_Pine_P1,V-10,132,10,A,,1.76,1.762,0.582,0.564,0.3735,0.36,3,
WDS_Virginia_Pine_P1,V-10,132,10,B,,2.372,2.302,0.868,0.836,0.4191,0.4154,3,
WDS_Virginia_Pine_P1,V-10,132,11,A,,1.95,1.952,0.72,0.682,0.4234,0.3975,3,
WDS_Virginia_Pine_P1,V-10,132,11,B,,2.04,2.002,0.718,0.686,0.4008,0.3888,3,
WDS_Virginia_Pine_P1,V-10,132,12,A,,2.212,2.214,0.83,0.794,0.4313,0.4095,3,
WDS_Virginia_Pine_P1,V-10,132,12,B,,2.472,2.428,0.96,0.928,0.4487,0.4405,3,
WDS_Virginia_Pine_P1,V-10,132,13,A,,2.03,1.992,0.722,0.66,0.4056,0.3743,3,
WDS_Virginia_Pine_P1,V-10,132,13,B,,2.066,2.016,0.736,0.688,0.4064,0.387,3,
WDS_Virginia_Pine_P1,V-10,132,14,A,,1.478,1.504,0.564,0.538,0.4397,0.4083,3,
WDS_Virginia_Pine_P1,V-10,132,14,B,,1.582,1.56,0.572,0.55,0.4133,0.4016,3,
WDS_Virginia_Pine_P1,V-10,132,15,A,,1.774,1.792,0.704,0.634,0.4601,0.4032,3,
WDS_Virginia_Pine_P1,V-10,132,15,B,,1.948,1.9,0.764,0.7,0.4539,0.4223,3,
WDS_Virginia_Pine_P1,V-11,132,1,A,,1.288,1.27,0.452,0.442,0.3995,0.3957,3,
WDS_Virginia_Pine_P1,V-11,132,1,B,,1.508,1.46,0.57,0.55,0.4349,0.4332,3,
WDS_Virginia_Pine_P1,V-11,132,2,A,,1.44,1.428,0.542,0.498,0.4328,0.3967,3,
WDS_Virginia_Pine_P1,V-11,132,2,B,,1.71,1.682,0.688,0.628,0.4675,0.4288,3,
WDS_Virginia_Pine_P1,V-11,132,3,A,,1.772,1.768,0.68,0.656,0.4426,0.4258,3,
WDS_Virginia_Pine_P1,V-11,132,3,B,,1.522,1.49,0.592,0.562,0.4495,0.4339,3,
WDS_Virginia_Pine_P1,V-11,132,4,A,,1.744,1.742,0.65,0.618,0.428,0.4045,3,
WDS_Virginia_Pine_P1,V-11,132,4,B,,2.286,2.222,0.872,0.828,0.4395,0.4279,3,
WDS_Virginia_Pine_P1,V-11,132,5,A,,1.6,1.596,0.64,0.612,0.4643,0.4422,3,
WDS_Virginia_Pine_P1,V-11,132,5,B,,2.046,2.022,0.778,0.754,0.4379,0.4282,3,
WDS_Virginia_Pine_P1,V-11,132,6,A,,1.446,1.458,0.556,0.542,0.4436,0.4267,3,
WDS_Virginia_Pine_P1,V-11,132,6,B,,1.694,1.67,0.654,0.632,0.4457,0.4355,3,
WDS_Virginia_Pine_P1,V-11,132,7,A,,1.164,1.16,0.428,0.4,0.4214,0.3916,3,
WDS_Virginia_Pine_P1,V-11,132,7,B,,1.402,1.386,0.502,0.48,0.4088,0.3935,3,
WDS_Virginia_Pine_P1,V-11,132,8,A,,1.682,1.686,0.682,0.658,0.4717,0.4513,3,
WDS_Virginia_Pine_P1,V-11,132,8,B,,1.948,1.92,0.784,0.756,0.4677,0.4559,3,
WDS_Virginia_Pine_P1,V-11,132,9,A,,1.87,1.868,0.73,0.7,0.4514,0.4306,3,
WDS_Virginia_Pine_P1,V-11,132,9,B,,1.99,1.95,0.738,0.708,0.4255,0.4153,3,
WDS_Virginia_Pine_P1,V-11,132,10,A,,1.1,1.112,0.408,0.386,0.4256,0.3946,3,
WDS_Virginia_Pine_P1,V-11,132,10,B,,1.22,1.21,0.434,0.424,0.4057,0.3988,3,
WDS_Virginia_Pine_P1,V-11,132,11,A,,1.922,1.93,0.704,0.666,0.4195,0.3919,3,
WDS_Virginia_Pine_P1,V-11,132,11,B,,1.824,1.782,0.648,0.618,0.4051,0.3942,3,
WDS_Virginia_Pine_P1,V-11,132,12,A,,2.15,2.162,0.832,0.796,0.4469,0.422,3,
WDS_Virginia_Pine_P1,V-11,132,12,B,,2.842,2.758,1.182,1.11,0.4859,0.4677,3,
WDS_Virginia_Pine_P1,V-11,132,13,A,,2.326,2.332,0.878,0.834,0.4343,0.4082,3,
WDS_Virginia_Pine_P1,V-11,132,13,B,,2.91,2.832,1.118,1.06,0.4432,0.4301,3,
WDS_Virginia_Pine_P1,V-11,132,14,A,,2.488,2.472,0.958,0.912,0.4443,0.423,3,
WDS_Virginia_Pine_P1,V-11,132,14,B,,3.32,3.234,1.362,1.296,0.4782,0.4653,3,
WDS_Virginia_Pine_P1,V-11,132,15,A,,1.82,1.812,0.662,0.632,0.4162,0.3967,3,
WDS_Virginia_Pine_P1,V-11,132,15,B,,2.214,2.16,0.84,0.782,0.4368,0.414,3,
WDS_Virginia_Pine_P1,V-11,132,16,A,,1.28,1.288,0.47,0.458,0.4207,0.4055,3,
WDS_Virginia_Pine_P1,V-11,132,16,B,,1.49,1.462,0.556,0.55,0.4285,0.4326,3,
WDS_Virginia_Pine_P1,V-11,132,17,A,,1.71,1.722,0.684,0.65,0.4643,0.4342,3,
WDS_Virginia_Pine_P1,V-11,132,17,B,,1.89,1.85,0.802,0.718,0.4975,0.4484,3,
WDS_Virginia_Pine_P1,V-11,132,18,A,,2.672,2.674,0.996,0.942,0.428,0.4012,3,
WDS_Virginia_Pine_P1,V-11,132,18,B,,3.808,3.7,1.468,1.382,0.4449,0.429,3,
WDS_Virginia_Pine_P1,V-11,132,19,A,,1.698,1.676,0.582,0.548,0.3889,0.3687,3,
WDS_Virginia_Pine_P1,V-11,132,19,B,,2.16,2.12,0.784,0.758,0.4152,0.4081,3,
WDS_Virginia_Pine_P1,V-11,132,20,A,,1.57,1.572,0.652,0.582,0.4851,0.4247,3,
WDS_Virginia_Pine_P1,V-11,132,20,B,,1.588,1.554,0.61,0.56,0.4431,0.4118,3,
WDS_Virginia_Pine_P1,V-11,132,21,A,,2.508,2.476,1.018,0.952,0.4723,0.4436,3,
WDS_Virginia_Pine_P1,V-11,132,21,B,,2.72,2.632,1.112,0.962,0.4763,0.4185,3,
WDS_Virginia_Pine_P1,V-11,132,22,A,,1.694,1.672,0.636,0.58,0.4316,0.3943,3,
WDS_Virginia_Pine_P1,V-11,132,22,B,,1.84,1.772,0.682,0.652,0.4253,0.4217,3,
WDS_Virginia_Pine_P1,V-11,132,23,A,,2.36,2.334,0.84,0.812,0.406,0.3956,3,
WDS_Virginia_Pine_P1,V-11,132,23,B,,2.628,2.598,0.972,0.936,0.4242,0.4117,3,
WDS_Virginia_Pine_P1,V-11,132,24,A,,2.47,2.448,0.86,0.842,0.3959,0.3905,3,
WDS_Virginia_Pine_P1,V-11,132,24,B,,2.972,2.896,1.054,1.016,0.4043,0.3994,3,
WDS_Virginia_Pine_P1,V-11,132,25,A,,1.628,1.618,0.568,0.546,0.3969,0.3821,3,
WDS_Virginia_Pine_P1,V-11,132,25,B,,2.288,2.268,0.812,0.788,0.4046,0.395,3,
WDS_Virginia_Pine_P1,V-11,132,26,A,,2.488,2.472,0.908,0.86,0.4178,0.3956,3,
WDS_Virginia_Pine_P1,V-11,132,26,B,,2.972,2.892,1.194,1.042,0.4667,0.4117,3,
WDS_Virginia_Pine_P1,V-11,132,27,A,,1.24,1.242,0.46,0.436,0.4257,0.3996,3,
WDS_Virginia_Pine_P1,V-11,132,27,B,,1.434,1.382,0.518,0.484,0.4129,0.3986,3,
WDS_Virginia_Pine_P1,V-11,132,28,A,,2.742,2.74,1.012,0.912,0.4232,0.3762,3,
WDS_Virginia_Pine_P1,V-11,132,28,B,,3.086,3.014,1.102,1.022,0.4075,0.3842,3,
WDS_Virginia_Pine_P1,V-11,132,29,A,,1.368,1.356,0.51,0.46,0.4281,0.3844,3,
WDS_Virginia_Pine_P1,V-11,132,29,B,,1.516,1.49,0.54,0.498,0.4063,0.378,3,
WDS_Virginia_Pine_P1,V-11,132,30,A,,2.852,2.83,0.992,0.962,0.3955,0.3853,3,
WDS_Virginia_Pine_P1,V-11,132,30,B,,3.31,3.222,1.148,1.084,0.3942,0.3808,3,
WDS_Virginia_Pine_P1,V-12,132,30,B,,1.094,1.098,0.442,0.43,0.4698,0.4531,3,
WDS_Virginia_Pine_P1,V-12,132,1,A,,1.386,1.38,0.516,0.496,0.4274,0.4105,3,
WDS_Virginia_Pine_P1,V-12,132,1,B,,1.192,1.192,0.428,0.414,0.4101,0.3948,3,
WDS_Virginia_Pine_P1,V-12,132,2,A,,2.008,2.01,0.722,0.702,0.4107,0.3973,3,
WDS_Virginia_Pine_P1,V-12,132,2,B,,,,,,,,3,
WDS_Virginia_Pine_P1,V-12,132,3,A,,2.244,2.248,0.874,0.844,0.4502,0.4316,3,
WDS_Virginia_Pine_P1,V-12,132,3,B,,1.646,1.638,0.624,0.602,0.4364,0.4211,3,
WDS_Virginia_Pine_P1,V-12,132,4,A,,0.76,0.962,0.326,0.332,0.5038,0.392,3,
WDS_Virginia_Pine_P1,V-12,132,4,B,,1.072,1.078,0.39,0.382,0.4163,0.4039,3,
WDS_Virginia_Pine_P1,V-12,132,5,A,,1.734,1.74,0.626,0.61,0.4126,0.399,3,
WDS_Virginia_Pine_P1,V-12,132,5,B,,2.35,2.352,0.904,0.882,0.4438,0.431,3,
WDS_Virginia_Pine_P1,V-12,132,6,A,,1.256,1.258,0.528,0.48,0.492,0.4397,3,
WDS_Virginia_Pine_P1,V-12,132,6,B,,1.158,1.164,0.45,0.44,0.449,0.435,3,
WDS_Virginia_Pine_P1,V-12,132,7,A,,0.866,0.868,0.302,0.292,0.3966,0.3808,3,
WDS_Virginia_Pine_P1,V-12,132,7,B,,1.628,1.628,0.606,0.592,0.4273,0.416,3,
WDS_Virginia_Pine_P1,V-12,132,8,A,,0.778,0.788,0.306,0.3,0.4554,0.4385,3,
WDS_Virginia_Pine_P1,V-12,132,8,B,,1.326,1.326,0.51,0.494,0.4437,0.4278,3,
WDS_Virginia_Pine_P1,V-12,132,9,A,,1.128,1.13,0.446,0.432,0.4581,0.4407,3,
WDS_Virginia_Pine_P1,V-12,132,9,B,,1.608,1.604,0.626,0.608,0.45,0.4363,3,
WDS_Virginia_Pine_P1,V-12,132,10,A,,1.22,1.22,0.45,0.42,0.4229,0.3909,3,
WDS_Virginia_Pine_P1,V-12,132,10,B,,1.342,1.342,0.468,0.45,0.3966,0.3794,3,
WDS_Virginia_Pine_P1,V-12,132,11,A,,1.134,1.134,0.392,0.38,0.3927,0.3791,3,
WDS_Virginia_Pine_P1,V-12,132,11,B,,1.318,1.318,0.482,0.454,0.4188,0.3911,3,
WDS_Virginia_Pine_P1,V-12,132,12,A,,1.268,1.264,0.534,0.522,0.4931,0.4819,3,
WDS_Virginia_Pine_P1,V-12,132,12,B,,1.208,1.21,0.496,0.482,0.4787,0.4621,3,
WDS_Virginia_Pine_P1,V-12,132,13,A,,1.632,1.622,0.654,0.616,0.4653,0.4373,3,
WDS_Virginia_Pine_P1,V-12,132,13,B,,2.146,2.142,0.878,0.844,0.4767,0.4563,3,
WDS_Virginia_Pine_P1,V-12,132,14,A,,2.14,2.13,0.77,0.432,0.411,0.2181,3,
WDS_Virginia_Pine_P1,V-12,132,14,B,,2.252,2.248,0.892,0.798,0.4591,0.4048,3,
WDS_Virginia_Pine_P1,V-12,132,15,A,,1.318,1.318,0.534,0.522,0.4713,0.459,3,
WDS_Virginia_Pine_P1,V-12,132,15,B,,1.842,1.834,0.786,0.768,0.5007,0.4898,3,
WDS_Virginia_Pine_P1,V-12,132,16,A,,2.162,2.162,0.814,0.778,0.433,0.4111,3,
WDS_Virginia_Pine_P1,V-12,132,16,B,,2.258,2.258,0.856,0.838,0.4364,0.4259,3,
WDS_Virginia_Pine_P1,V-12,132,17,A,,1.518,1.512,0.566,0.546,0.4282,0.4127,3,
WDS_Virginia_Pine_P1,V-12,132,17,B,,1.218,1.218,0.466,0.452,0.441,0.4258,3,
WDS_Virginia_Pine_P1,V-12,132,18,A,,1.61,1.618,0.598,0.582,0.4263,0.4109,3,
WDS_Virginia_Pine_P1,V-12,132,18,B,,1.78,1.778,0.686,0.66,0.4448,0.426,3,
WDS_Virginia_Pine_P1,V-12,132,19,A,,1.292,1.292,0.488,0.478,0.4346,0.4244,3,
WDS_Virginia_Pine_P1,V-12,132,19,B,,1.162,1.166,0.428,0.42,0.4222,0.4116,3,
WDS_Virginia_Pine_P1,V-12,132,20,A,,1.35,1.356,0.512,0.496,0.4366,0.4189,3,
WDS_Virginia_Pine_P1,V-12,132,20,B,,1.29,1.298,0.5,0.492,0.4477,0.4363,3,
WDS_Virginia_Pine_P1,V-12,132,21,A,,1.406,1.408,0.598,0.582,0.4988,0.4824,3,
WDS_Virginia_Pine_P1,V-12,132,21,B,,1.76,1.758,0.798,0.724,0.5379,0.4804,3,
WDS_Virginia_Pine_P1,V-12,132,22,A,,1.918,1.912,0.69,0.642,0.411,0.38,3,
WDS_Virginia_Pine_P1,V-12,132,22,B,,2.808,2.802,1.128,1.072,0.4666,0.441,3,
WDS_Virginia_Pine_P1,V-12,132,23,A,,1.778,1.774,0.718,0.7,0.4695,0.4571,3,
WDS_Virginia_Pine_P1,V-12,132,23,B,,1.76,1.77,0.722,0.698,0.4782,0.4567,3,
WDS_Virginia_Pine_P1,V-12,132,24,A,,2.588,2.568,1.029,0.918,0.4611,0.408,3,
WDS_Virginia_Pine_P1,V-12,132,24,B,,2.67,2.672,1.026,0.958,0.4433,0.4094,3,
WDS_Virginia_Pine_P1,V-12,132,25,A,,1.238,1.238,0.468,0.458,0.435,0.4243,3,
WDS_Virginia_Pine_P1,V-12,132,25,B,,1.468,1.468,0.568,0.55,0.4468,0.4305,3,
WDS_Virginia_Pine_P1,V-12,132,26,A,,1.438,1.442,0.534,0.518,0.4262,0.4103,3,
WDS_Virginia_Pine_P1,V-12,132,26,B,,1.59,1.582,0.614,0.6,0.4458,0.4366,3,
WDS_Virginia_Pine_P1,V-12,132,27,A,,1.388,1.388,0.596,0.538,0.5044,0.4477,3,
WDS_Virginia_Pine_P1,V-12,132,27,B,,1.314,1.314,0.476,0.51,0.4142,0.4484,3,
WDS_Virginia_Pine_P1,V-12,132,28,A,,1.312,1.316,0.582,0.456,0.5241,0.3938,3,
WDS_Virginia_Pine_P1,V-12,132,28,B,,1.742,1.748,0.654,0.638,0.4316,0.4178,3,
WDS_Virginia_Pine_P1,V-12,132,29,A,,1.398,1.362,0.548,0.518,0.4536,0.438,3,
WDS_Virginia_Pine_P1,V-12,132,29,B,,1.21,1.21,0.466,0.45,0.4444,0.4269,3,
WDS_Virginia_Pine_P1,V-12,132,30,A,,0.884,0.892,0.342,0.334,0.4467,0.4302,3,
WDS_Virginia_Pine_P1,V-13,132,16,A,,1.268,1.278,0.466,0.452,0.4211,0.4031,3,
WDS_Virginia_Pine_P1,V-13,132,30,B,,1.23,1.24,0.472,0.432,0.4426,0.3962,3,
WDS_Virginia_Pine_P1,V-13,132,30,A,,1.282,1.292,0.456,0.444,0.4057,0.3901,3,
WDS_Virginia_Pine_P1,V-13,132,29,B,,1.958,1.964,0.728,0.706,0.4268,0.4106,3,
WDS_Virginia_Pine_P1,V-13,132,29,A,,1.822,1.838,0.69,0.654,0.4359,0.4058,3,
WDS_Virginia_Pine_P1,V-13,132,28,B,,1.546,1.558,0.546,0.534,0.4024,0.3889,3,
WDS_Virginia_Pine_P1,V-13,132,28,A,,1.802,1.804,0.65,0.628,0.4122,0.3959,3,
WDS_Virginia_Pine_P1,V-13,132,27,B,,1.172,1.188,0.466,0.458,0.4611,0.4449,3,
WDS_Virginia_Pine_P1,V-13,132,27,A,,1.078,1.09,0.422,0.412,0.4529,0.4349,3,
WDS_Virginia_Pine_P1,V-13,132,26,B,,1.722,1.736,0.654,0.622,0.4373,0.4091,3,
WDS_Virginia_Pine_P1,V-13,132,26,A,,1.742,1.75,0.656,0.622,0.4331,0.4053,3,
WDS_Virginia_Pine_P1,V-13,132,25,B,,1.308,1.32,0.472,0.462,0.4124,0.3983,3,
WDS_Virginia_Pine_P1,V-13,132,25,A,,1.068,1.082,0.376,0.368,0.401,0.3855,3,
WDS_Virginia_Pine_P1,V-13,132,24,B,,1.612,1.62,0.614,0.572,0.4388,0.4023,3,
WDS_Virginia_Pine_P1,V-13,132,24,A,,1.91,1.92,0.72,0.68,0.4336,0.4037,3,
WDS_Virginia_Pine_P1,V-13,132,23,B,,1.44,1.45,0.546,0.528,0.4365,0.4167,3,
WDS_Virginia_Pine_P1,V-13,132,23,A,,1.55,1.558,0.592,0.578,0.4402,0.4257,3,
WDS_Virginia_Pine_P1,V-13,132,22,B,,1.278,1.29,0.5,0.49,0.4526,0.4374,3,
WDS_Virginia_Pine_P1,V-13,132,22,A,,1.528,1.538,0.59,0.576,0.4457,0.4303,3,
WDS_Virginia_Pine_P1,V-13,132,21,B,,0.988,1.002,0.354,0.348,0.4091,0.3948,3,
WDS_Virginia_Pine_P1,V-13,132,21,A,,1.32,1.326,0.468,0.456,0.4042,0.3904,3,
WDS_Virginia_Pine_P1,V-13,132,20,B,,1.652,1.658,0.602,0.584,0.4171,0.4012,3,
WDS_Virginia_Pine_P1,V-13,132,20,A,,1.738,1.748,0.636,0.608,0.4191,0.3955,3,
WDS_Virginia_Pine_P1,V-13,132,19,B,,1.922,1.93,0.772,0.74,0.4666,0.4421,3,
WDS_Virginia_Pine_P1,V-13,132,19,A,,1.924,1.934,0.78,0.74,0.4716,0.4411,3,
WDS_Virginia_Pine_P1,V-13,132,18,B,,1.358,1.368,0.52,0.506,0.4415,0.4242,3,
WDS_Virginia_Pine_P1,V-13,132,18,A,,1.394,1.402,0.542,0.528,0.4493,0.4331,3,
WDS_Virginia_Pine_P1,V-13,132,17,B,,1.388,1.4,0.504,0.48,0.4154,0.3891,3,
WDS_Virginia_Pine_P1,V-13,132,17,A,,1.31,1.322,0.474,0.452,0.4137,0.3878,3,
WDS_Virginia_Pine_P1,V-13,132,16,B,,1.302,1.31,0.47,0.46,0.4126,0.3998,3,
WDS_Virginia_Pine_P1,V-13,132,15,B,,1.274,1.284,0.474,0.454,0.4271,0.4029,3,
WDS_Virginia_Pine_P1,V-13,132,15,A,,1.298,1.302,0.478,0.46,0.4221,0.4026,3,
WDS_Virginia_Pine_P1,V-13,132,14,B,,1.542,1.55,0.556,0.54,0.412,0.3962,3,
WDS_Virginia_Pine_P1,V-13,132,14,A,,1.522,1.526,0.548,0.534,0.4114,0.3982,3,
WDS_Virginia_Pine_P1,V-13,132,13,B,,1.756,1.76,0.65,0.638,0.4246,0.4146,3,
WDS_Virginia_Pine_P1,V-13,132,13,A,,1.6,1.602,0.592,0.574,0.4244,0.4091,3,
WDS_Virginia_Pine_P1,V-13,132,12,B,,1.062,1.068,0.376,0.364,0.4035,0.3864,3,
WDS_Virginia_Pine_P1,V-13,132,12,A,,0.998,1.008,0.37,0.352,0.4254,0.3973,3,
WDS_Virginia_Pine_P1,V-13,132,11,B,,1.798,1.798,0.822,0.728,0.5432,0.4709,3,
WDS_Virginia_Pine_P1,V-13,132,11,A,,1.654,1.652,0.656,0.628,0.4598,0.4378,3,
WDS_Virginia_Pine_P1,V-13,132,10,B,,2.09,2.102,0.78,0.76,0.4286,0.4133,3,
WDS_Virginia_Pine_P1,V-13,132,10,A,,1.582,1.59,0.602,0.586,0.4383,0.4225,3,
WDS_Virginia_Pine_P1,V-13,132,9,B,,2.402,2.42,1.05,1.018,0.5151,0.4924,3,
WDS_Virginia_Pine_P1,V-13,132,9,A,,1.688,1.698,0.644,0.602,0.4396,0.4042,3,
WDS_Virginia_Pine_P1,V-13,132,8,B,,1.288,1.3,0.516,0.502,0.4652,0.4458,3,
WDS_Virginia_Pine_P1,V-13,132,8,A,,1.04,1.05,0.41,0.4,0.4566,0.4389,3,
WDS_Virginia_Pine_P1,V-13,132,7,B,,1.672,1.682,0.616,0.594,0.4223,0.4024,3,
WDS_Virginia_Pine_P1,V-13,132,7,A,,1.892,1.904,0.699,0.672,0.4237,0.4021,3,
WDS_Virginia_Pine_P1,V-13,132,6,B,,2.146,2.16,0.85,0.796,0.4591,0.4224,3,
WDS_Virginia_Pine_P1,V-13,132,6,A,,1.912,1.924,0.708,0.672,0.4248,0.3973,3,
WDS_Virginia_Pine_P1,V-13,132,5,B,,1.622,1.636,0.614,0.594,0.4357,0.4153,3,
WDS_Virginia_Pine_P1,V-13,132,5,A,,1.694,1.714,0.654,0.632,0.4457,0.4227,3,
WDS_Virginia_Pine_P1,V-13,132,4,B,,1.352,1.366,0.566,0.552,0.4896,0.4699,3,
WDS_Virginia_Pine_P1,V-13,132,4,A,,1.132,1.152,0.476,0.454,0.4922,0.4564,3,
WDS_Virginia_Pine_P1,V-13,132,3,B,,1.514,1.52,0.626,0.606,0.4826,0.4626,3,
WDS_Virginia_Pine_P1,V-13,132,3,A,,1.31,1.32,0.532,0.518,0.4726,0.4542,3,
WDS_Virginia_Pine_P1,V-13,132,2,B,,1.498,1.508,0.584,0.568,0.4507,0.4332,3,
WDS_Virginia_Pine_P1,V-13,132,2,A,,1.548,1.56,0.656,0.628,0.4967,0.4678,3,
WDS_Virginia_Pine_P1,V-13,132,1,B,,1.468,1.472,0.576,0.528,0.4541,0.4096,3,
WDS_Virginia_Pine_P1,V-13,132,1,A,,1.27,1.28,0.474,0.452,0.4286,0.4023,3,
WDS_Virginia_Pine_P1,V-14,132,8,B,,2.418,2.418,0.952,0.914,0.4559,0.435,3,
WDS_Virginia_Pine_P1,V-14,132,1,A,,1.306,1.304,0.472,0.458,0.4131,0.3999,3,
WDS_Virginia_Pine_P1,V-14,132,1,B,,1.11,1.118,0.396,0.392,0.4071,0.3991,3,
WDS_Virginia_Pine_P1,V-14,132,2,A,,1.388,1.392,0.308,0.328,0.2404,0.2566,3,
WDS_Virginia_Pine_P1,V-14,132,2,B,,0.924,0.93,0.542,0.51,0.7362,0.677,3,
WDS_Virginia_Pine_P1,V-14,132,3,A,,1.182,1.174,0.462,0.444,0.4521,0.4352,3,
WDS_Virginia_Pine_P1,V-14,132,3,B,,1.088,1.092,0.392,0.39,0.4117,0.4076,3,
WDS_Virginia_Pine_P1,V-14,132,4,A,,0.966,0.964,0.372,0.36,0.4444,0.4289,3,
WDS_Virginia_Pine_P1,V-14,132,4,B,,0.816,0.816,0.29,0.292,0.4053,0.4085,3,
WDS_Virginia_Pine_P1,V-14,132,5,A,,0.914,0.918,0.322,0.322,0.4013,0.3993,3,
WDS_Virginia_Pine_P1,V-14,132,5,B,,1.192,1.19,0.422,0.418,0.4035,0.3999,3,
WDS_Virginia_Pine_P1,V-14,132,6,A,,1.122,1.12,0.42,0.41,0.4301,0.4192,3,
WDS_Virginia_Pine_P1,V-14,132,6,B,,1.526,1.532,0.536,0.526,0.3999,0.3897,3,
WDS_Virginia_Pine_P1,V-14,132,7,A,,1.1,1.108,0.38,0.372,0.3924,0.3799,3,
WDS_Virginia_Pine_P1,V-14,132,7,B,,1.034,1.04,0.348,0.346,0.381,0.376,3,
WDS_Virginia_Pine_P1,V-14,132,8,A,,1.872,1.874,0.672,0.65,0.41,0.3942,3,
WDS_Virginia_Pine_P1,V-14,132,9,A,,1.078,1.088,0.394,0.39,0.4185,0.4093,3,
WDS_Virginia_Pine_P1,V-14,132,9,B,,1.108,1.112,0.432,0.426,0.4508,0.4417,3,
WDS_Virginia_Pine_P1,V-14,132,10,A,,1.546,1.542,0.552,0.538,0.4074,0.3969,3,
WDS_Virginia_Pine_P1,V-14,132,10,B,,1.294,1.294,0.55,0.476,0.4984,0.4216,3,
WDS_Virginia_Pine_P1,V-14,132,11,A,,1.072,1.082,0.404,0.396,0.4335,0.4191,3,
WDS_Virginia_Pine_P1,V-14,132,11,B,,0.97,0.978,0.378,0.372,0.4505,0.4381,3,
WDS_Virginia_Pine_P1,V-14,132,12,A,,1.314,1.32,0.492,0.468,0.4302,0.4042,3,
WDS_Virginia_Pine_P1,V-14,132,12,B,,1.356,1.358,0.49,0.464,0.4131,0.3875,3,
WDS_Virginia_Pine_P1,V-14,132,13,A,,1.97,1.972,0.734,0.722,0.4278,0.4193,3,
WDS_Virginia_Pine_P1,V-14,132,13,B,,1.69,1.692,0.61,0.602,0.4125,0.4058,3,
WDS_Virginia_Pine_P1,V-14,132,14,A,,1.936,1.936,0.786,0.768,0.4724,0.4599,3,
WDS_Virginia_Pine_P1,V-14,132,14,B,,1.93,1.936,0.74,0.728,0.4421,0.4324,3,
WDS_Virginia_Pine_P1,V-14,132,15,A,,1.368,1.37,0.544,0.506,0.4612,0.4235,3,
WDS_Virginia_Pine_P1,V-14,132,15,B,,1.552,1.554,0.592,0.558,0.4395,0.4101,3,
WDS_Virginia_Pine_P1,V-14,132,16,A,,1.132,1.144,0.47,0.462,0.4849,0.4695,3,
WDS_Virginia_Pine_P1,V-14,132,16,B,,2.078,2.09,0.912,0.894,0.5176,0.5022,3,
WDS_Virginia_Pine_P1,V-14,132,17,A,,2.612,2.61,0.98,0.948,0.4312,0.4155,3,
WDS_Virginia_Pine_P1,V-14,132,17,B,,1.902,1.908,0.692,0.672,0.4163,0.4011,3,
WDS_Virginia_Pine_P1,V-14,132,18,A,,3.028,2.07,1.192,1.142,0.4558,0.682,3,
WDS_Virginia_Pine_P1,V-14,132,18,B,,1.852,1.848,0.84,0.678,0.5381,0.4203,3,
WDS_Virginia_Pine_P1,V-14,132,19,A,,2.578,2.586,0.992,0.97,0.444,0.4311,3,
WDS_Virginia_Pine_P1,V-14,132,19,B,,2.008,2.02,0.83,0.814,0.4824,0.4683,3,
WDS_Virginia_Pine_P1,V-14,132,20,A,,1.69,1.694,0.72,0.692,0.4998,0.4758,3,
WDS_Virginia_Pine_P1,V-14,132,20,B,,1.502,1.506,0.59,0.572,0.4547,0.4374,3,
WDS_Virginia_Pine_P1,V-14,132,21,A,,1.146,1.152,0.452,0.444,0.4568,0.4448,3,
WDS_Virginia_Pine_P1,V-14,132,21,B,,0.976,0.98,0.37,0.362,0.4364,0.4236,3,
WDS_Virginia_Pine_P1,V-14,132,22,A,,1.048,1.054,0.436,0.428,0.4861,0.4725,3,
WDS_Virginia_Pine_P1,V-14,132,22,B,,1.084,1.096,0.448,0.438,0.4823,0.4638,3,
WDS_Virginia_Pine_P1,V-14,132,23,A,,1.506,1.514,0.642,0.62,0.5002,0.4772,3,
WDS_Virginia_Pine_P1,V-14,132,23,B,,1.274,1.278,0.55,0.536,0.5076,0.4907,3,
WDS_Virginia_Pine_P1,V-14,132,24,A,,1.71,1.718,0.702,0.69,0.4786,0.4665,3,
WDS_Virginia_Pine_P1,V-14,132,24,B,,1.344,1.354,0.554,0.548,0.4809,0.4707,3,
WDS_Virginia_Pine_P1,V-14,132,25,A,,3.068,3.062,1.198,1.146,0.4516,0.43,3,
WDS_Virginia_Pine_P1,V-14,132,25,B,,3.032,3.028,1.156,1.104,0.4393,0.4173,3,
WDS_Virginia_Pine_P1,V-14,132,26,A,,1.652,1.656,0.7,0.678,0.4966,0.4771,3,
WDS_Virginia_Pine_P1,V-14,132,26,B,,1.022,1.018,0.382,0.372,0.4294,0.4184,3,
WDS_Virginia_Pine_P1,V-14,132,27,A,,2.49,2.488,1.01,0.982,0.4719,0.4572,3,
WDS_Virginia_Pine_P1,V-14,132,27,B,,3.658,3.648,1.568,1.498,0.5034,0.4787,3,
WDS_Virginia_Pine_P1,V-14,132,28,A,,1.49,1.498,0.606,0.582,0.4734,0.4489,3,
WDS_Virginia_Pine_P1,V-14,132,28,B,,1.378,1.382,0.552,0.542,0.4651,0.4538,3,
WDS_Virginia_Pine_P1,V-14,132,29,A,,1.756,1.766,0.664,0.638,0.4351,0.4129,3,
WDS_Virginia_Pine_P1,V-14,132,29,B,,1.66,1.662,0.592,0.574,0.4069,0.3923,3,
WDS_Virginia_Pine_P1,V-14,132,30,A,,1.802,1.806,0.738,0.726,0.4773,0.467,3,
WDS_Virginia_Pine_P1,V-14,132,30,B,,1.62,1.622,0.654,0.644,0.4693,0.4604,3,
WDS_Virginia_Pine_P1,V-15,132,16,A,,1.17,1.188,0.422,0.418,0.4122,0.4007,3,
WDS_Virginia_Pine_P1,V-15,132,16,B,,1.282,1.302,0.482,0.472,0.4323,0.4146,3,
WDS_Virginia_Pine_P1,V-15,132,17,A,,1.266,1.28,0.504,0.492,0.4618,0.4434,3,
WDS_Virginia_Pine_P1,V-15,132,17,B,,0.814,0.824,0.328,0.312,0.4683,0.4358,3,
WDS_Virginia_Pine_P1,V-15,132,18,A,,1.512,1.538,0.542,0.526,0.4093,0.388,3,
WDS_Virginia_Pine_P1,V-15,132,18,B,,1.226,1.242,0.428,0.408,0.3971,0.3707,3,
WDS_Virginia_Pine_P1,V-15,132,19,A,,1.418,1.422,0.62,0.566,0.5153,0.4617,3,
WDS_Virginia_Pine_P1,V-15,132,19,B,,1.604,1.63,0.656,0.624,0.4765,0.4414,3,
WDS_Virginia_Pine_P1,V-15,132,20,A,,1.232,1.248,0.466,0.46,0.4353,0.4225,3,
WDS_Virginia_Pine_P1,V-15,132,20,B,,1.102,1.118,0.432,0.428,0.4536,0.4414,3,
WDS_Virginia_Pine_P1,V-15,132,21,A,,1.294,1.31,0.432,0.428,0.3775,0.3684,3,
WDS_Virginia_Pine_P1,V-15,132,21,B,,1.176,1.19,0.402,0.392,0.3878,0.3718,3,
WDS_Virginia_Pine_P1,V-15,132,22,A,,1.262,1.276,0.51,0.498,0.4699,0.4513,3,
WDS_Virginia_Pine_P1,V-15,132,22,B,,1.09,1.106,0.43,0.422,0.4569,0.4397,3,
WDS_Virginia_Pine_P1,V-15,132,23,A,,1.23,1.248,0.488,0.472,0.46,0.4352,3,
WDS_Virginia_Pine_P1,V-15,132,23,B,,1.378,1.402,0.542,0.528,0.4554,0.4331,3,
WDS_Virginia_Pine_P1,V-15,132,24,A,,1.848,1.87,0.758,0.732,0.4781,0.4528,3,
WDS_Virginia_Pine_P1,V-15,132,24,B,,1.468,1.488,0.598,0.576,0.4743,0.447,3,
WDS_Virginia_Pine_P1,V-15,132,25,A,,2.132,2.148,0.898,0.808,0.4932,0.4325,3,
WDS_Virginia_Pine_P1,V-15,132,25,B,,2.16,2.182,0.904,0.822,0.4895,0.4333,3,
WDS_Virginia_Pine_P1,V-15,132,26,A,,0.998,1.018,0.354,0.346,0.4044,0.3852,3,
WDS_Virginia_Pine_P1,V-15,132,26,B,,1.16,1.182,0.422,0.412,0.4162,0.3964,3,
WDS_Virginia_Pine_P1,V-15,132,27,A,,1.334,1.358,0.516,0.496,0.4467,0.4181,3,
WDS_Virginia_Pine_P1,V-15,132,27,B,,1.548,1.568,0.61,0.59,0.4564,0.4327,3,
WDS_Virginia_Pine_P1,V-15,132,28,A,,1.704,1.728,0.618,0.596,0.4148,0.3917,3,
WDS_Virginia_Pine_P1,V-15,132,28,B,,1.198,1.212,0.402,0.388,0.3797,0.3601,3,
WDS_Virginia_Pine_P1,V-15,132,29,A,,1.142,1.154,0.406,0.398,0.4054,0.3917,3,
WDS_Virginia_Pine_P1,V-15,132,29,B,,0.984,0.992,0.352,0.344,0.4083,0.3941,3,
WDS_Virginia_Pine_P1,V-15,132,30,A,,1.084,1.094,0.418,0.392,0.4451,0.4091,3,
WDS_Virginia_Pine_P1,V-15,132,30,B,,1.314,1.334,0.502,0.486,0.4403,0.4169,3,
WDS_Virginia_Pine_P1,V-15,132,1,A,,1.066,1.066,0.384,0.364,0.4116,0.3873,3,
WDS_Virginia_Pine_P1,V-15,132,1,B,,1.298,1.302,0.494,0.48,0.4384,0.4226,3,
WDS_Virginia_Pine_P1,V-15,132,2,A,,1.352,1.358,0.47,0.452,0.3952,0.3762,3,
WDS_Virginia_Pine_P1,V-15,132,2,B,,1.258,1.268,0.438,0.428,0.3959,0.3822,3,
WDS_Virginia_Pine_P1,V-15,132,3,A,,0.97,0.972,0.36,0.354,0.4259,0.4168,3,
WDS_Virginia_Pine_P1,V-15,132,3,B,,0.994,1.002,0.384,0.368,0.446,0.4208,3,
WDS_Virginia_Pine_P1,V-15,132,4,A,,1.086,1.088,0.416,0.39,0.4417,0.4093,3,
WDS_Virginia_Pine_P1,V-15,132,4,B,,1.08,1.086,0.408,0.388,0.4347,0.4077,3,
WDS_Virginia_Pine_P1,V-15,132,5,A,,0.992,1,0.374,0.362,0.4337,0.4139,3,
WDS_Virginia_Pine_P1,V-15,132,5,B,,1.09,1.094,0.4,0.39,0.4204,0.4067,3,
WDS_Virginia_Pine_P1,V-15,132,6,A,,1.418,1.418,0.544,0.512,0.4424,0.4127,3,
WDS_Virginia_Pine_P1,V-15,132,6,B,,1.142,1.152,0.43,0.418,0.433,0.415,3,
WDS_Virginia_Pine_P1,V-15,132,7,A,,1.44,1.444,0.57,0.548,0.4587,0.4369,3,
WDS_Virginia_Pine_P1,V-15,132,7,B,,1.088,1.08,0.51,0.42,0.5596,0.4494,3,
WDS_Virginia_Pine_P1,V-15,132,8,A,,1.548,1.56,0.552,0.538,0.4068,0.3917,3,
WDS_Virginia_Pine_P1,V-15,132,8,B,,1.398,1.412,0.488,0.478,0.3971,0.3835,3,
WDS_Virginia_Pine_P1,V-15,132,9,A,,1.448,1.46,0.56,0.55,0.4466,0.4332,3,
WDS_Virginia_Pine_P1,V-15,132,9,B,,1.638,1.648,0.642,0.632,0.4535,0.4422,3,
WDS_Virginia_Pine_P1,V-15,132,10,A,,1.298,1.31,0.49,0.478,0.4343,0.4177,3,
WDS_Virginia_Pine_P1,V-15,132,10,B,,1.08,1.092,0.4,0.378,0.4249,0.3933,3,
WDS_Virginia_Pine_P1,V-15,132,11,A,,1.56,1.568,0.712,0.674,0.5421,0.505,3,
WDS_Virginia_Pine_P1,V-15,132,11,B,,1.772,1.79,0.73,0.704,0.4805,0.4553,3,
WDS_Virginia_Pine_P1,V-15,132,12,A,,1.17,1.18,0.462,0.454,0.4574,0.4439,3,
WDS_Virginia_Pine_P1,V-15,132,12,B,,1.162,1.18,0.458,0.448,0.4565,0.4372,3,
WDS_Virginia_Pine_P1,V-15,132,13,A,,1.162,1.17,0.412,0.404,0.4042,0.3922,3,
WDS_Virginia_Pine_P1,V-15,132,13,B,,0.892,0.906,0.306,0.3,0.3893,0.374,3,
WDS_Virginia_Pine_P1,V-15,132,14,A,,1.242,1.254,0.532,0.526,0.503,0.4908,3,
WDS_Virginia_Pine_P1,V-15,132,14,B,,0.926,0.934,0.392,0.388,0.4961,0.4852,3,
WDS_Virginia_Pine_P1,V-15,132,15,A,,1.78,1.788,0.768,0.698,0.5073,0.4514,3,
WDS_Virginia_Pine_P1,V-15,132,15,B,,1.4,1.418,0.548,0.532,0.4528,0.4312,3,
WDS_Virginia_Pine_P1,V-16,132,15,B,,1.732,1.732,0.608,0.592,0.3996,0.3877,3,
WDS_Virginia_Pine_P1,V-16,132,16,B,,2.208,2.21,0.848,0.802,0.443,0.4151,3,
WDS_Virginia_Pine_P1,V-16,132,17,A,,2.088,2.108,0.776,0.75,0.4266,0.4058,3,
WDS_Virginia_Pine_P1,V-16,132,17,B,,1.402,1.422,0.502,0.484,0.4088,0.3859,3,
WDS_Virginia_Pine_P1,V-16,132,18,A,,1.47,1.48,0.502,0.478,0.3873,0.3637,3,
WDS_Virginia_Pine_P1,V-16,132,18,B,,1.688,1.686,0.702,0.542,0.4859,0.3618,3,
WDS_Virginia_Pine_P1,V-16,132,19,A,,2.38,2.378,0.91,0.892,0.4407,0.4311,3,
WDS_Virginia_Pine_P1,V-16,132,19,B,,1.722,1.732,0.638,0.622,0.4251,0.4101,3,
WDS_Virginia_Pine_P1,V-16,132,20,A,,1.192,1.2,0.412,0.402,0.3926,0.379,3,
WDS_Virginia_Pine_P1,V-16,132,20,B,,1.148,1.164,0.4,0.388,0.3963,0.3768,3,
WDS_Virginia_Pine_P1,V-16,132,21,A,,1.2,1.216,0.452,0.432,0.4332,0.4051,3,
WDS_Virginia_Pine_P1,V-16,132,21,B,,0.962,0.97,0.35,0.334,0.4163,0.391,3,
WDS_Virginia_Pine_P1,V-16,132,22,A,,1.092,1.102,0.412,0.398,0.434,0.4128,3,
WDS_Virginia_Pine_P1,V-16,132,22,B,,1.09,1.102,0.428,0.418,0.4545,0.4367,3,
WDS_Virginia_Pine_P1,V-16,132,23,A,,1.736,1.736,0.628,0.618,0.4136,0.4061,3,
WDS_Virginia_Pine_P1,V-16,132,23,B,,1.738,1.732,0.618,0.604,0.4055,0.3966,3,
WDS_Virginia_Pine_P1,V-16,132,24,A,,1.468,1.482,0.52,0.502,0.4038,0.3838,3,
WDS_Virginia_Pine_P1,V-16,132,24,B,,1.496,1.494,0.54,0.516,0.4125,0.3923,3,
WDS_Virginia_Pine_P1,V-16,132,25,A,,2.52,2.508,0.974,0.942,0.4463,0.4318,3,
WDS_Virginia_Pine_P1,V-16,132,25,B,,2.512,2.502,0.984,0.944,0.4532,0.434,3,
WDS_Virginia_Pine_P1,V-16,132,26,A,,1.232,1.246,0.448,0.432,0.416,0.394,3,
WDS_Virginia_Pine_P1,V-16,132,26,B,,1.24,1.248,0.464,0.454,0.4299,0.4162,3,
WDS_Virginia_Pine_P1,V-16,132,27,A,,1.042,1.05,0.418,0.412,0.4659,0.4541,3,
WDS_Virginia_Pine_P1,V-16,132,27,B,,1.478,1.482,0.59,0.58,0.4632,0.4527,3,
WDS_Virginia_Pine_P1,V-16,132,28,A,,1.538,1.556,0.648,0.62,0.4933,0.4623,3,
WDS_Virginia_Pine_P1,V-16,132,28,B,,1.662,1.666,0.668,0.638,0.4669,0.4415,3,
WDS_Virginia_Pine_P1,V-16,132,29,A,,1.098,1.12,0.422,0.4,0.4434,0.4076,3,
WDS_Virginia_Pine_P1,V-16,132,29,B,,1.05,1.06,0.418,0.398,0.4618,0.4316,3,
WDS_Virginia_Pine_P1,V-16,132,30,A,,1.222,1.234,0.47,0.454,0.4437,0.4216,3,
WDS_Virginia_Pine_P1,V-16,132,30,B,,1.708,1.71,0.69,0.666,0.4697,0.4502,3,
WDS_Virginia_Pine_P1,V-16,132,1,A,,2.242,2.222,0.82,0.788,0.4188,0.4043,3,
WDS_Virginia_Pine_P1,V-16,132,1,B,,1.6,1.582,0.566,0.532,0.4032,0.3806,3,
WDS_Virginia_Pine_P1,V-16,132,2,A,,1.49,1.488,0.542,0.506,0.4162,0.3855,3,
WDS_Virginia_Pine_P1,V-16,132,2,B,,0.974,0.972,0.312,0.296,0.3603,0.3404,3,
WDS_Virginia_Pine_P1,V-16,132,3,A,,1.778,1.774,0.736,0.66,0.4832,0.4271,3,
WDS_Virginia_Pine_P1,V-16,132,3,B,,1.018,1.018,0.352,0.342,0.3928,0.3802,3,
WDS_Virginia_Pine_P1,V-16,132,4,A,,2.178,2.184,0.814,0.782,0.4293,0.4088,3,
WDS_Virginia_Pine_P1,V-16,132,4,B,,1.774,1.776,0.662,0.638,0.4286,0.4103,3,
WDS_Virginia_Pine_P1,V-16,132,5,A,,2.078,2.082,0.77,0.722,0.4251,0.3941,3,
WDS_Virginia_Pine_P1,V-16,132,5,B,,1.578,1.566,0.554,0.526,0.3997,0.3801,3,
WDS_Virginia_Pine_P1,V-16,132,6,A,,1.79,1.78,0.69,0.65,0.4449,0.4181,3,
WDS_Virginia_Pine_P1,V-16,132,6,B,,1.752,1.746,0.628,0.6,0.4093,0.3901,3,
WDS_Virginia_Pine_P1,V-16,132,7,A,,1.172,1.172,0.392,0.382,0.3783,0.3674,3,
WDS_Virginia_Pine_P1,V-16,132,7,B,,0.922,0.922,0.308,0.298,0.3778,0.364,3,
WDS_Virginia_Pine_P1,V-16,132,8,A,,1.16,1.16,0.442,0.438,0.439,0.4344,3,
WDS_Virginia_Pine_P1,V-16,132,8,B,,1.134,1.14,0.428,0.42,0.4342,0.4223,3,
WDS_Virginia_Pine_P1,V-16,132,9,A,,1.374,1.368,0.468,0.45,0.3862,0.3713,3,
WDS_Virginia_Pine_P1,V-16,132,9,B,,1.006,1,0.35,0.338,0.3956,0.3828,3,
WDS_Virginia_Pine_P1,V-16,132,10,A,,2.218,2.202,0.826,0.802,0.4276,0.4168,3,
WDS_Virginia_Pine_P1,V-16,132,10,B,,2.4,2.388,0.93,0.88,0.4476,0.4224,3,
WDS_Virginia_Pine_P1,V-16,132,11,A,,2.098,2.1,0.862,0.806,0.479,0.4427,3,
WDS_Virginia_Pine_P1,V-16,132,11,B,,1.558,1.562,0.598,0.576,0.4427,0.4228,3,
WDS_Virginia_Pine_P1,V-16,132,12,A,,1.45,1.462,0.562,0.546,0.4477,0.429,3,
WDS_Virginia_Pine_P1,V-16,132,12,B,,1.012,1.018,0.354,0.346,0.398,0.3852,3,
WDS_Virginia_Pine_P1,V-16,132,13,A,,1.712,1.716,0.604,0.578,0.4019,0.3813,3,
WDS_Virginia_Pine_P1,V-16,132,13,B,,2.338,2.318,0.898,0.846,0.443,0.4178,3,
WDS_Virginia_Pine_P1,V-16,132,14,A,,2.16,2.182,0.908,0.876,0.492,0.4663,3,
WDS_Virginia_Pine_P1,V-16,132,14,B,,1.422,1.428,0.566,0.54,0.4617,0.4352,3,
WDS_Virginia_Pine_P1,V-16,132,15,A,,2.17,2.16,0.772,0.75,0.4058,0.3947,3,
WDS_Virginia_Pine_P1,V-16,132,16,A,,2.352,2.35,0.85,0.822,0.4131,0.398,3,
WDS_Virginia_Pine_P1,V-17,132,15,B,,1.486,1.498,0.534,0.52,0.4104,0.3946,3,
WDS_Virginia_Pine_P1,V-17,132,30,B,,1.41,1.42,0.54,0.524,0.4416,0.4231,3,
WDS_Virginia_Pine_P1,V-17,132,30,A,,1.234,1.246,0.472,0.462,0.4409,0.4254,3,
WDS_Virginia_Pine_P1,V-17,132,29,B,,1.492,1.5,0.574,0.56,0.4439,0.4288,3,
WDS_Virginia_Pine_P1,V-17,132,29,A,,1.658,1.668,0.63,0.614,0.4376,0.4219,3,
WDS_Virginia_Pine_P1,V-17,132,28,B,,1.462,1.462,0.546,0.524,0.429,0.4092,3,
WDS_Virginia_Pine_P1,V-17,132,28,A,,1.302,1.304,0.518,0.468,0.4614,0.4098,3,
WDS_Virginia_Pine_P1,V-17,132,27,B,,1.546,1.55,0.596,0.57,0.4449,0.4214,3,
WDS_Virginia_Pine_P1,V-17,132,27,A,,1.588,1.594,0.598,0.588,0.4331,0.4229,3,
WDS_Virginia_Pine_P1,V-17,132,26,B,,1.822,1.818,0.682,0.63,0.4301,0.3938,3,
WDS_Virginia_Pine_P1,V-17,132,26,A,,1.67,1.674,0.63,0.578,0.434,0.3922,3,
WDS_Virginia_Pine_P1,V-17,132,25,B,,2.482,2.482,1.034,0.968,0.4869,0.4509,3,
WDS_Virginia_Pine_P1,V-17,132,25,A,,1.406,1.408,0.512,0.488,0.4167,0.3939,3,
WDS_Virginia_Pine_P1,V-17,132,24,B,,2.368,2.368,0.96,0.884,0.4716,0.4288,3,
WDS_Virginia_Pine_P1,V-17,132,24,A,,1.688,1.692,0.682,0.614,0.4698,0.4151,3,
WDS_Virginia_Pine_P1,V-17,132,23,B,,1.234,1.234,0.45,0.432,0.4174,0.3984,3,
WDS_Virginia_Pine_P1,V-17,132,23,A,,1.236,1.242,0.452,0.434,0.4187,0.3976,3,
WDS_Virginia_Pine_P1,V-17,132,22,B,,,,,,,,3,
WDS_Virginia_Pine_P1,V-17,132,22,A,,1.054,1.058,0.344,0.334,0.368,0.3545,3,
WDS_Virginia_Pine_P1,V-17,132,21,B,,1.734,1.736,0.644,0.602,0.4262,0.3941,3,
WDS_Virginia_Pine_P1,V-17,132,21,A,,1.854,1.852,0.688,0.634,0.4258,0.3884,3,
WDS_Virginia_Pine_P1,V-17,132,20,B,,1.54,1.546,0.57,0.538,0.4246,0.3957,3,
WDS_Virginia_Pine_P1,V-17,132,20,A,,1.47,1.48,0.53,0.51,0.412,0.3913,3,
WDS_Virginia_Pine_P1,V-17,132,19,B,,1.39,1.392,0.65,0.586,0.558,0.4928,3,
WDS_Virginia_Pine_P1,V-17,132,19,A,,1.728,1.734,0.71,0.642,0.4791,0.4247,3,
WDS_Virginia_Pine_P1,V-17,132,18,B,,0.88,0.886,0.332,0.322,0.434,0.4158,3,
WDS_Virginia_Pine_P1,V-17,132,18,A,,1.322,1.328,0.506,0.49,0.4413,0.423,3,
WDS_Virginia_Pine_P1,V-17,132,17,B,,1.234,1.242,0.428,0.41,0.3942,0.3727,3,
WDS_Virginia_Pine_P1,V-17,132,17,A,,1.732,1.744,0.616,0.592,0.4056,0.3847,3,
WDS_Virginia_Pine_P1,V-17,132,16,B,,1.156,1.166,0.4,0.394,0.3931,0.3827,3,
WDS_Virginia_Pine_P1,V-17,132,1,A,,1.374,1.382,0.624,0.586,0.5389,0.497,3,
WDS_Virginia_Pine_P1,V-17,132,1,B,,1.202,1.202,0.458,0.426,0.439,0.404,3,
WDS_Virginia_Pine_P1,V-17,132,2,A,,0.93,0.938,0.358,0.336,0.4442,0.409,3,
WDS_Virginia_Pine_P1,V-17,132,2,B,,0.832,0.836,0.31,0.284,0.4278,0.385,3,
WDS_Virginia_Pine_P1,V-17,132,3,A,,1.718,1.732,0.688,0.62,0.465,0.4086,3,
WDS_Virginia_Pine_P1,V-17,132,3,B,,1.612,1.624,0.666,0.588,0.4822,0.414,3,
WDS_Virginia_Pine_P1,V-17,132,4,A,,1.682,1.69,0.61,0.534,0.4148,0.3548,3,
WDS_Virginia_Pine_P1,V-17,132,4,B,,1.202,1.212,0.4,0.376,0.3761,0.3476,3,
WDS_Virginia_Pine_P1,V-17,132,5,A,,1.228,1.24,0.498,0.446,0.4718,0.4109,3,
WDS_Virginia_Pine_P1,V-17,132,5,B,,1.192,1.194,0.47,0.414,0.4567,0.3941,3,
WDS_Virginia_Pine_P1,V-17,132,6,A,,0.974,0.974,0.382,0.362,0.4539,0.4266,3,
WDS_Virginia_Pine_P1,V-17,132,6,B,,1.072,1.08,0.412,0.388,0.4434,0.4103,3,
WDS_Virginia_Pine_P1,V-17,132,7,A,,1.082,1.088,0.384,0.366,0.4046,0.3808,3,
WDS_Virginia_Pine_P1,V-17,132,7,B,,0.968,0.972,0.352,0.332,0.416,0.3874,3,
WDS_Virginia_Pine_P1,V-17,132,8,A,,1.108,1.118,0.422,0.404,0.4388,0.4131,3,
WDS_Virginia_Pine_P1,V-17,132,8,B,,1.188,1.198,0.468,0.44,0.4562,0.4208,3,
WDS_Virginia_Pine_P1,V-17,132,9,A,,1.294,1.302,0.486,0.464,0.4318,0.4066,3,
WDS_Virginia_Pine_P1,V-17,132,9,B,,1.168,1.176,0.412,0.398,0.4018,0.3834,3,
WDS_Virginia_Pine_P1,V-17,132,10,A,,2.978,2.994,1.322,1.184,0.5246,0.4582,3,
WDS_Virginia_Pine_P1,V-17,132,10,B,,2.518,2.538,0.912,0.854,0.4142,0.3809,3,
WDS_Virginia_Pine_P1,V-17,132,11,A,,,,,,,,3,
WDS_Virginia_Pine_P1,V-17,132,11,B,,,,,,,,3,
WDS_Virginia_Pine_P1,V-17,132,12,A,,2.66,2.668,1.326,1.02,0.6025,0.4407,3,
WDS_Virginia_Pine_P1,V-17,132,12,B,,1.304,1.306,0.512,0.43,0.4544,0.3716,3,
WDS_Virginia_Pine_P1,V-17,132,13,A,,0.978,0.978,0.368,0.356,0.4327,0.4165,3,
WDS_Virginia_Pine_P1,V-17,132,13,B,,0.98,0.984,0.378,0.362,0.4452,0.4216,3,
WDS_Virginia_Pine_P1,V-17,132,14,A,,1.234,1.238,0.47,0.44,0.4388,0.4053,3,
WDS_Virginia_Pine_P1,V-17,132,14,B,,0.942,0.944,0.348,0.332,0.4236,0.4005,3,
WDS_Virginia_Pine_P1,V-17,132,15,A,,1.932,1.948,0.712,0.698,0.4225,0.4091,3,
WDS_Virginia_Pine_P1,V-17,132,16,A,,0.944,0.954,0.342,0.338,0.4143,0.4039,3,
WDS_Virginia_Pine_P1,V-18,132,16,A,,1.374,1.362,0.51,0.466,0.4259,0.3881,3,
WDS_Virginia_Pine_P1,V-18,132,1,A,,1.074,1.07,0.378,0.348,0.4008,0.3665,3,
WDS_Virginia_Pine_P1,V-18,132,1,B,,1.014,1.01,0.36,0.326,0.4048,0.3634,3,
WDS_Virginia_Pine_P1,V-18,132,2,A,,1.382,1.376,0.54,0.518,0.4519,0.4329,3,
WDS_Virginia_Pine_P1,V-18,132,2,B,,1.3,1.292,0.492,0.47,0.4356,0.4162,3,
WDS_Virginia_Pine_P1,V-18,132,3,A,,1.426,1.414,0.558,0.508,0.4527,0.4103,3,
WDS_Virginia_Pine_P1,V-18,132,3,B,,1.48,1.472,0.584,0.534,0.4571,0.4149,3,
WDS_Virginia_Pine_P1,V-18,132,4,A,,1.28,1.276,0.438,0.408,0.3882,0.3596,3,
WDS_Virginia_Pine_P1,V-18,132,4,B,,1.156,1.15,0.402,0.38,0.3954,0.3731,3,
WDS_Virginia_Pine_P1,V-18,132,5,A,,1.48,1.472,0.532,0.494,0.4106,0.3797,3,
WDS_Virginia_Pine_P1,V-18,132,5,B,,2.098,2.088,0.788,0.722,0.4318,0.3928,3,
WDS_Virginia_Pine_P1,V-18,132,6,A,,1.802,1.806,0.68,0.632,0.4341,0.3982,3,
WDS_Virginia_Pine_P1,V-18,132,6,B,,1.9,1.892,0.728,0.692,0.4418,0.4188,3,
WDS_Virginia_Pine_P1,V-18,132,7,A,,1.662,1.662,0.624,0.568,0.4316,0.3876,3,
WDS_Virginia_Pine_P1,V-18,132,7,B,,1.458,1.458,0.546,0.492,0.4303,0.3821,3,
WDS_Virginia_Pine_P1,V-18,132,8,A,,1.408,1.4,0.548,0.51,0.4499,0.4169,3,
WDS_Virginia_Pine_P1,V-18,132,8,B,,1.83,1.834,0.734,0.694,0.4658,0.4355,3,
WDS_Virginia_Pine_P1,V-18,132,9,A,,1.92,1.922,0.726,0.638,0.4351,0.3751,3,
WDS_Virginia_Pine_P1,V-18,132,9,B,,1.956,1.94,0.73,0.656,0.4286,0.383,3,
WDS_Virginia_Pine_P1,V-18,132,10,A,,1.352,1.344,0.5,0.484,0.4242,0.4114,3,
WDS_Virginia_Pine_P1,V-18,132,10,B,,1.59,1.582,0.612,0.588,0.4441,0.4266,3,
WDS_Virginia_Pine_P1,V-18,132,11,A,,1.408,1.404,0.546,0.528,0.448,0.4324,3,
WDS_Virginia_Pine_P1,V-18,132,11,B,,1.148,1.142,0.458,0.45,0.4629,0.4563,3,
WDS_Virginia_Pine_P1,V-18,132,12,A,,1.016,1.004,0.378,0.372,0.4271,0.4251,3,
WDS_Virginia_Pine_P1,V-18,132,12,B,,1.132,1.126,0.432,0.42,0.4398,0.4283,3,
WDS_Virginia_Pine_P1,V-18,132,13,A,,1.234,1.222,0.444,0.432,0.411,0.4029,3,
WDS_Virginia_Pine_P1,V-18,132,13,B,,1.11,1.1,0.402,0.388,0.4141,0.4018,3,
WDS_Virginia_Pine_P1,V-18,132,14,A,,1.246,1.238,0.418,0.398,0.3796,0.3618,3,
WDS_Virginia_Pine_P1,V-18,132,14,B,,1.218,1.212,0.432,0.416,0.4044,0.3896,3,
WDS_Virginia_Pine_P1,V-18,132,15,A,,1.21,1.192,0.52,0.428,0.5049,0.4101,3,
WDS_Virginia_Pine_P1,V-18,132,15,B,,1.212,1.196,0.532,0.44,0.5177,0.4216,3,
WDS_Virginia_Pine_P1,V-18,132,16,B,,1.31,1.302,0.504,0.458,0.4439,0.4006,3,
WDS_Virginia_Pine_P1,V-18,132,17,A,,1.408,1.394,0.524,0.502,0.4272,0.4114,3,
WDS_Virginia_Pine_P1,V-18,132,17,B,,1.422,1.408,0.528,0.504,0.4261,0.4086,3,
WDS_Virginia_Pine_P1,V-18,132,18,A,,1.262,1.248,0.532,0.462,0.4936,0.4246,3,
WDS_Virginia_Pine_P1,V-18,132,18,B,,0.836,0.818,0.346,0.296,0.4831,0.4137,3,
WDS_Virginia_Pine_P1,V-18,132,19,A,,2.036,2.03,0.846,0.81,0.4854,0.463,3,
WDS_Virginia_Pine_P1,V-18,132,19,B,,1.862,1.854,0.74,0.708,0.4609,0.4401,3,
WDS_Virginia_Pine_P1,V-18,132,20,A,,1.708,1.708,0.672,0.628,0.4555,0.4213,3,
WDS_Virginia_Pine_P1,V-18,132,20,B,,1.83,1.822,0.752,0.69,0.4791,0.4359,3,
WDS_Virginia_Pine_P1,V-18,132,21,A,,1.872,1.872,0.722,0.696,0.4452,0.4268,3,
WDS_Virginia_Pine_P1,V-18,132,21,B,,1.744,1.746,0.726,0.698,0.4864,0.464,3,
WDS_Virginia_Pine_P1,V-18,132,22,A,,1.604,1.598,0.604,0.578,0.433,0.4135,3,
WDS_Virginia_Pine_P1,V-18,132,22,B,,1.728,1.726,0.652,0.622,0.434,0.4118,3,
WDS_Virginia_Pine_P1,V-18,132,23,A,,1.676,1.666,0.632,0.606,0.4337,0.4162,3,
WDS_Virginia_Pine_P1,V-18,132,23,B,,1.676,1.666,0.65,0.6,0.448,0.4115,3,
WDS_Virginia_Pine_P1,V-18,132,24,A,,1.784,1.79,0.614,0.602,0.3908,0.3807,3,
WDS_Virginia_Pine_P1,V-18,132,24,B,,2.108,2.114,0.728,0.71,0.3923,0.3801,3,
WDS_Virginia_Pine_P1,V-18,132,25,A,,1.37,1.362,0.558,0.48,0.4742,0.4014,3,
WDS_Virginia_Pine_P1,V-18,132,25,B,,1.686,1.68,0.74,0.626,0.5176,0.4278,3,
WDS_Virginia_Pine_P1,V-18,132,26,A,,0.942,0.94,0.33,0.318,0.3987,0.3832,3,
WDS_Virginia_Pine_P1,V-18,132,26,B,,1.076,1.072,0.382,0.368,0.4048,0.3896,3,
WDS_Virginia_Pine_P1,V-18,132,27,A,,1.668,1.652,0.734,0.654,0.5192,0.4588,3,
WDS_Virginia_Pine_P1,V-18,132,27,B,,1.94,1.924,0.914,0.762,0.563,0.459,3,
WDS_Virginia_Pine_P1,V-18,132,28,A,,1.384,1.37,0.55,0.492,0.4608,0.4101,3,
WDS_Virginia_Pine_P1,V-18,132,28,B,,1.398,1.394,0.558,0.508,0.4632,0.4171,3,
WDS_Virginia_Pine_P1,V-18,132,29,A,,1.17,1.162,0.468,0.416,0.4643,0.4087,3,
WDS_Virginia_Pine_P1,V-18,132,29,B,,1.152,1.146,0.446,0.408,0.4471,0.4061,3,
WDS_Virginia_Pine_P1,V-18,132,30,A,,1.948,1.95,0.786,0.748,0.4691,0.4424,3,
WDS_Virginia_Pine_P1,V-18,132,30,B,,2.23,2.234,0.952,0.886,0.501,0.4598,3,
WDS_Virginia_Pine_P1,V-19,132,16,A,,1.332,1.32,0.489,0.448,0.4206,0.3846,3,
WDS_Virginia_Pine_P1,V-19,132,16,B,,1.44,1.432,0.534,0.498,0.4255,0.3954,3,
WDS_Virginia_Pine_P1,V-19,132,17,A,,1.518,1.512,0.568,0.558,0.4299,0.4231,3,
WDS_Virginia_Pine_P1,V-19,132,17,B,,1.182,1.172,0.428,0.416,0.414,0.4047,3,
WDS_Virginia_Pine_P1,V-19,132,18,A,,1.08,1.072,0.42,0.402,0.4494,0.431,3,
WDS_Virginia_Pine_P1,V-19,132,18,B,,1.042,1.034,0.412,0.388,0.4581,0.4313,3,
WDS_Virginia_Pine_P1,V-19,132,19,A,,1.452,1.452,0.564,0.54,0.4488,0.4269,3,
WDS_Virginia_Pine_P1,V-19,132,19,B,,1.17,1.16,0.43,0.422,0.4211,0.4162,3,
WDS_Virginia_Pine_P1,V-19,132,20,A,,1.158,1.148,0.456,0.442,0.456,0.4443,3,
WDS_Virginia_Pine_P1,V-19,132,20,B,,1.138,1.138,0.442,0.43,0.4488,0.4348,3,
WDS_Virginia_Pine_P1,V-19,132,21,A,,1.118,1.118,0.424,0.404,0.4366,0.4131,3,
WDS_Virginia_Pine_P1,V-19,132,21,B,,1.322,1.316,0.508,0.482,0.4433,0.4195,3,
WDS_Virginia_Pine_P1,V-19,132,22,A,,1.604,1.608,0.614,0.574,0.4413,0.4073,3,
WDS_Virginia_Pine_P1,V-19,132,22,B,,1.294,1.292,0.468,0.448,0.4135,0.3941,3,
WDS_Virginia_Pine_P1,V-19,132,23,A,,1.592,1.588,0.582,0.54,0.4186,0.3855,3,
WDS_Virginia_Pine_P1,V-19,132,23,B,,1.228,1.222,0.428,0.406,0.3964,0.3755,3,
WDS_Virginia_Pine_P1,V-19,132,24,A,,1.828,1.816,0.922,0.732,0.6112,0.4685,3,
WDS_Virginia_Pine_P1,V-19,132,24,B,,1.482,1.474,0.612,0.542,0.4819,0.4214,3,
WDS_Virginia_Pine_P1,V-19,132,25,A,,1.07,1.07,0.374,0.368,0.3977,0.3904,3,
WDS_Virginia_Pine_P1,V-19,132,25,B,,1.15,1.152,0.436,0.422,0.4365,0.4196,3,
WDS_Virginia_Pine_P1,V-19,132,26,A,,1.472,1.474,0.55,0.54,0.4292,0.4196,3,
WDS_Virginia_Pine_P1,V-19,132,26,B,,1.222,1.228,0.438,0.43,0.4092,0.3985,3,
WDS_Virginia_Pine_P1,V-19,132,27,A,,1.354,1.362,0.468,0.452,0.3927,0.375,3,
WDS_Virginia_Pine_P1,V-19,132,27,B,,1.506,1.514,0.558,0.536,0.4251,0.4035,3,
WDS_Virginia_Pine_P1,V-19,132,28,A,,1.79,1.792,0.662,0.618,0.4242,0.3917,3,
WDS_Virginia_Pine_P1,V-19,132,28,B,,1.846,1.85,0.69,0.646,0.4294,0.3972,3,
WDS_Virginia_Pine_P1,V-19,132,29,A,,1.242,1.252,0.456,0.438,0.4206,0.3981,3,
WDS_Virginia_Pine_P1,V-19,132,29,B,,1.288,1.29,0.486,0.458,0.4341,0.4048,3,
WDS_Virginia_Pine_P1,V-19,132,30,A,,1.542,1.54,0.57,0.558,0.4239,0.4143,3,
WDS_Virginia_Pine_P1,V-19,132,30,B,,1.296,1.29,0.47,0.46,0.4148,0.4068,3,
WDS_Virginia_Pine_P1,V-19,132,1,A,,1.248,1.242,0.52,0.506,0.487,0.4744,3,
WDS_Virginia_Pine_P1,V-19,132,1,B,,1.278,1.274,0.52,0.508,0.4736,0.4626,3,
WDS_Virginia_Pine_P1,V-19,132,2,A,,1.068,1.07,0.392,0.386,0.4205,0.4123,3,
WDS_Virginia_Pine_P1,V-19,132,2,B,,1.03,1.028,0.378,0.37,0.4204,0.4112,3,
WDS_Virginia_Pine_P1,V-19,132,3,A,,0.934,0.928,0.332,0.318,0.4054,0.3888,3,
WDS_Virginia_Pine_P1,V-19,132,3,B,,0.932,0.926,0.34,0.328,0.4176,0.4038,3,
WDS_Virginia_Pine_P1,V-19,132,4,A,,1.05,1.042,0.388,0.378,0.4238,0.4149,3,
WDS_Virginia_Pine_P1,V-19,132,4,B,,1.26,1.254,0.472,0.458,0.4305,0.4181,3,
WDS_Virginia_Pine_P1,V-19,132,5,A,,1.238,1.224,0.482,0.468,0.45,0.4407,3,
WDS_Virginia_Pine_P1,V-19,132,5,B,,1.122,1.118,0.42,0.41,0.4301,0.4201,3,
WDS_Virginia_Pine_P1,V-19,132,6,A,,1.188,1.178,0.398,0.382,0.379,0.3653,3,
WDS_Virginia_Pine_P1,V-19,132,6,B,,1.346,1.326,0.456,0.442,0.3838,0.3768,3,
WDS_Virginia_Pine_P1,V-19,132,7,A,,1.118,1.098,0.382,0.372,0.3876,0.3838,3,
WDS_Virginia_Pine_P1,V-19,132,7,B,,1.24,1.226,0.464,0.442,0.4299,0.412,3,
WDS_Virginia_Pine_P1,V-19,132,8,A,,1.878,1.866,0.744,0.676,0.4592,0.4143,3,
WDS_Virginia_Pine_P1,V-19,132,8,B,,2.014,2.006,0.83,0.73,0.4807,0.4164,3,
WDS_Virginia_Pine_P1,V-19,132,9,A,,1.726,1.718,0.678,0.644,0.4547,0.4308,3,
WDS_Virginia_Pine_P1,V-19,132,9,B,,1.37,1.358,0.516,0.468,0.4332,0.3913,3,
WDS_Virginia_Pine_P1,V-19,132,10,A,,1.348,1.338,0.528,0.5,0.4532,0.4293,3,
WDS_Virginia_Pine_P1,V-19,132,10,B,,1.22,1.21,0.462,0.442,0.4359,0.4182,3,
WDS_Virginia_Pine_P1,V-19,132,11,A,,1.352,1.344,0.522,0.492,0.4457,0.4192,3,
WDS_Virginia_Pine_P1,V-19,132,11,B,,1.062,1.052,0.402,0.376,0.4357,0.4079,3,
WDS_Virginia_Pine_P1,V-19,132,12,A,,1.406,1.398,0.572,0.516,0.4736,0.4232,3,
WDS_Virginia_Pine_P1,V-19,132,12,B,,1.482,1.47,0.586,0.534,0.4582,0.4156,3,
WDS_Virginia_Pine_P1,V-19,132,13,A,,1.102,1.098,0.448,0.434,0.4732,0.458,3,
WDS_Virginia_Pine_P1,V-19,132,13,B,,1.002,0.998,0.398,0.388,0.4606,0.4493,3,
WDS_Virginia_Pine_P1,V-19,132,14,A,,1.24,1.234,0.428,0.41,0.392,0.3755,3,
WDS_Virginia_Pine_P1,V-19,132,14,B,,1.26,1.248,0.42,0.404,0.3768,0.3646,3,
WDS_Virginia_Pine_P1,V-19,132,15,A,,1.166,1.154,0.432,0.41,0.425,0.4051,3,
WDS_Virginia_Pine_P1,V-19,132,15,B,,1.606,1.598,0.612,0.582,0.439,0.4168,3,
WDS_Virginia_Pine_P1,V-2,132,29,B,,1.914,1.918,0.702,0.668,0.4202,0.3961,3,
WDS_Virginia_Pine_P1,V-2,132,30,B,,1.864,1.886,0.698,0.65,0.4303,0.3914,3,
WDS_Virginia_Pine_P1,V-2,132,15,A,,1.492,1.488,0.59,0.542,0.4582,0.4168,3,
WDS_Virginia_Pine_P1,V-2,132,14,B,,1.862,1.85,0.646,0.618,0.3943,0.3778,3,
WDS_Virginia_Pine_P1,V-2,132,14,A,,1.986,1.972,0.692,0.658,0.3963,0.3773,3,
WDS_Virginia_Pine_P1,V-2,132,13,B,,1.656,1.648,0.626,0.558,0.435,0.3836,3,
WDS_Virginia_Pine_P1,V-2,132,13,A,,2.078,2.058,0.808,0.728,0.4494,0.4031,3,
WDS_Virginia_Pine_P1,V-2,132,12,B,,1.092,1.088,0.364,0.354,0.3768,0.3667,3,
WDS_Virginia_Pine_P1,V-2,132,12,A,,0.944,0.934,0.328,0.318,0.395,0.386,3,
WDS_Virginia_Pine_P1,V-2,132,11,B,,1.202,1.182,0.468,0.442,0.4501,0.4296,3,
WDS_Virginia_Pine_P1,V-2,132,11,A,,1.178,1.17,0.428,0.42,0.4156,0.41,3,
WDS_Virginia_Pine_P1,V-2,132,10,B,,1.154,1.14,0.402,0.392,0.3962,0.3904,3,
WDS_Virginia_Pine_P1,V-2,132,10,A,,1.044,1.03,0.372,0.354,0.4065,0.3901,3,
WDS_Virginia_Pine_P1,V-2,132,9,B,,1.128,1.12,0.41,0.394,0.4158,0.4006,3,
WDS_Virginia_Pine_P1,V-2,132,9,A,,1.05,1.032,0.376,0.36,0.4088,0.3968,3,
WDS_Virginia_Pine_P1,V-2,132,8,B,,1.496,1.49,0.562,0.54,0.4319,0.4144,3,
WDS_Virginia_Pine_P1,V-2,132,8,A,,1.474,1.47,0.558,0.526,0.4357,0.4085,3,
WDS_Virginia_Pine_P1,V-2,132,7,B,,1.162,1.16,0.48,0.462,0.4821,0.462,3,
WDS_Virginia_Pine_P1,V-2,132,7,A,,0.972,0.97,0.364,0.352,0.4303,0.4151,3,
WDS_Virginia_Pine_P1,V-2,132,6,B,,1.16,1.032,0.492,0.476,0.4972,0.5489,3,
WDS_Virginia_Pine_P1,V-2,132,6,A,,1.036,1.032,0.43,0.418,0.4848,0.4711,3,
WDS_Virginia_Pine_P1,V-2,132,5,B,,1.168,1.158,0.434,0.424,0.4265,0.4193,3,
WDS_Virginia_Pine_P1,V-2,132,5,A,,1.452,1.442,0.572,0.556,0.4562,0.445,3,
WDS_Virginia_Pine_P1,V-2,132,4,B,,1.322,1.302,0.502,0.488,0.4372,0.4307,3,
WDS_Virginia_Pine_P1,V-2,132,4,A,,0.974,0.972,0.348,0.346,0.4078,0.406,3,
WDS_Virginia_Pine_P1,V-2,132,3,B,,1.49,1.492,0.628,0.622,0.4935,0.4873,3,
WDS_Virginia_Pine_P1,V-2,132,3,A,,0.974,0.968,0.392,0.386,0.4677,0.4627,3,
WDS_Virginia_Pine_P1,V-2,132,2,B,,1.258,1.256,0.5,0.478,0.4609,0.4384,3,
WDS_Virginia_Pine_P1,V-2,132,2,A,,1.218,1.218,0.442,0.43,0.4151,0.4022,3,
WDS_Virginia_Pine_P1,V-2,132,1,B,,1.398,1.398,0.568,0.552,0.4728,0.4574,3,
WDS_Virginia_Pine_P1,V-2,132,1,A,,1.136,1.132,0.436,0.426,0.4427,0.4327,3,
WDS_Virginia_Pine_P1,V-2,132,15,B,,1.322,1.312,0.516,0.478,0.4513,0.417,3,
WDS_Virginia_Pine_P1,V-2,132,16,A,,1.222,1.204,0.398,0.382,0.3671,0.3565,3,
WDS_Virginia_Pine_P1,V-2,132,16,B,,1.264,1.25,0.428,0.412,0.3836,0.3721,3,
WDS_Virginia_Pine_P1,V-2,132,17,A,,0.87,0.878,0.316,0.302,0.4155,0.3905,3,
WDS_Virginia_Pine_P1,V-2,132,17,B,,1.064,1.058,0.392,0.372,0.4223,0.4004,3,
WDS_Virginia_Pine_P1,V-2,132,18,A,,1.112,1.112,0.422,0.402,0.4369,0.4133,3,
WDS_Virginia_Pine_P1,V-2,132,18,B,,1.238,1.234,0.488,0.468,0.4565,0.4366,3,
WDS_Virginia_Pine_P1,V-2,132,19,A,,1.042,1.058,0.372,0.352,0.4074,0.376,3,
WDS_Virginia_Pine_P1,V-2,132,19,B,,1.134,1.152,0.406,0.392,0.4087,0.3857,3,
WDS_Virginia_Pine_P1,V-2,132,20,A,,1.406,1.424,0.386,0.522,0.3034,0.4199,3,
WDS_Virginia_Pine_P1,V-2,132,20,B,,1.872,1.888,0.786,0.722,0.4913,0.4408,3,
WDS_Virginia_Pine_P1,V-2,132,21,A,,1.408,1.42,0.54,0.482,0.4423,0.3847,3,
WDS_Virginia_Pine_P1,V-2,132,21,B,,1.138,1.154,0.428,0.388,0.4324,0.3805,3,
WDS_Virginia_Pine_P1,V-2,132,22,A,,1.492,1.494,0.548,0.512,0.4208,0.3889,3,
WDS_Virginia_Pine_P1,V-2,132,22,B,,1.508,1.516,0.55,0.508,0.4175,0.3791,3,
WDS_Virginia_Pine_P1,V-2,132,23,A,,1.92,1.936,0.682,0.654,0.405,0.3826,3,
WDS_Virginia_Pine_P1,V-2,132,23,B,,2,2.012,0.712,0.674,0.4061,0.379,3,
WDS_Virginia_Pine_P1,V-2,132,24,A,,1.474,1.486,0.532,0.51,0.4125,0.3895,3,
WDS_Virginia_Pine_P1,V-2,132,24,B,,1.482,1.488,0.532,0.512,0.41,0.3906,3,
WDS_Virginia_Pine_P1,V-2,132,25,A,,1.306,1.308,0.462,0.44,0.4032,0.3808,3,
WDS_Virginia_Pine_P1,V-2,132,25,B,,1.416,1.422,0.514,0.484,0.4152,0.3859,3,
WDS_Virginia_Pine_P1,V-2,132,26,A,,1.314,1.324,0.458,0.442,0.3964,0.3775,3,
WDS_Virginia_Pine_P1,V-2,132,26,B,,1.378,1.39,0.48,0.46,0.3961,0.3738,3,
WDS_Virginia_Pine_P1,V-2,132,27,A,,1.064,1.072,0.376,0.362,0.4027,0.3824,3,
WDS_Virginia_Pine_P1,V-2,132,27,B,,1.132,1.148,0.412,0.398,0.4165,0.394,3,
WDS_Virginia_Pine_P1,V-2,132,28,A,,1.986,1.996,0.762,0.73,0.4425,0.4188,3,
WDS_Virginia_Pine_P1,V-2,132,28,B,,1.818,1.818,0.696,0.668,0.4414,0.421,3,
WDS_Virginia_Pine_P1,V-2,132,29,A,,1.656,1.658,0.602,0.576,0.4159,0.3949,3,
WDS_Virginia_Pine_P1,V-2,132,30,A,,2.162,2.168,0.792,0.75,0.4196,0.393,3,
WDS_Virginia_Pine_P1,V-20,132,1,A,,1.54,1.552,0.566,0.55,0.4212,0.404,3,
WDS_Virginia_Pine_P1,V-20,132,30,B,,1.284,1.288,0.49,0.482,0.4398,0.43,3,
WDS_Virginia_Pine_P1,V-20,132,30,A,,1.212,1.222,0.462,0.452,0.4392,0.4242,3,
WDS_Virginia_Pine_P1,V-20,132,29,B,,1.968,1.98,0.788,0.728,0.4649,0.4213,3,
WDS_Virginia_Pine_P1,V-20,132,29,A,,1.418,1.422,0.564,0.522,0.4613,0.4206,3,
WDS_Virginia_Pine_P1,V-20,132,28,B,,1.408,1.412,0.492,0.48,0.3976,0.3853,3,
WDS_Virginia_Pine_P1,V-20,132,28,A,,1.266,1.262,0.442,0.43,0.3972,0.3863,3,
WDS_Virginia_Pine_P1,V-20,132,27,B,,1.364,1.368,0.508,0.492,0.4276,0.4108,3,
WDS_Virginia_Pine_P1,V-20,132,27,A,,1.2,1.202,0.442,0.422,0.4222,0.3997,3,
WDS_Virginia_Pine_P1,V-20,132,26,B,,1.174,1.176,0.5,0.49,0.4996,0.487,3,
WDS_Virginia_Pine_P1,V-20,132,26,A,,1.402,1.406,0.58,0.56,0.4829,0.462,3,
WDS_Virginia_Pine_P1,V-20,132,25,B,,1.53,1.53,0.658,0.57,0.5054,0.4278,3,
WDS_Virginia_Pine_P1,V-20,132,25,A,,1.194,1.198,0.476,0.44,0.4625,0.4208,3,
WDS_Virginia_Pine_P1,V-20,132,24,B,,0.99,0.99,0.358,0.348,0.4134,0.4003,3,
WDS_Virginia_Pine_P1,V-20,132,24,A,,1.12,1.122,0.396,0.39,0.4029,0.3952,3,
WDS_Virginia_Pine_P1,V-20,132,16,B,,2.002,2.018,0.804,0.774,0.4665,0.4423,3,
WDS_Virginia_Pine_P1,V-20,132,23,B,,0.97,0.972,0.388,0.38,0.4643,0.4522,3,
WDS_Virginia_Pine_P1,V-20,132,23,A,,1.11,1.118,0.448,0.44,0.4692,0.4557,3,
WDS_Virginia_Pine_P1,V-20,132,22,B,,1.058,1.06,0.462,0.444,0.5145,0.49,3,
WDS_Virginia_Pine_P1,V-20,132,22,A,,1.38,1.388,0.628,0.596,0.5402,0.5044,3,
WDS_Virginia_Pine_P1,V-20,132,21,B,,1.136,1.148,0.428,0.422,0.4333,0.4212,3,
WDS_Virginia_Pine_P1,V-20,132,21,A,,0.96,0.966,0.352,0.344,0.42,0.4062,3,
WDS_Virginia_Pine_P1,V-20,132,20,B,,1.574,1.578,0.64,0.592,0.4733,0.4312,3,
WDS_Virginia_Pine_P1,V-20,132,20,A,,1.494,1.496,0.588,0.56,0.4557,0.4301,3,
WDS_Virginia_Pine_P1,V-20,132,19,B,,1.046,1.058,0.42,0.408,0.4664,0.4451,3,
WDS_Virginia_Pine_P1,V-20,132,19,A,,0.88,0.888,0.346,0.332,0.4552,0.4295,3,
WDS_Virginia_Pine_P1,V-20,132,18,B,,1.144,1.154,0.488,0.468,0.5005,0.4718,3,
WDS_Virginia_Pine_P1,V-20,132,18,A,,1.22,1.228,0.52,0.506,0.5001,0.4807,3,
WDS_Virginia_Pine_P1,V-20,132,17,B,,1.302,1.318,0.512,0.5,0.4553,0.4368,3,
WDS_Virginia_Pine_P1,V-20,132,17,A,,1.374,1.384,0.552,0.538,0.4667,0.4492,3,
WDS_Virginia_Pine_P1,V-20,132,1,B,,1.27,1.278,0.454,0.438,0.408,0.3889,3,
WDS_Virginia_Pine_P1,V-20,132,16,A,,1.882,1.898,0.742,0.72,0.4566,0.4367,3,
WDS_Virginia_Pine_P1,V-20,132,15,B,,1.268,1.276,0.574,0.548,0.5369,0.5045,3,
WDS_Virginia_Pine_P1,V-20,132,15,A,,0.76,0.762,0.302,0.288,0.4608,0.4349,3,
WDS_Virginia_Pine_P1,V-20,132,14,B,,1.228,1.23,0.492,0.462,0.4652,0.4318,3,
WDS_Virginia_Pine_P1,V-20,132,14,A,,1.168,1.172,0.446,0.432,0.4401,0.4226,3,
WDS_Virginia_Pine_P1,V-20,132,13,B,,1.46,1.472,0.588,0.578,0.468,0.4545,3,
WDS_Virginia_Pine_P1,V-20,132,13,A,,1.244,1.254,0.464,0.452,0.4283,0.4119,3,
WDS_Virginia_Pine_P1,V-20,132,12,B,,1.28,1.29,0.492,0.486,0.4434,0.4333,3,
WDS_Virginia_Pine_P1,V-20,132,12,A,,1.324,1.324,0.498,0.488,0.4325,0.4225,3,
WDS_Virginia_Pine_P1,V-20,132,11,B,,1.732,1.742,0.702,0.678,0.4715,0.4499,3,
WDS_Virginia_Pine_P1,V-20,132,11,A,,1.638,1.644,0.678,0.666,0.4832,0.4712,3,
WDS_Virginia_Pine_P1,V-20,132,10,B,,1.502,1.508,0.552,0.53,0.4211,0.4002,3,
WDS_Virginia_Pine_P1,V-20,132,10,A,,1.746,1.758,0.658,0.638,0.4334,0.4151,3,
WDS_Virginia_Pine_P1,V-20,132,9,B,,1.182,1.186,0.444,0.414,0.4318,0.3971,3,
WDS_Virginia_Pine_P1,V-20,132,9,A,,0.996,1.004,0.37,0.352,0.4264,0.3991,3,
WDS_Virginia_Pine_P1,V-20,132,8,B,,1.182,1.196,0.412,0.408,0.3964,0.3869,3,
WDS_Virginia_Pine_P1,V-20,132,8,A,,1.488,1.488,0.548,0.522,0.4221,0.3993,3,
WDS_Virginia_Pine_P1,V-20,132,7,B,,1.328,1.34,0.506,0.492,0.439,0.4207,3,
WDS_Virginia_Pine_P1,V-20,132,7,A,,1.148,1.156,0.418,0.412,0.4167,0.4066,3,
WDS_Virginia_Pine_P1,V-20,132,6,B,,1.08,1.088,0.394,0.338,0.4176,0.3481,3,
WDS_Virginia_Pine_P1,V-20,132,6,A,,1.278,1.28,0.508,0.418,0.461,0.3682,3,
WDS_Virginia_Pine_P1,V-20,132,5,B,,1.366,1.378,0.504,0.498,0.423,0.4131,3,
WDS_Virginia_Pine_P1,V-20,132,5,A,,0.912,0.92,0.322,0.312,0.4023,0.3843,3,
WDS_Virginia_Pine_P1,V-20,132,4,B,,1.132,1.138,0.43,0.41,0.4374,0.4117,3,
WDS_Virginia_Pine_P1,V-20,132,4,A,,1.274,1.278,0.48,0.46,0.4333,0.4112,3,
WDS_Virginia_Pine_P1,V-20,132,3,B,,1.026,1.032,0.368,0.366,0.4096,0.4043,3,
WDS_Virginia_Pine_P1,V-20,132,3,A,,1.07,1.076,0.396,0.384,0.4245,0.4072,3,
WDS_Virginia_Pine_P1,V-20,132,2,B,,1.506,1.512,0.55,0.54,0.4181,0.4076,3,
WDS_Virginia_Pine_P1,V-20,132,2,A,,1.288,1.292,0.458,0.448,0.4055,0.3941,3,
WDS_Virginia_Pine_P1,V-21,132,1,B,,1.816,1.808,0.78,0.728,0.5046,0.4679,3,
WDS_Virginia_Pine_P1,V-21,132,17,A,,2.468,2.472,1.098,1.032,0.526,0.4881,3,
WDS_Virginia_Pine_P1,V-21,132,17,B,,1.784,1.784,0.774,0.752,0.5106,0.4936,3,
WDS_Virginia_Pine_P1,V-21,132,18,A,,2.368,2.368,1.058,0.99,0.5286,0.4889,3,
WDS_Virginia_Pine_P1,V-21,132,18,B,,1.786,1.794,0.82,0.744,0.546,0.4843,3,
WDS_Virginia_Pine_P1,V-21,132,19,A,,2.13,2.146,0.858,0.808,0.4681,0.433,3,
WDS_Virginia_Pine_P1,V-21,132,19,B,,2.92,2.92,1.24,1.178,0.4979,0.469,3,
WDS_Virginia_Pine_P1,V-21,132,20,A,,1.166,1.158,0.528,0.5,0.5371,0.5077,3,
WDS_Virginia_Pine_P1,V-21,132,20,B,,1.096,1.09,0.464,0.442,0.4961,0.4718,3,
WDS_Virginia_Pine_P1,V-21,132,21,A,,2.628,2.622,1.12,1.058,0.5,0.4691,3,
WDS_Virginia_Pine_P1,V-21,132,21,B,,1.668,1.662,0.694,0.636,0.4861,0.4412,3,
WDS_Virginia_Pine_P1,V-21,132,22,A,,2.098,2.096,0.788,0.76,0.4318,0.4147,3,
WDS_Virginia_Pine_P1,V-21,132,22,B,,1.858,1.868,0.67,0.638,0.4121,0.3874,3,
WDS_Virginia_Pine_P1,V-21,132,23,A,,1.738,1.734,0.73,0.686,0.4915,0.4584,3,
WDS_Virginia_Pine_P1,V-21,132,23,B,,1.746,1.734,0.708,0.662,0.4718,0.44,3,
WDS_Virginia_Pine_P1,V-21,132,24,A,,2.398,2.392,1.038,1,0.5092,0.4889,3,
WDS_Virginia_Pine_P1,V-21,132,24,B,,2.054,2.05,0.828,0.796,0.4685,0.4486,3,
WDS_Virginia_Pine_P1,V-21,132,25,A,,1.694,1.712,0.648,0.618,0.441,0.4126,3,
WDS_Virginia_Pine_P1,V-21,132,25,B,,1.62,1.622,0.636,0.592,0.4544,0.4178,3,
WDS_Virginia_Pine_P1,V-21,132,26,A,,1.168,1.168,0.452,0.424,0.4469,0.4152,3,
WDS_Virginia_Pine_P1,V-21,132,26,B,,1.406,1.414,0.55,0.52,0.4525,0.4214,3,
WDS_Virginia_Pine_P1,V-21,132,27,A,,1.4,1.398,0.54,0.49,0.4452,0.3989,3,
WDS_Virginia_Pine_P1,V-21,132,27,B,,1.478,1.476,0.572,0.542,0.4469,0.4207,3,
WDS_Virginia_Pine_P1,V-21,132,28,A,,2.298,2.308,0.928,0.878,0.4695,0.4382,3,
WDS_Virginia_Pine_P1,V-21,132,28,B,,2.158,2.168,0.856,0.806,0.4598,0.4267,3,
WDS_Virginia_Pine_P1,V-21,132,29,A,,1.57,1.588,0.638,0.612,0.4729,0.4448,3,
WDS_Virginia_Pine_P1,V-21,132,29,B,,1.352,1.352,0.576,0.48,0.4998,0.4048,3,
WDS_Virginia_Pine_P1,V-21,132,30,A,,1.51,1.52,0.662,0.606,0.5169,0.4626,3,
WDS_Virginia_Pine_P1,V-21,132,30,B,,1.252,1.25,0.53,0.48,0.4961,0.4429,3,
WDS_Virginia_Pine_P1,V-21,132,1,A,,1.638,1.624,0.688,0.63,0.4915,0.4482,3,
WDS_Virginia_Pine_P1,V-21,132,16,B,,2.602,2.586,1.238,0.968,0.5697,0.4301,3,
WDS_Virginia_Pine_P1,V-21,132,16,A,,2.23,2.208,1.1,0.83,0.5949,0.4322,3,
WDS_Virginia_Pine_P1,V-21,132,15,B,,1.684,1.674,0.73,0.658,0.5101,0.455,3,
WDS_Virginia_Pine_P1,V-21,132,15,A,,1.528,1.528,0.652,0.61,0.5007,0.4633,3,
WDS_Virginia_Pine_P1,V-21,132,14,B,,1.464,1.468,0.54,0.522,0.4229,0.4055,3,
WDS_Virginia_Pine_P1,V-21,132,14,A,,1.932,1.932,0.768,0.74,0.461,0.4416,3,
WDS_Virginia_Pine_P1,V-21,132,13,B,,1.93,1.916,0.762,0.668,0.4574,0.3965,3,
WDS_Virginia_Pine_P1,V-21,132,13,A,,2.478,2.444,1.174,0.892,0.5668,0.4178,3,
WDS_Virginia_Pine_P1,V-21,132,12,B,,1.652,1.648,0.682,0.638,0.4817,0.4471,3,
WDS_Virginia_Pine_P1,V-21,132,12,A,,1.078,1.07,0.48,0.442,0.5265,0.4821,3,
WDS_Virginia_Pine_P1,V-21,132,11,B,,1.978,1.968,0.79,0.714,0.4635,0.415,3,
WDS_Virginia_Pine_P1,V-21,132,11,A,,2.224,2.228,0.926,0.798,0.4865,0.4089,3,
WDS_Virginia_Pine_P1,V-21,132,10,B,,1.44,1.446,0.586,0.562,0.4737,0.4491,3,
WDS_Virginia_Pine_P1,V-21,132,10,A,,1.72,1.714,0.736,0.688,0.5024,0.4662,3,
WDS_Virginia_Pine_P1,V-21,132,9,B,,0.964,0.962,0.39,0.378,0.4705,0.4548,3,
WDS_Virginia_Pine_P1,V-21,132,9,A,,1.082,1.082,0.448,0.43,0.4834,0.4609,3,
WDS_Virginia_Pine_P1,V-21,132,8,B,,2.04,2.042,0.89,0.796,0.5139,0.4507,3,
WDS_Virginia_Pine_P1,V-21,132,8,A,,2.08,2.096,0.874,0.832,0.4918,0.4602,3,
WDS_Virginia_Pine_P1,V-21,132,7,B,,1.202,1.198,0.492,0.472,0.4769,0.4563,3,
WDS_Virginia_Pine_P1,V-21,132,7,A,,1.532,1.53,0.662,0.632,0.5082,0.482,3,
WDS_Virginia_Pine_P1,V-21,132,6,B,,1.334,1.324,0.53,0.508,0.4607,0.4425,3,
WDS_Virginia_Pine_P1,V-21,132,6,A,,0.982,0.978,0.39,0.366,0.4605,0.43,3,
WDS_Virginia_Pine_P1,V-21,132,5,B,,1.302,1.302,0.544,0.53,0.4885,0.4739,3,
WDS_Virginia_Pine_P1,V-21,132,5,A,,1.072,1.07,0.456,0.448,0.4989,0.4897,3,
WDS_Virginia_Pine_P1,V-21,132,4,B,,1.242,1.244,0.458,0.444,0.4228,0.4073,3,
WDS_Virginia_Pine_P1,V-21,132,4,A,,1.142,1.144,0.426,0.418,0.4284,0.4183,3,
WDS_Virginia_Pine_P1,V-21,132,3,B,,1.676,1.668,0.71,0.688,0.4965,0.4812,3,
WDS_Virginia_Pine_P1,V-21,132,3,A,,1.262,1.26,0.506,0.488,0.4656,0.4473,3,
WDS_Virginia_Pine_P1,V-21,132,2,B,,2.682,2.688,1.054,1.004,0.4549,0.429,3,
WDS_Virginia_Pine_P1,V-21,132,2,A,,2.412,2.404,0.964,0.878,0.4639,0.4181,3,
WDS_Virginia_Pine_P1,V-22,132,23,B,,1.432,1.462,0.554,0.502,0.4467,0.3897,3,
WDS_Virginia_Pine_P1,V-22,132,1,A,,1.41,1.422,0.506,0.478,0.4098,0.3804,3,
WDS_Virginia_Pine_P1,V-22,132,1,B,,1.398,1.412,0.5,0.478,0.4082,0.3835,3,
WDS_Virginia_Pine_P1,V-22,132,2,A,,1.278,1.284,0.54,0.522,0.495,0.4732,3,
WDS_Virginia_Pine_P1,V-22,132,2,B,,1.256,1.26,0.496,0.484,0.4575,0.4431,3,
WDS_Virginia_Pine_P1,V-22,132,3,A,,1.222,1.224,0.444,0.422,0.4157,0.3915,3,
WDS_Virginia_Pine_P1,V-22,132,3,B,,1.196,1.206,0.464,0.438,0.4482,0.4155,3,
WDS_Virginia_Pine_P1,V-22,132,4,A,,2.286,2.306,1.002,0.868,0.5168,0.4328,3,
WDS_Virginia_Pine_P1,V-22,132,4,B,,1.326,1.352,0.492,0.444,0.4258,0.3706,3,
WDS_Virginia_Pine_P1,V-22,132,5,A,,1.39,1.406,0.638,0.562,0.5458,0.464,3,
WDS_Virginia_Pine_P1,V-22,132,5,B,,1.574,1.59,0.656,0.632,0.4871,0.461,3,
WDS_Virginia_Pine_P1,V-22,132,6,A,,0.814,0.818,0.278,0.268,0.3873,0.3696,3,
WDS_Virginia_Pine_P1,V-22,132,6,B,,1.334,1.352,0.528,0.512,0.4587,0.4359,3,
WDS_Virginia_Pine_P1,V-22,132,7,A,,1.464,1.49,0.61,0.582,0.487,0.4517,3,
WDS_Virginia_Pine_P1,V-22,132,7,B,,1.264,1.29,0.49,0.468,0.4478,0.4149,3,
WDS_Virginia_Pine_P1,V-22,132,8,A,,1.064,1.08,0.38,0.372,0.4076,0.3911,3,
WDS_Virginia_Pine_P1,V-22,132,8,B,,1.214,1.232,0.456,0.442,0.4318,0.4097,3,
WDS_Virginia_Pine_P1,V-22,132,9,A,,1.194,1.21,0.484,0.474,0.4716,0.4532,3,
WDS_Virginia_Pine_P1,V-22,132,9,B,,1.75,1.772,0.686,0.666,0.4536,0.4321,3,
WDS_Virginia_Pine_P1,V-22,132,10,A,,1.05,1.056,0.398,0.384,0.4363,0.416,3,
WDS_Virginia_Pine_P1,V-22,132,10,B,,1.24,1.256,0.482,0.464,0.4492,0.4236,3,
WDS_Virginia_Pine_P1,V-22,132,11,A,,1.184,1.184,0.406,0.392,0.3891,0.374,3,
WDS_Virginia_Pine_P1,V-22,132,11,B,,1.468,1.486,0.54,0.518,0.4216,0.3965,3,
WDS_Virginia_Pine_P1,V-22,132,12,A,,1.452,1.484,0.52,0.504,0.4088,0.3849,3,
WDS_Virginia_Pine_P1,V-22,132,12,B,,2.154,2.194,0.788,0.762,0.4189,0.3948,3,
WDS_Virginia_Pine_P1,V-22,132,13,A,,1.384,1.406,0.554,0.542,0.4647,0.4449,3,
WDS_Virginia_Pine_P1,V-22,132,13,B,,1.638,1.672,0.708,0.68,0.5083,0.4734,3,
WDS_Virginia_Pine_P1,V-22,132,14,A,,1.66,1.674,0.636,0.616,0.4418,0.4217,3,
WDS_Virginia_Pine_P1,V-22,132,14,B,,2.2,2.228,0.95,0.9,0.5078,0.4697,3,
WDS_Virginia_Pine_P1,V-22,132,15,A,,1.544,1.556,0.588,0.562,0.4387,0.4128,3,
WDS_Virginia_Pine_P1,V-22,132,15,B,,2.07,2.082,0.814,0.79,0.4553,0.4369,3,
WDS_Virginia_Pine_P1,V-22,132,16,A,,2.074,2.092,0.838,0.798,0.4698,0.4395,3,
WDS_Virginia_Pine_P1,V-22,132,16,B,,2.258,2.28,1.04,0.878,0.548,0.4444,3,
WDS_Virginia_Pine_P1,V-22,132,17,A,,1.506,1.514,0.512,0.489,0.3854,0.3637,3,
WDS_Virginia_Pine_P1,V-22,132,17,B,,1.14,1.154,0.372,0.358,0.3679,0.3476,3,
WDS_Virginia_Pine_P1,V-22,132,18,A,,1.826,1.858,0.738,0.668,0.47,0.4107,3,
WDS_Virginia_Pine_P1,V-22,132,18,B,,1.006,1.024,0.364,0.346,0.4137,0.3827,3,
WDS_Virginia_Pine_P1,V-22,132,19,A,,1.23,1.254,0.464,0.448,0.4339,0.4077,3,
WDS_Virginia_Pine_P1,V-22,132,19,B,,1.434,1.512,0.6,0.578,0.4893,0.4406,3,
WDS_Virginia_Pine_P1,V-22,132,20,A,,1.87,1.908,0.722,0.682,0.4457,0.408,3,
WDS_Virginia_Pine_P1,V-22,132,20,B,,1.592,1.61,0.638,0.584,0.4654,0.4149,3,
WDS_Virginia_Pine_P1,V-22,132,21,A,,1.8,1.826,0.648,0.622,0.4113,0.3862,3,
WDS_Virginia_Pine_P1,V-22,132,21,B,,2.446,2.486,0.888,0.846,0.4153,0.3858,3,
WDS_Virginia_Pine_P1,V-22,132,22,A,,1.33,1.356,0.5,0.486,0.4322,0.4092,3,
WDS_Virginia_Pine_P1,V-22,132,22,B,,1.162,1.182,0.434,0.368,0.429,0.349,3,
WDS_Virginia_Pine_P1,V-22,132,23,A,,1.706,1.728,0.652,0.614,0.4405,0.4052,3,
WDS_Virginia_Pine_P1,V-22,132,24,A,,1.35,1.352,0.554,0.52,0.4784,0.4437,3,
WDS_Virginia_Pine_P1,V-22,132,24,B,,0.99,1.012,0.382,0.368,0.4454,0.416,3,
WDS_Virginia_Pine_P1,V-22,132,25,A,,1.716,1.738,0.656,0.616,0.4406,0.404,3,
WDS_Virginia_Pine_P1,V-22,132,25,B,,1.576,1.592,0.56,0.548,0.4052,0.3908,3,
WDS_Virginia_Pine_P1,V-22,132,26,A,,1.794,1.81,0.68,0.624,0.4363,0.3915,3,
WDS_Virginia_Pine_P1,V-22,132,26,B,,1.744,1.768,0.658,0.62,0.434,0.3992,3,
WDS_Virginia_Pine_P1,V-22,132,27,A,,1.83,1.854,0.644,0.618,0.4008,0.3768,3,
WDS_Virginia_Pine_P1,V-22,132,27,B,,2.18,2.214,0.802,0.752,0.4216,0.3849,3,
WDS_Virginia_Pine_P1,V-22,132,28,A,,1.03,1.052,0.382,0.372,0.4255,0.403,3,
WDS_Virginia_Pine_P1,V-22,132,28,B,,1.292,1.318,0.494,0.478,0.4407,0.4148,3,
WDS_Virginia_Pine_P1,V-22,132,29,A,,1.114,1.14,0.398,0.368,0.4077,0.3634,3,
WDS_Virginia_Pine_P1,V-22,132,29,B,,0.936,0.962,0.328,0.318,0.3988,0.3733,3,
WDS_Virginia_Pine_P1,V-22,132,30,A,,2.29,2.3,0.89,0.822,0.4491,0.4079,3,
WDS_Virginia_Pine_P1,V-22,132,30,B,,1.67,1.672,0.638,0.582,0.4403,0.3958,3,
WDS_Virginia_Pine_P1,V-23,132,30,B,,1.568,1.582,0.668,0.634,0.4998,0.4654,3,
WDS_Virginia_Pine_P1,V-23,132,15,A,,1.38,1.398,0.52,0.51,0.4334,0.4176,3,
WDS_Virginia_Pine_P1,V-23,132,14,B,,1.208,1.228,0.468,0.452,0.4475,0.4219,3,
WDS_Virginia_Pine_P1,V-23,132,14,A,,0.98,0.988,0.348,0.336,0.4049,0.3855,3,
WDS_Virginia_Pine_P1,V-23,132,13,B,,1.246,1.258,0.534,0.502,0.5033,0.4631,3,
WDS_Virginia_Pine_P1,V-23,132,13,A,,1.084,1.088,0.468,0.428,0.5077,0.4554,3,
WDS_Virginia_Pine_P1,V-23,132,12,B,,1.534,1.56,0.62,0.608,0.47,0.4506,3,
WDS_Virginia_Pine_P1,V-23,132,12,A,,1.428,1.44,0.602,0.558,0.4937,0.4476,3,
WDS_Virginia_Pine_P1,V-23,132,11,B,,1.846,1.852,0.788,0.738,0.5009,0.4623,3,
WDS_Virginia_Pine_P1,V-23,132,11,A,,1.394,1.402,0.558,0.544,0.4647,0.4483,3,
WDS_Virginia_Pine_P1,V-23,132,10,B,,1.31,1.318,0.57,0.522,0.5123,0.459,3,
WDS_Virginia_Pine_P1,V-23,132,10,A,,1.278,1.28,0.55,0.512,0.5058,0.4643,3,
WDS_Virginia_Pine_P1,V-23,132,9,B,,1.264,1.282,0.492,0.456,0.4499,0.4057,3,
WDS_Virginia_Pine_P1,V-23,132,9,A,,1.41,1.418,0.52,0.488,0.4228,0.3907,3,
WDS_Virginia_Pine_P1,V-23,132,8,B,,1.71,1.718,0.722,0.698,0.4946,0.4728,3,
WDS_Virginia_Pine_P1,V-23,132,8,A,,1.022,1.034,0.378,0.366,0.4242,0.4034,3,
WDS_Virginia_Pine_P1,V-23,132,7,B,,1.18,1.194,0.458,0.448,0.4484,0.4313,3,
WDS_Virginia_Pine_P1,V-23,132,7,A,,1.504,1.52,0.618,0.604,0.4791,0.4608,3,
WDS_Virginia_Pine_P1,V-23,132,6,B,,1.586,1.59,0.636,0.602,0.4657,0.4358,3,
WDS_Virginia_Pine_P1,V-23,132,6,A,,1.48,1.492,0.584,0.548,0.4571,0.4208,3,
WDS_Virginia_Pine_P1,V-23,132,5,B,,2.764,2.778,1.094,1.028,0.4587,0.4245,3,
WDS_Virginia_Pine_P1,V-23,132,5,A,,2.552,2.558,1.038,0.95,0.4734,0.4262,3,
WDS_Virginia_Pine_P1,V-23,132,4,B,,2.698,2.732,1.118,1.08,0.4838,0.458,3,
WDS_Virginia_Pine_P1,V-23,132,4,A,,2.02,2.038,0.806,0.768,0.463,0.4334,3,
WDS_Virginia_Pine_P1,V-23,132,3,B,,1.978,1.988,0.838,0.79,0.4965,0.4608,3,
WDS_Virginia_Pine_P1,V-23,132,3,A,,1.988,2,0.844,0.814,0.4977,0.4738,3,
WDS_Virginia_Pine_P1,V-23,132,2,B,,1.702,1.708,0.738,0.69,0.5102,0.4697,3,
WDS_Virginia_Pine_P1,V-23,132,2,A,,1.704,1.714,0.698,0.662,0.4774,0.4459,3,
WDS_Virginia_Pine_P1,V-23,132,1,B,,2.144,2.158,0.826,0.776,0.4446,0.4108,3,
WDS_Virginia_Pine_P1,V-23,132,1,A,,2.196,2.208,0.848,0.826,0.4458,0.4298,3,
WDS_Virginia_Pine_P1,V-23,132,15,B,,1.42,1.438,0.53,0.52,0.4287,0.4134,3,
WDS_Virginia_Pine_P1,V-23,132,30,A,,1.308,1.332,0.538,0.518,0.4797,0.4494,3,
WDS_Virginia_Pine_P1,V-23,132,29,B,,1.732,1.752,0.708,0.648,0.4762,0.4242,3,
WDS_Virginia_Pine_P1,V-23,132,29,A,,1.768,1.792,0.666,0.638,0.4332,0.4061,3,
WDS_Virginia_Pine_P1,V-23,132,28,B,,1.318,1.334,0.526,0.508,0.4631,0.4387,3,
WDS_Virginia_Pine_P1,V-23,132,28,A,,1.37,1.39,0.528,0.502,0.4448,0.4128,3,
WDS_Virginia_Pine_P1,V-23,132,27,B,,2.488,2.508,0.96,0.918,0.4454,0.4192,3,
WDS_Virginia_Pine_P1,V-23,132,27,A,,2.638,2.664,1.05,0.998,0.4617,0.4305,3,
WDS_Virginia_Pine_P1,V-23,132,26,B,,1.218,1.23,0.464,0.438,0.4389,0.4062,3,
WDS_Virginia_Pine_P1,V-23,132,26,A,,1.17,1.184,0.396,0.378,0.3834,0.359,3,
WDS_Virginia_Pine_P1,V-23,132,25,B,,1.074,1.098,0.408,0.392,0.4375,0.4074,3,
WDS_Virginia_Pine_P1,V-23,132,25,A,,1.002,1.022,0.388,0.378,0.4472,0.4242,3,
WDS_Virginia_Pine_P1,V-23,132,24,B,,1.152,1.168,0.472,0.458,0.4775,0.4538,3,
WDS_Virginia_Pine_P1,V-23,132,24,A,,1.014,1.024,0.4,0.388,0.4569,0.4362,3,
WDS_Virginia_Pine_P1,V-23,132,23,B,,1.402,1.418,0.558,0.542,0.4617,0.4406,3,
WDS_Virginia_Pine_P1,V-23,132,23,A,,1.516,1.528,0.612,0.59,0.4693,0.4457,3,
WDS_Virginia_Pine_P1,V-23,132,22,B,,1.49,1.502,0.618,0.578,0.4844,0.444,3,
WDS_Virginia_Pine_P1,V-23,132,22,A,,1.02,1.03,0.392,0.364,0.4433,0.4027,3,
WDS_Virginia_Pine_P1,V-23,132,21,B,,1.182,1.2,0.452,0.434,0.4408,0.4135,3,
WDS_Virginia_Pine_P1,V-23,132,21,A,,1.106,1.13,0.418,0.4,0.4349,0.4035,3,
WDS_Virginia_Pine_P1,V-23,132,20,B,,1.156,1.174,0.482,0.468,0.4873,0.4625,3,
WDS_Virginia_Pine_P1,V-23,132,20,A,,0.888,0.902,0.354,0.342,0.4625,0.4365,3,
WDS_Virginia_Pine_P1,V-23,132,19,B,,1.136,1.152,0.42,0.408,0.424,0.4037,3,
WDS_Virginia_Pine_P1,V-23,132,19,A,,1,1.018,0.354,0.34,0.4035,0.3777,3,
WDS_Virginia_Pine_P1,V-23,132,18,B,,3.076,3.092,1.184,1.098,0.4441,0.4049,3,
WDS_Virginia_Pine_P1,V-23,132,18,A,,2.896,2.912,1.112,1.046,0.4429,0.4103,3,
WDS_Virginia_Pine_P1,V-23,132,17,B,,2.814,2.854,1.134,1.076,0.4684,0.4336,3,
WDS_Virginia_Pine_P1,V-23,132,17,A,,2.568,2.58,1.08,0.972,0.4923,0.4333,3,
WDS_Virginia_Pine_P1,V-23,132,16,B,,2.128,2.156,0.818,0.792,0.4434,0.4209,3,
WDS_Virginia_Pine_P1,V-23,132,16,A,,2.72,2.738,1.102,1.06,0.4713,0.4471,3,
WDS_Virginia_Pine_P1,V-24,132,16,A,,1.418,1.422,0.538,0.524,0.4368,0.4224,3,
WDS_Virginia_Pine_P1,V-24,132,16,B,,1.254,1.26,0.46,0.448,0.4202,0.4055,3,
WDS_Virginia_Pine_P1,V-24,132,17,A,,1.258,1.268,0.474,0.462,0.4334,0.417,3,
WDS_Virginia_Pine_P1,V-24,132,17,B,,1.22,1.226,0.468,0.458,0.4424,0.4291,3,
WDS_Virginia_Pine_P1,V-24,132,18,A,,1.958,1.962,0.668,0.652,0.3869,0.3755,3,
WDS_Virginia_Pine_P1,V-24,132,18,B,,1.932,1.93,0.674,0.658,0.3968,0.3866,3,
WDS_Virginia_Pine_P1,V-24,132,19,A,,1.472,1.478,0.548,0.528,0.4274,0.4077,3,
WDS_Virginia_Pine_P1,V-24,132,19,B,,1.19,1.186,0.428,0.412,0.4109,0.3949,3,
WDS_Virginia_Pine_P1,V-24,132,20,A,,1.29,1.288,0.524,0.504,0.4727,0.4527,3,
WDS_Virginia_Pine_P1,V-24,132,20,B,,1.078,1.084,0.422,0.406,0.4529,0.4304,3,
WDS_Virginia_Pine_P1,V-24,132,21,A,,1.346,1.35,0.508,0.494,0.4342,0.419,3,
WDS_Virginia_Pine_P1,V-24,132,21,B,,1.176,1.17,0.426,0.418,0.4142,0.4077,3,
WDS_Virginia_Pine_P1,V-24,132,22,A,,1.582,1.578,0.548,0.528,0.3936,0.3785,3,
WDS_Virginia_Pine_P1,V-24,132,22,B,,1.684,1.688,0.62,0.588,0.422,0.3961,3,
WDS_Virginia_Pine_P1,V-24,132,23,A,,1.57,1.582,0.598,0.578,0.4388,0.4183,3,
WDS_Virginia_Pine_P1,V-24,132,23,B,,1.448,1.462,0.538,0.528,0.4264,0.4128,3,
WDS_Virginia_Pine_P1,V-24,132,24,A,,1.402,1.404,0.488,0.488,0.3958,0.3952,3,
WDS_Virginia_Pine_P1,V-24,132,24,B,,1.034,1.042,0.358,0.342,0.3934,0.3703,3,
WDS_Virginia_Pine_P1,V-24,132,25,A,,1.96,1.962,0.722,0.698,0.4222,0.4058,3,
WDS_Virginia_Pine_P1,V-24,132,25,B,,1.87,1.868,0.706,0.674,0.4343,0.4124,3,
WDS_Virginia_Pine_P1,V-24,132,26,A,,1.752,1.752,0.622,0.582,0.4048,0.3754,3,
WDS_Virginia_Pine_P1,V-24,132,26,B,,1.606,1.61,0.562,0.53,0.3982,0.3716,3,
WDS_Virginia_Pine_P1,V-24,132,27,A,,1.658,1.668,0.592,0.578,0.4075,0.3938,3,
WDS_Virginia_Pine_P1,V-24,132,27,B,,1.502,1.506,0.546,0.532,0.4159,0.4025,3,
WDS_Virginia_Pine_P1,V-24,132,28,A,,1.024,1.032,0.376,0.362,0.4207,0.3993,3,
WDS_Virginia_Pine_P1,V-24,132,28,B,,0.944,0.952,0.342,0.332,0.4143,0.3967,3,
WDS_Virginia_Pine_P1,V-24,132,29,A,,1.68,1.69,0.61,0.594,0.4153,0.4002,3,
WDS_Virginia_Pine_P1,V-24,132,29,B,,1.462,1.468,0.506,0.492,0.3932,0.3792,3,
WDS_Virginia_Pine_P1,V-24,132,30,A,,1.098,1.108,0.41,0.4,0.4289,0.4126,3,
WDS_Virginia_Pine_P1,V-24,132,30,B,,0.952,0.962,0.358,0.348,0.4324,0.4136,3,
WDS_Virginia_Pine_P1,V-24,132,15,B,,1.128,1.132,0.412,0.394,0.4182,0.3958,3,
WDS_Virginia_Pine_P1,V-24,132,1,A,,1.622,1.602,0.618,0.594,0.4389,0.4254,3,
WDS_Virginia_Pine_P1,V-24,132,1,B,,1.554,1.544,0.588,0.572,0.4355,0.425,3,
WDS_Virginia_Pine_P1,V-24,132,2,A,,1.354,1.342,0.596,0.552,0.5194,0.4797,3,
WDS_Virginia_Pine_P1,V-24,132,2,B,,1.166,1.166,0.47,0.456,0.4685,0.4524,3,
WDS_Virginia_Pine_P1,V-24,132,3,A,,1.44,1.438,0.602,0.582,0.4888,0.4707,3,
WDS_Virginia_Pine_P1,V-24,132,3,B,,1.42,1.422,0.542,0.53,0.4398,0.428,3,
WDS_Virginia_Pine_P1,V-24,132,4,A,,1.342,1.342,0.506,0.498,0.4337,0.4258,3,
WDS_Virginia_Pine_P1,V-24,132,4,B,,1.214,1.204,0.442,0.432,0.4166,0.4097,3,
WDS_Virginia_Pine_P1,V-24,132,5,A,,1.024,1.018,0.408,0.388,0.4622,0.4391,3,
WDS_Virginia_Pine_P1,V-24,132,5,B,,0.948,0.95,0.348,0.342,0.4206,0.4113,3,
WDS_Virginia_Pine_P1,V-24,132,6,A,,1.218,1.218,0.418,0.41,0.3895,0.3811,3,
WDS_Virginia_Pine_P1,V-24,132,6,B,,1.422,1.41,0.51,0.5,0.4095,0.4043,3,
WDS_Virginia_Pine_P1,V-24,132,7,A,,1.148,1.142,0.412,0.408,0.4098,0.4077,3,
WDS_Virginia_Pine_P1,V-24,132,7,B,,1.29,1.294,0.5,0.47,0.4477,0.4155,3,
WDS_Virginia_Pine_P1,V-24,132,8,A,,1.132,1.13,0.412,0.408,0.4165,0.4127,3,
WDS_Virginia_Pine_P1,V-24,132,8,B,,1.01,1.014,0.36,0.352,0.4066,0.3946,3,
WDS_Virginia_Pine_P1,V-24,132,9,A,,1.694,1.692,0.618,0.596,0.4176,0.4012,3,
WDS_Virginia_Pine_P1,V-24,132,9,B,,1.526,1.528,0.524,0.512,0.3897,0.3791,3,
WDS_Virginia_Pine_P1,V-24,132,10,A,,1.206,1.2,0.424,0.418,0.4003,0.3961,3,
WDS_Virginia_Pine_P1,V-24,132,10,B,,1.186,1.182,0.392,0.382,0.3733,0.3639,3,
WDS_Virginia_Pine_P1,V-24,132,11,A,,1.312,1.308,0.51,0.502,0.4492,0.4426,3,
WDS_Virginia_Pine_P1,V-24,132,11,B,,1.096,1.1,0.408,0.402,0.4274,0.4184,3,
WDS_Virginia_Pine_P1,V-24,132,12,A,,1.254,1.258,0.448,0.438,0.4077,0.3959,3,
WDS_Virginia_Pine_P1,V-24,132,12,B,,1.104,1.102,0.372,0.364,0.3815,0.373,3,
WDS_Virginia_Pine_P1,V-24,132,13,A,,1.39,1.386,0.548,0.518,0.4566,0.4293,3,
WDS_Virginia_Pine_P1,V-24,132,13,B,,1.392,1.398,0.548,0.518,0.4558,0.4251,3,
WDS_Virginia_Pine_P1,V-24,132,14,A,,1.252,1.258,0.45,0.438,0.4105,0.3959,3,
WDS_Virginia_Pine_P1,V-24,132,14,B,,1.218,1.22,0.438,0.432,0.4108,0.4036,3,
WDS_Virginia_Pine_P1,V-24,132,15,A,,1.582,1.578,0.582,0.55,0.4216,0.3964,3,
WDS_Virginia_Pine_P1,V-25,132,1,A,,1.966,1.958,0.792,0.778,0.4682,0.4608,3,
WDS_Virginia_Pine_P1,V-25,132,1,B,,1.638,1.634,0.658,0.646,0.4666,0.4581,3,
WDS_Virginia_Pine_P1,V-25,132,2,A,,1.436,1.436,0.584,0.57,0.4734,0.4602,3,
WDS_Virginia_Pine_P1,V-25,132,2,B,,1.6,1.608,0.66,0.648,0.4813,0.4684,3,
WDS_Virginia_Pine_P1,V-25,132,3,A,,1.226,1.23,0.486,0.472,0.4595,0.4426,3,
WDS_Virginia_Pine_P1,V-25,132,3,B,,1.508,1.518,0.628,0.612,0.4866,0.4686,3,
WDS_Virginia_Pine_P1,V-25,132,4,A,,1.442,1.44,0.512,0.498,0.4049,0.3929,3,
WDS_Virginia_Pine_P1,V-25,132,4,B,,1.518,1.52,0.566,0.548,0.4282,0.412,3,
WDS_Virginia_Pine_P1,V-25,132,5,A,,2.014,2.008,0.79,0.75,0.4539,0.429,3,
WDS_Virginia_Pine_P1,V-25,132,5,B,,2.024,2.018,0.782,0.75,0.4461,0.4266,3,
WDS_Virginia_Pine_P1,V-25,132,6,A,,1.35,1.356,0.508,0.494,0.4327,0.4169,3,
WDS_Virginia_Pine_P1,V-25,132,6,B,,1.304,1.312,0.49,0.478,0.432,0.417,3,
WDS_Virginia_Pine_P1,V-25,132,7,A,,1.268,1.278,0.458,0.448,0.4129,0.399,3,
WDS_Virginia_Pine_P1,V-25,132,7,B,,1.68,1.682,0.67,0.642,0.4627,0.4398,3,
WDS_Virginia_Pine_P1,V-25,132,8,A,,1.61,1.614,0.678,0.648,0.493,0.4663,3,
WDS_Virginia_Pine_P1,V-25,132,8,B,,1.768,1.764,0.754,0.722,0.5004,0.4769,3,
WDS_Virginia_Pine_P1,V-25,132,9,A,,1.988,1.996,0.824,0.788,0.484,0.4573,3,
WDS_Virginia_Pine_P1,V-25,132,9,B,,1.8,1.788,0.718,0.688,0.4628,0.444,3,
WDS_Virginia_Pine_P1,V-25,132,10,A,,2.17,2.158,0.874,0.842,0.4681,0.4512,3,
WDS_Virginia_Pine_P1,V-25,132,10,B,,1.762,1.774,0.662,0.638,0.4319,0.4108,3,
WDS_Virginia_Pine_P1,V-25,132,11,A,,1.928,1.92,0.698,0.658,0.4139,0.3889,3,
WDS_Virginia_Pine_P1,V-25,132,11,B,,2.494,2.466,0.964,0.896,0.4463,0.4157,3,
WDS_Virginia_Pine_P1,V-25,132,12,A,,1.67,1.66,0.688,0.598,0.4806,0.4116,3,
WDS_Virginia_Pine_P1,V-25,132,12,B,,1.956,1.942,0.796,0.702,0.4737,0.4132,3,
WDS_Virginia_Pine_P1,V-25,132,13,A,,1.728,1.73,0.702,0.686,0.4728,0.4597,3,
WDS_Virginia_Pine_P1,V-25,132,13,B,,1.366,1.366,0.544,0.534,0.462,0.4522,3,
WDS_Virginia_Pine_P1,V-25,132,14,A,,1.226,1.228,0.502,0.478,0.4771,0.4499,3,
WDS_Virginia_Pine_P1,V-25,132,14,B,,1.004,1.008,0.41,0.39,0.4757,0.4468,3,
WDS_Virginia_Pine_P1,V-25,132,15,A,,1.728,1.722,0.608,0.594,0.4007,0.3918,3,
WDS_Virginia_Pine_P1,V-25,132,15,B,,2.114,2.104,0.752,0.732,0.4057,0.3956,3,
WDS_Virginia_Pine_P1,V-25,132,16,A,,1.098,1.078,0.362,0.358,0.3722,0.3753,3,
WDS_Virginia_Pine_P1,V-25,132,16,B,,1.126,1.12,0.412,0.398,0.419,0.4052,3,
WDS_Virginia_Pine_P1,V-25,132,17,A,,2.306,2.276,0.824,0.778,0.4078,0.3877,3,
WDS_Virginia_Pine_P1,V-25,132,17,B,,2.098,2.098,0.76,0.726,0.4142,0.3932,3,
WDS_Virginia_Pine_P1,V-25,132,18,A,,1.522,1.498,0.594,0.578,0.4513,0.4454,3,
WDS_Virginia_Pine_P1,V-25,132,18,B,,1.694,1.682,0.7,0.684,0.4823,0.4733,3,
WDS_Virginia_Pine_P1,V-25,132,19,A,,2.19,2.138,0.902,0.848,0.4804,0.4598,3,
WDS_Virginia_Pine_P1,V-25,132,19,B,,1.672,1.638,0.65,0.618,0.4493,0.434,3,
WDS_Virginia_Pine_P1,V-25,132,20,A,,1.682,1.66,0.684,0.662,0.4733,0.4627,3,
WDS_Virginia_Pine_P1,V-25,132,20,B,,1.736,1.724,0.728,0.71,0.4906,0.4804,3,
WDS_Virginia_Pine_P1,V-25,132,21,A,,1.532,1.514,0.63,0.598,0.4795,0.4576,3,
WDS_Virginia_Pine_P1,V-25,132,21,B,,1.352,1.338,0.582,0.514,0.5059,0.4431,3,
WDS_Virginia_Pine_P1,V-25,132,22,A,,2.332,2.29,0.8,0.758,0.3893,0.3739,3,
WDS_Virginia_Pine_P1,V-25,132,22,B,,2.882,2.832,1.062,0.998,0.4224,0.4014,3,
WDS_Virginia_Pine_P1,V-25,132,23,A,,1.484,1.458,0.51,0.498,0.3901,0.3874,3,
WDS_Virginia_Pine_P1,V-25,132,23,B,,1.614,1.578,0.576,0.564,0.4072,0.4079,3,
WDS_Virginia_Pine_P1,V-25,132,24,A,,1.83,1.806,0.664,0.65,0.415,0.4112,3,
WDS_Virginia_Pine_P1,V-25,132,24,B,,2.296,2.262,0.884,0.868,0.4443,0.4426,3,
WDS_Virginia_Pine_P1,V-25,132,25,A,,1.364,1.348,0.488,0.47,0.4084,0.3966,3,
WDS_Virginia_Pine_P1,V-25,132,25,B,,1.968,1.948,0.792,0.75,0.4676,0.4443,3,
WDS_Virginia_Pine_P1,V-25,132,26,A,,1.528,1.49,0.59,0.552,0.4457,0.425,3,
WDS_Virginia_Pine_P1,V-25,132,26,B,,2.05,2.03,0.882,0.828,0.5056,0.475,3,
WDS_Virginia_Pine_P1,V-25,132,27,A,,1.956,1.948,0.714,0.68,0.4179,0.3971,3,
WDS_Virginia_Pine_P1,V-25,132,27,B,,1.55,1.54,0.538,0.52,0.3945,0.3824,3,
WDS_Virginia_Pine_P1,V-25,132,28,A,,1.818,1.802,0.736,0.702,0.4709,0.4503,3,
WDS_Virginia_Pine_P1,V-25,132,28,B,,1.82,1.792,0.728,0.708,0.4643,0.4577,3,
WDS_Virginia_Pine_P1,V-25,132,29,A,,1.514,1.49,0.562,0.55,0.426,0.4232,3,
WDS_Virginia_Pine_P1,V-25,132,29,B,,2.38,2.362,0.954,0.934,0.4655,0.4582,3,
WDS_Virginia_Pine_P1,V-25,132,30,A,,1.896,1.862,0.752,0.71,0.4598,0.4393,3,
WDS_Virginia_Pine_P1,V-25,132,30,B,,1.896,1.91,0.758,0.74,0.4641,0.4475,3,
WDS_Virginia_Pine_P1,V-26,132,16,A,,0.998,1.012,0.374,0.358,0.4307,0.4032,3,
WDS_Virginia_Pine_P1,V-26,132,16,B,,1.034,1.046,0.402,0.384,0.4493,0.4206,3,
WDS_Virginia_Pine_P1,V-26,132,17,A,,1.48,1.488,0.566,0.548,0.4408,0.4221,3,
WDS_Virginia_Pine_P1,V-26,132,17,B,,1.082,1.086,0.392,0.378,0.4143,0.3958,3,
WDS_Virginia_Pine_P1,V-26,132,18,A,,2.508,2.52,0.942,0.912,0.4318,0.4138,3,
WDS_Virginia_Pine_P1,V-26,132,18,B,,1.87,2.578,0.968,0.928,0.6308,0.4112,3,
WDS_Virginia_Pine_P1,V-26,132,19,A,,1.574,1.8,0.682,0.642,0.5098,0.4069,3,
WDS_Virginia_Pine_P1,V-26,132,19,B,,1.788,1.58,0.608,0.578,0.3854,0.4189,3,
WDS_Virginia_Pine_P1,V-26,132,20,A,,2.232,2.244,0.876,0.808,0.4542,0.4114,3,
WDS_Virginia_Pine_P1,V-26,132,20,B,,1.862,1.872,0.698,0.662,0.4308,0.403,3,
WDS_Virginia_Pine_P1,V-26,132,21,A,,1.808,1.802,0.652,0.594,0.4121,0.3721,3,
WDS_Virginia_Pine_P1,V-26,132,21,B,,1.588,1.592,0.55,0.518,0.3936,0.3667,3,
WDS_Virginia_Pine_P1,V-26,132,22,A,,1.784,1.796,0.688,0.648,0.4451,0.4123,3,
WDS_Virginia_Pine_P1,V-26,132,22,B,,1.868,1.874,0.73,0.698,0.452,0.4276,3,
WDS_Virginia_Pine_P1,V-26,132,23,A,,1.958,1.966,0.702,0.684,0.4094,0.3956,3,
WDS_Virginia_Pine_P1,V-26,132,23,B,,1.938,1.942,0.708,0.68,0.4183,0.3985,3,
WDS_Virginia_Pine_P1,V-26,132,24,A,,1.57,1.572,0.708,0.582,0.5344,0.4247,3,
WDS_Virginia_Pine_P1,V-26,132,24,B,,1.512,1.502,0.622,0.558,0.4797,0.4264,3,
WDS_Virginia_Pine_P1,V-26,132,25,A,,1.404,1.408,0.502,0.472,0.4081,0.3793,3,
WDS_Virginia_Pine_P1,V-26,132,25,B,,1.432,1.432,0.508,0.478,0.4045,0.3774,3,
WDS_Virginia_Pine_P1,V-26,132,26,A,,1.436,1.438,0.522,0.506,0.4159,0.4007,3,
WDS_Virginia_Pine_P1,V-26,132,26,B,,1.538,1.548,0.556,0.538,0.4133,0.3951,3,
WDS_Virginia_Pine_P1,V-26,132,27,A,,1.658,1.664,0.592,0.574,0.4075,0.3918,3,
WDS_Virginia_Pine_P1,V-26,132,27,B,,1.394,1.392,0.502,0.488,0.4114,0.399,3,
WDS_Virginia_Pine_P1,V-26,132,28,A,,1.71,1.714,0.63,0.602,0.4223,0.3999,3,
WDS_Virginia_Pine_P1,V-26,132,28,B,,1.23,1.234,0.45,0.434,0.4189,0.4005,3,
WDS_Virginia_Pine_P1,V-26,132,29,A,,1.538,1.538,0.604,0.59,0.4546,0.4424,3,
WDS_Virginia_Pine_P1,V-26,132,29,B,,1.464,1.462,0.568,0.554,0.4482,0.4362,3,
WDS_Virginia_Pine_P1,V-26,132,30,A,,1.43,1.44,0.492,0.488,0.3906,0.384,3,
WDS_Virginia_Pine_P1,V-26,132,30,B,,1.18,1.18,0.388,0.378,0.3711,0.3603,3,
WDS_Virginia_Pine_P1,V-26,132,15,B,,1.338,1.358,0.482,0.468,0.4116,0.3913,3,
WDS_Virginia_Pine_P1,V-26,132,15,A,,1.366,1.39,0.502,0.488,0.4211,0.3997,3,
WDS_Virginia_Pine_P1,V-26,132,14,B,,1.918,1.942,0.708,0.638,0.4233,0.3707,3,
WDS_Virginia_Pine_P1,V-26,132,14,A,,2.222,2.246,0.818,0.732,0.4219,0.3674,3,
WDS_Virginia_Pine_P1,V-26,132,13,B,,1.242,1.26,0.496,0.462,0.4635,0.42,3,
WDS_Virginia_Pine_P1,V-26,132,13,A,,1.258,1.276,0.502,0.468,0.4631,0.4202,3,
WDS_Virginia_Pine_P1,V-26,132,12,B,,1.67,1.692,0.678,0.658,0.4724,0.4494,3,
WDS_Virginia_Pine_P1,V-26,132,12,A,,2,2.018,0.838,0.81,0.4901,0.4662,3,
WDS_Virginia_Pine_P1,V-26,132,11,B,,1.206,1.222,0.468,0.444,0.4483,0.4157,3,
WDS_Virginia_Pine_P1,V-26,132,11,A,,1.668,1.688,0.688,0.656,0.4812,0.4491,3,
WDS_Virginia_Pine_P1,V-26,132,10,B,,1.572,1.588,0.622,0.596,0.4585,0.4314,3,
WDS_Virginia_Pine_P1,V-26,132,10,A,,1.724,1.74,0.672,0.652,0.4506,0.4306,3,
WDS_Virginia_Pine_P1,V-26,132,9,B,,1.578,1.592,0.644,0.604,0.4753,0.4368,3,
WDS_Virginia_Pine_P1,V-26,132,9,A,,1.578,1.592,0.618,0.592,0.4531,0.4268,3,
WDS_Virginia_Pine_P1,V-26,132,8,B,,1.408,1.428,0.482,0.458,0.3884,0.3608,3,
WDS_Virginia_Pine_P1,V-26,132,8,A,,1.56,1.578,0.546,0.532,0.3983,0.3817,3,
WDS_Virginia_Pine_P1,V-26,132,7,B,,1.054,1.072,0.398,0.368,0.4344,0.3896,3,
WDS_Virginia_Pine_P1,V-26,132,7,A,,1.118,1.132,0.416,0.382,0.4272,0.3821,3,
WDS_Virginia_Pine_P1,V-26,132,6,B,,1.37,1.378,0.482,0.458,0.4007,0.3756,3,
WDS_Virginia_Pine_P1,V-26,132,6,A,,1.43,1.442,0.52,0.486,0.416,0.3816,3,
WDS_Virginia_Pine_P1,V-26,132,5,B,,1.662,1.672,0.612,0.58,0.4221,0.3943,3,
WDS_Virginia_Pine_P1,V-26,132,5,A,,1.618,1.632,0.618,0.578,0.4402,0.4037,3,
WDS_Virginia_Pine_P1,V-26,132,4,B,,1.304,1.318,0.546,0.518,0.4897,0.455,3,
WDS_Virginia_Pine_P1,V-26,132,4,A,,0.904,0.918,0.376,0.358,0.4859,0.4509,3,
WDS_Virginia_Pine_P1,V-26,132,3,B,,1.384,1.398,0.542,0.502,0.4531,0.4101,3,
WDS_Virginia_Pine_P1,V-26,132,3,A,,1.326,1.34,0.498,0.478,0.4317,0.407,3,
WDS_Virginia_Pine_P1,V-26,132,2,B,,1.822,1.838,0.722,0.694,0.4593,0.4344,3,
WDS_Virginia_Pine_P1,V-26,132,2,A,,1.896,1.908,0.742,0.708,0.4527,0.4258,3,
WDS_Virginia_Pine_P1,V-26,132,1,B,,1.492,1.498,0.648,0.612,0.5112,0.4759,3,
WDS_Virginia_Pine_P1,V-26,132,1,A,,1.322,1.318,0.53,0.508,0.4656,0.4448,3,
WDS_Virginia_Pine_P1,V-27,132,16,A,,1.54,1.55,0.578,0.556,0.4314,0.4096,3,
WDS_Virginia_Pine_P1,V-27,132,1,A,,2.242,2.248,0.932,0.9,0.4856,0.4648,3,
WDS_Virginia_Pine_P1,V-27,132,1,B,,1.492,1.496,0.568,0.552,0.4385,0.4231,3,
WDS_Virginia_Pine_P1,V-27,132,2,A,,1.586,1.592,0.62,0.602,0.4521,0.4351,3,
WDS_Virginia_Pine_P1,V-27,132,2,B,,1.338,1.348,0.522,0.512,0.4511,0.4374,3,
WDS_Virginia_Pine_P1,V-27,132,3,A,,1.562,1.572,0.594,0.562,0.438,0.408,3,
WDS_Virginia_Pine_P1,V-27,132,3,B,,1.324,1.336,0.512,0.492,0.4465,0.4221,3,
WDS_Virginia_Pine_P1,V-27,132,4,A,,1.426,1.43,0.53,0.512,0.4266,0.4087,3,
WDS_Virginia_Pine_P1,V-27,132,4,B,,0.96,0.97,0.356,0.35,0.4255,0.4124,3,
WDS_Virginia_Pine_P1,V-27,132,5,A,,1.56,1.58,0.594,0.562,0.4386,0.4057,3,
WDS_Virginia_Pine_P1,V-27,132,5,B,,1.092,1.102,0.398,0.318,0.4171,0.3206,3,
WDS_Virginia_Pine_P1,V-27,132,6,A,,2.428,1.442,0.906,0.882,0.4285,0.7761,3,
WDS_Virginia_Pine_P1,V-27,132,6,B,,1.918,1.936,0.702,0.678,0.4191,0.3986,3,
WDS_Virginia_Pine_P1,V-27,132,7,A,,1.632,1.65,0.622,0.612,0.4391,0.4256,3,
WDS_Virginia_Pine_P1,V-27,132,7,B,,1.634,1.658,0.598,0.582,0.4191,0.3996,3,
WDS_Virginia_Pine_P1,V-27,132,8,A,,1.298,1.304,0.49,0.472,0.4343,0.4139,3,
WDS_Virginia_Pine_P1,V-27,132,8,B,,1.28,1.292,0.48,0.472,0.431,0.4183,3,
WDS_Virginia_Pine_P1,V-27,132,9,A,,1.874,1.88,0.832,0.728,0.5247,0.4472,3,
WDS_Virginia_Pine_P1,V-27,132,9,B,,1.708,1.714,0.718,0.648,0.492,0.435,3,
WDS_Virginia_Pine_P1,V-27,132,10,A,,2.492,2.5,1.044,0.934,0.4901,0.4291,3,
WDS_Virginia_Pine_P1,V-27,132,10,B,,2.748,2.756,1.172,1.03,0.5004,0.4293,3,
WDS_Virginia_Pine_P1,V-27,132,11,A,,1.31,1.314,0.488,0.478,0.4277,0.4162,3,
WDS_Virginia_Pine_P1,V-27,132,11,B,,1.502,1.51,0.556,0.53,0.4246,0.3996,3,
WDS_Virginia_Pine_P1,V-27,132,12,A,,1.262,1.276,0.466,0.452,0.4234,0.4038,3,
WDS_Virginia_Pine_P1,V-27,132,12,B,,1.304,1.314,0.48,0.468,0.4219,0.4063,3,
WDS_Virginia_Pine_P1,V-27,132,13,A,,0.976,0.98,0.358,0.348,0.4202,0.4049,3,
WDS_Virginia_Pine_P1,V-27,132,13,B,,1.01,1.02,0.366,0.358,0.4144,0.3996,3,
WDS_Virginia_Pine_P1,V-27,132,14,A,,1.646,1.654,0.638,0.6,0.4477,0.4149,3,
WDS_Virginia_Pine_P1,V-27,132,14,B,,1.692,1.698,0.646,0.618,0.44,0.4165,3,
WDS_Virginia_Pine_P1,V-27,132,15,A,,1.52,1.528,0.652,0.6,0.5038,0.4545,3,
WDS_Virginia_Pine_P1,V-27,132,15,B,,1.42,1.43,0.602,0.56,0.4969,0.4531,3,
WDS_Virginia_Pine_P1,V-27,132,16,B,,1.568,1.574,0.574,0.56,0.4192,0.4058,3,
WDS_Virginia_Pine_P1,V-27,132,17,A,,1.77,1.778,0.684,0.67,0.4462,0.4334,3,
WDS_Virginia_Pine_P1,V-27,132,17,B,,1.62,1.632,0.598,0.588,0.4233,0.4117,3,
WDS_Virginia_Pine_P1,V-27,132,18,A,,1.81,1.818,0.67,0.652,0.4246,0.4095,3,
WDS_Virginia_Pine_P1,V-27,132,18,B,,1.544,1.556,0.56,0.548,0.4148,0.4011,3,
WDS_Virginia_Pine_P1,V-27,132,19,A,,1.842,1.85,0.686,0.66,0.4276,0.4071,3,
WDS_Virginia_Pine_P1,V-27,132,19,B,,1.648,1.662,0.622,0.596,0.4342,0.4095,3,
WDS_Virginia_Pine_P1,V-27,132,20,A,,1.998,2.01,0.768,0.718,0.4434,0.4077,3,
WDS_Virginia_Pine_P1,V-27,132,20,B,,1.648,1.658,0.628,0.582,0.439,0.3996,3,
WDS_Virginia_Pine_P1,V-27,132,21,A,,1.478,1.488,0.626,0.6,0.4964,0.4687,3,
WDS_Virginia_Pine_P1,V-27,132,21,B,,1.248,1.262,0.502,0.488,0.4674,0.4465,3,
WDS_Virginia_Pine_P1,V-27,132,22,A,,1.294,1.31,0.494,0.482,0.4399,0.4217,3,
WDS_Virginia_Pine_P1,V-27,132,22,B,,1.168,1.178,0.432,0.426,0.4242,0.4134,3,
WDS_Virginia_Pine_P1,V-27,132,23,A,,1.612,1.612,0.64,0.604,0.4603,0.4306,3,
WDS_Virginia_Pine_P1,V-27,132,23,B,,1.432,1.434,0.54,0.506,0.4338,0.402,3,
WDS_Virginia_Pine_P1,V-27,132,24,A,,0.988,0.986,0.388,0.362,0.4545,0.4206,3,
WDS_Virginia_Pine_P1,V-27,132,24,B,,1.078,1.08,0.438,0.414,0.4729,0.442,3,
WDS_Virginia_Pine_P1,V-27,132,25,A,,1.404,1.41,0.522,0.51,0.4268,0.4135,3,
WDS_Virginia_Pine_P1,V-27,132,25,B,,1.16,1.164,0.408,0.398,0.4005,0.3879,3,
WDS_Virginia_Pine_P1,V-27,132,26,A,,1.008,1.008,0.38,0.368,0.4336,0.4179,3,
WDS_Virginia_Pine_P1,V-27,132,26,B,,1.082,1.09,0.402,0.392,0.4264,0.4108,3,
WDS_Virginia_Pine_P1,V-27,132,27,A,,1.808,1.82,0.674,0.632,0.4281,0.3947,3,
WDS_Virginia_Pine_P1,V-27,132,27,B,,1.878,1.882,0.702,0.656,0.4294,0.3964,3,
WDS_Virginia_Pine_P1,V-27,132,28,A,,1.81,1.822,0.698,0.662,0.4451,0.4157,3,
WDS_Virginia_Pine_P1,V-27,132,28,B,,1.786,1.804,0.68,0.652,0.4386,0.4131,3,
WDS_Virginia_Pine_P1,V-27,132,29,A,,1.128,1.134,0.4,0.384,0.4043,0.3836,3,
WDS_Virginia_Pine_P1,V-27,132,29,B,,1.224,1.234,0.436,0.422,0.4063,0.3879,3,
WDS_Virginia_Pine_P1,V-27,132,30,A,,1.574,1.586,0.612,0.568,0.4493,0.4089,3,
WDS_Virginia_Pine_P1,V-27,132,30,B,,1.436,1.434,0.556,0.528,0.4472,0.422,3,
WDS_Virginia_Pine_P1,V-28,132,15,A,,2.058,2.06,0.824,0.792,0.4649,0.4435,3,
WDS_Virginia_Pine_P1,V-28,132,14,B,,2.116,2.116,0.864,0.844,0.4756,0.4628,3,
WDS_Virginia_Pine_P1,V-28,132,14,A,,1.986,1.986,0.8,0.774,0.4681,0.4506,3,
WDS_Virginia_Pine_P1,V-28,132,13,B,,2.418,2.418,1.002,0.976,0.4838,0.4693,3,
WDS_Virginia_Pine_P1,V-28,132,13,A,,2.45,2.452,0.978,0.958,0.4632,0.4519,3,
WDS_Virginia_Pine_P1,V-28,132,12,B,,1.518,1.522,0.57,0.548,0.4316,0.4114,3,
WDS_Virginia_Pine_P1,V-28,132,12,A,,1.446,1.448,0.506,0.482,0.3982,0.3763,3,
WDS_Virginia_Pine_P1,V-28,132,11,B,,1.55,1.542,0.686,0.638,0.5227,0.483,3,
WDS_Virginia_Pine_P1,V-28,132,11,A,,1.426,1.428,0.62,0.58,0.5119,0.4727,3,
WDS_Virginia_Pine_P1,V-28,132,10,B,,1.484,1.482,0.592,0.568,0.4629,0.4419,3,
WDS_Virginia_Pine_P1,V-28,132,10,A,,2.144,2.144,0.918,0.834,0.5027,0.4496,3,
WDS_Virginia_Pine_P1,V-28,132,9,B,,1.728,1.732,0.61,0.588,0.4022,0.3847,3,
WDS_Virginia_Pine_P1,V-28,132,9,A,,1.254,1.252,0.436,0.418,0.3953,0.3775,3,
WDS_Virginia_Pine_P1,V-28,132,8,B,,1.906,1.908,0.852,0.77,0.5289,0.4691,3,
WDS_Virginia_Pine_P1,V-28,132,8,A,,1.348,1.342,0.564,0.502,0.4893,0.4298,3,
WDS_Virginia_Pine_P1,V-28,132,7,B,,1.722,1.724,0.678,0.658,0.4559,0.4398,3,
WDS_Virginia_Pine_P1,V-28,132,7,A,,2.066,2.072,0.88,0.84,0.4997,0.4716,3,
WDS_Virginia_Pine_P1,V-28,132,6,B,,1.324,1.328,0.57,0.55,0.506,0.4835,3,
WDS_Virginia_Pine_P1,V-28,132,6,A,,1.238,1.24,0.54,0.518,0.5138,0.4884,3,
WDS_Virginia_Pine_P1,V-28,132,5,B,,1.798,1.798,0.76,0.718,0.4952,0.4634,3,
WDS_Virginia_Pine_P1,V-28,132,5,A,,1.486,1.488,0.612,0.59,0.4804,0.4596,3,
WDS_Virginia_Pine_P1,V-28,132,4,B,,2.968,2.962,1.172,1.098,0.4575,0.4253,3,
WDS_Virginia_Pine_P1,V-28,132,4,A,,2.522,2.536,0.96,0.902,0.4385,0.4057,3,
WDS_Virginia_Pine_P1,V-28,132,3,B,,1.404,1.418,0.594,0.582,0.4957,0.4785,3,
WDS_Virginia_Pine_P1,V-28,132,3,A,,1.578,1.592,0.638,0.618,0.4702,0.4485,3,
WDS_Virginia_Pine_P1,V-28,132,2,B,,1.958,1.97,0.792,0.75,0.4704,0.4385,3,
WDS_Virginia_Pine_P1,V-28,132,2,A,,2.12,2.13,0.85,0.792,0.4656,0.4268,3,
WDS_Virginia_Pine_P1,V-28,132,1,B,,1.37,1.382,0.584,0.566,0.5001,0.4773,3,
WDS_Virginia_Pine_P1,V-28,132,1,A,,1.57,1.582,0.666,0.648,0.4973,0.4773,3,
WDS_Virginia_Pine_P1,V-28,132,16,A,,1.692,1.698,0.68,0.668,0.4669,0.4555,3,
WDS_Virginia_Pine_P1,V-28,132,16,B,,1.296,1.294,0.5,0.492,0.4453,0.4379,3,
WDS_Virginia_Pine_P1,V-28,132,17,A,,1.824,1.818,0.702,0.678,0.4441,0.4283,3,
WDS_Virginia_Pine_P1,V-28,132,17,B,,1.462,1.462,0.55,0.54,0.4326,0.4235,3,
WDS_Virginia_Pine_P1,V-28,132,18,A,,2.1,2.108,0.84,0.804,0.4643,0.4395,3,
WDS_Virginia_Pine_P1,V-28,132,18,B,,1.762,1.762,0.682,0.662,0.447,0.4319,3,
WDS_Virginia_Pine_P1,V-28,132,19,A,,2.02,2.02,0.79,0.762,0.4524,0.4339,3,
WDS_Virginia_Pine_P1,V-28,132,19,B,,1.59,1.59,0.612,0.596,0.4441,0.4308,3,
WDS_Virginia_Pine_P1,V-28,132,20,A,,1.942,1.942,0.826,0.778,0.4988,0.4652,3,
WDS_Virginia_Pine_P1,V-28,132,20,B,,1.698,1.688,0.692,0.67,0.4745,0.4602,3,
WDS_Virginia_Pine_P1,V-28,132,21,A,,3.7,3.692,1.602,1.378,0.5094,0.4287,3,
WDS_Virginia_Pine_P1,V-28,132,21,B,,3.868,3.872,1.602,1.45,0.4835,0.4303,3,
WDS_Virginia_Pine_P1,V-28,132,22,A,,2.752,2.75,1.306,1.054,0.5679,0.4419,3,
WDS_Virginia_Pine_P1,V-28,132,22,B,,2.472,2.47,1.042,0.96,0.4936,0.4491,3,
WDS_Virginia_Pine_P1,V-28,132,23,A,,1.502,1.504,0.552,0.542,0.4211,0.4118,3,
WDS_Virginia_Pine_P1,V-28,132,23,B,,1.624,1.63,0.612,0.59,0.4334,0.4139,3,
WDS_Virginia_Pine_P1,V-28,132,24,A,,1.358,1.352,0.546,0.52,0.4671,0.4437,3,
WDS_Virginia_Pine_P1,V-28,132,24,B,,2.248,2.244,0.952,0.912,0.4963,0.473,3,
WDS_Virginia_Pine_P1,V-28,132,25,A,,2.242,2.238,0.852,0.796,0.4376,0.4057,3,
WDS_Virginia_Pine_P1,V-28,132,25,B,,2.328,2.326,0.904,0.86,0.4487,0.424,3,
WDS_Virginia_Pine_P1,V-28,132,26,A,,2.262,2.264,0.86,0.84,0.4379,0.4257,3,
WDS_Virginia_Pine_P1,V-28,132,26,B,,1.8,1.804,0.688,0.67,0.4406,0.4262,3,
WDS_Virginia_Pine_P1,V-28,132,27,A,,2.008,2.002,0.804,0.732,0.4649,0.4187,3,
WDS_Virginia_Pine_P1,V-28,132,27,B,,1.648,1.652,0.642,0.608,0.4503,0.4218,3,
WDS_Virginia_Pine_P1,V-28,132,28,A,,1.198,1.198,0.45,0.432,0.4318,0.4121,3,
WDS_Virginia_Pine_P1,V-28,132,28,B,,1.974,1.976,0.828,0.792,0.4908,0.4654,3,
WDS_Virginia_Pine_P1,V-28,132,29,A,,3.32,3.322,1.484,1.31,0.5289,0.4567,3,
WDS_Virginia_Pine_P1,V-28,132,29,B,,2.436,2.432,1.008,0.932,0.483,0.4419,3,
WDS_Virginia_Pine_P1,V-28,132,30,A,,1.53,1.528,0.624,0.574,0.4749,0.4319,3,
WDS_Virginia_Pine_P1,V-28,132,30,B,,1.872,1.866,0.78,0.718,0.487,0.444,3,
WDS_Virginia_Pine_P1,V-28,132,15,B,,1.86,1.864,0.75,0.71,0.4687,0.4388,3,
WDS_Virginia_Pine_P1,V-29,132,23,B,,2.288,2.29,0.934,0.904,0.4754,0.4573,3,
WDS_Virginia_Pine_P1,V-29,132,1,B,,1.992,1.996,0.772,0.732,0.4476,0.4201,3,
WDS_Virginia_Pine_P1,V-29,132,2,A,,1.892,1.9,0.766,0.738,0.4709,0.4488,3,
WDS_Virginia_Pine_P1,V-29,132,2,B,,1.66,1.666,0.678,0.648,0.4757,0.4495,3,
WDS_Virginia_Pine_P1,V-29,132,3,A,,1.592,1.6,0.63,0.592,0.4586,0.4244,3,
WDS_Virginia_Pine_P1,V-29,132,3,B,,1.746,1.756,0.678,0.65,0.4487,0.4246,3,
WDS_Virginia_Pine_P1,V-29,132,4,A,,2.148,2.16,0.78,0.756,0.4154,0.3983,3,
WDS_Virginia_Pine_P1,V-29,132,4,B,,1.774,1.776,0.626,0.608,0.402,0.3884,3,
WDS_Virginia_Pine_P1,V-29,132,5,A,,3.32,3.3,1.324,1.218,0.4627,0.4232,3,
WDS_Virginia_Pine_P1,V-29,132,5,B,,2.504,2.51,1.184,0.938,0.5655,0.4293,3,
WDS_Virginia_Pine_P1,V-29,132,6,A,,2.162,2.168,0.872,0.818,0.4688,0.434,3,
WDS_Virginia_Pine_P1,V-29,132,6,B,,1.886,1.876,0.758,0.694,0.4669,0.4243,3,
WDS_Virginia_Pine_P1,V-29,132,7,A,,1.89,1.896,0.68,0.668,0.411,0.4013,3,
WDS_Virginia_Pine_P1,V-29,132,7,B,,1.56,1.568,0.538,0.534,0.3917,0.3861,3,
WDS_Virginia_Pine_P1,V-29,132,8,A,,2.992,3.008,1.182,1.102,0.4577,0.4196,3,
WDS_Virginia_Pine_P1,V-29,132,8,B,,2.066,2.072,0.75,0.708,0.4152,0.3876,3,
WDS_Virginia_Pine_P1,V-29,132,9,A,,1.984,1.998,0.752,0.732,0.4363,0.4196,3,
WDS_Virginia_Pine_P1,V-29,132,9,B,,1.974,1.982,0.784,0.75,0.4605,0.4355,3,
WDS_Virginia_Pine_P1,V-29,132,10,A,,2.072,2.064,0.78,0.752,0.4329,0.417,3,
WDS_Virginia_Pine_P1,V-29,132,10,B,,1.884,1.888,0.712,0.696,0.4348,0.4226,3,
WDS_Virginia_Pine_P1,V-29,132,11,A,,2.252,2.25,0.886,0.848,0.4555,0.4335,3,
WDS_Virginia_Pine_P1,V-29,132,11,B,,2.648,2.654,1.07,1.036,0.4698,0.4514,3,
WDS_Virginia_Pine_P1,V-29,132,12,A,,2.238,2.24,0.904,0.872,0.4696,0.45,3,
WDS_Virginia_Pine_P1,V-29,132,12,B,,2.806,2.818,1.164,1.128,0.4844,0.4647,3,
WDS_Virginia_Pine_P1,V-29,132,13,A,,2.274,2.288,0.966,0.916,0.4981,0.4648,3,
WDS_Virginia_Pine_P1,V-29,132,13,B,,2.274,2.282,0.938,0.87,0.4813,0.4393,3,
WDS_Virginia_Pine_P1,V-29,132,14,A,,1.604,1.61,0.57,0.556,0.4052,0.3923,3,
WDS_Virginia_Pine_P1,V-29,132,14,B,,1.592,1.592,0.588,0.568,0.4235,0.4071,3,
WDS_Virginia_Pine_P1,V-29,132,15,A,,1.6,1.594,0.614,0.578,0.4426,0.4147,3,
WDS_Virginia_Pine_P1,V-29,132,15,B,,1.656,1.658,0.632,0.604,0.4398,0.4169,3,
WDS_Virginia_Pine_P1,V-29,132,16,A,,1.966,1.968,0.708,0.672,0.4114,0.3873,3,
WDS_Virginia_Pine_P1,V-29,132,16,B,,2.776,2.786,1.044,0.99,0.4324,0.4052,3,
WDS_Virginia_Pine_P1,V-29,132,17,A,,1.996,1.99,0.772,0.746,0.4466,0.4308,3,
WDS_Virginia_Pine_P1,V-29,132,17,B,,1.8,1.8,0.666,0.644,0.4244,0.4084,3,
WDS_Virginia_Pine_P1,V-29,132,18,A,,2.342,2.342,0.862,0.838,0.4218,0.4084,3,
WDS_Virginia_Pine_P1,V-29,132,18,B,,2.62,2.632,0.99,0.96,0.4348,0.4175,3,
WDS_Virginia_Pine_P1,V-29,132,19,A,,2.078,2.088,0.796,0.774,0.4417,0.4253,3,
WDS_Virginia_Pine_P1,V-29,132,19,B,,2.652,2.658,1.026,1.002,0.4467,0.4336,3,
WDS_Virginia_Pine_P1,V-29,132,20,A,,2.198,2.192,0.934,0.852,0.4983,0.4492,3,
WDS_Virginia_Pine_P1,V-29,132,20,B,,2.864,1.864,1.12,1.04,0.4523,0.6916,3,
WDS_Virginia_Pine_P1,V-29,132,21,A,,2.034,2.032,0.74,0.672,0.4163,0.3735,3,
WDS_Virginia_Pine_P1,V-29,132,21,B,,2.474,2.472,0.956,0.902,0.4461,0.4177,3,
WDS_Virginia_Pine_P1,V-29,132,22,A,,2.124,2.12,0.79,0.754,0.4269,0.4056,3,
WDS_Virginia_Pine_P1,V-29,132,22,B,,2.142,2.14,0.806,0.76,0.4327,0.405,3,
WDS_Virginia_Pine_P1,V-29,132,23,A,,2.386,2.404,0.946,0.918,0.4596,0.4401,3,
WDS_Virginia_Pine_P1,V-29,132,1,A,,2.032,2.034,0.846,0.802,0.4865,0.4567,3,
WDS_Virginia_Pine_P1,V-29,132,24,A,,1.312,1.314,0.526,0.48,0.4656,0.4182,3,
WDS_Virginia_Pine_P1,V-29,132,24,B,,1.502,1.508,0.57,0.554,0.4369,0.4209,3,
WDS_Virginia_Pine_P1,V-29,132,25,A,,2.264,2.26,0.88,0.84,0.4492,0.4266,3,
WDS_Virginia_Pine_P1,V-29,132,25,B,,2.238,2.24,0.834,0.806,0.4279,0.4111,3,
WDS_Virginia_Pine_P1,V-29,132,26,A,,2.77,2.76,1.07,0.988,0.446,0.4086,3,
WDS_Virginia_Pine_P1,V-29,132,26,B,,2.842,2.84,1.198,1.05,0.4936,0.424,3,
WDS_Virginia_Pine_P1,V-29,132,27,A,,2.702,2.712,1.056,0.976,0.452,0.4111,3,
WDS_Virginia_Pine_P1,V-29,132,27,B,,1.97,1.98,0.798,0.712,0.4712,0.4108,3,
WDS_Virginia_Pine_P1,V-29,132,28,A,,2.956,2.96,1.132,1.072,0.4415,0.4141,3,
WDS_Virginia_Pine_P1,V-29,132,28,B,,3.45,3.452,1.388,1.28,0.4675,0.4254,3,
WDS_Virginia_Pine_P1,V-29,132,29,A,,2.21,2.21,0.788,0.75,0.4068,0.3846,3,
WDS_Virginia_Pine_P1,V-29,132,29,B,,1.928,1.93,0.682,0.648,0.4031,0.3799,3,
WDS_Virginia_Pine_P1,V-29,132,30,A,,2.392,2.388,0.93,0.862,0.4493,0.4126,3,
WDS_Virginia_Pine_P1,V-29,132,30,B,,2.426,2.424,0.934,0.886,0.4442,0.4185,3,
WDS_Virginia_Pine_P1,V-3,132,1,A,,1.46,1.48,0.58,0.512,0.4607,0.393,3,
WDS_Virginia_Pine_P1,V-3,132,16,B,,0.98,1.002,0.378,0.332,0.4452,0.3743,3,
WDS_Virginia_Pine_P1,V-3,132,17,A,,1.86,1.878,0.76,0.674,0.476,0.4098,3,
WDS_Virginia_Pine_P1,V-3,132,17,B,,2.268,2.298,0.92,0.876,0.472,0.4392,3,
WDS_Virginia_Pine_P1,V-3,132,18,A,,1.814,1.826,0.704,0.668,0.4484,0.4189,3,
WDS_Virginia_Pine_P1,V-3,132,18,B,,1.296,1.304,0.5,0.474,0.4453,0.4159,3,
WDS_Virginia_Pine_P1,V-3,132,19,A,,1.964,1.974,0.732,0.65,0.428,0.3717,3,
WDS_Virginia_Pine_P1,V-3,132,19,B,,1.64,1.65,0.604,0.538,0.4221,0.3676,3,
WDS_Virginia_Pine_P1,V-3,132,20,A,,1.664,1.682,0.642,0.606,0.4453,0.4117,3,
WDS_Virginia_Pine_P1,V-3,132,20,B,,1.788,1.812,0.708,0.67,0.4589,0.4241,3,
WDS_Virginia_Pine_P1,V-3,132,21,A,,1.248,1.266,0.52,0.454,0.487,0.4095,3,
WDS_Virginia_Pine_P1,V-3,132,21,B,,1.338,1.358,0.502,0.468,0.4312,0.3913,3,
WDS_Virginia_Pine_P1,V-3,132,22,A,,1.536,1.548,0.578,0.542,0.4327,0.3985,3,
WDS_Virginia_Pine_P1,V-3,132,22,B,,1.44,1.454,0.55,0.516,0.4402,0.4046,3,
WDS_Virginia_Pine_P1,V-3,132,23,A,,2.076,2.098,0.816,0.778,0.455,0.4255,3,
WDS_Virginia_Pine_P1,V-3,132,23,B,,1.524,1.532,0.562,0.52,0.4228,0.3847,3,
WDS_Virginia_Pine_P1,V-3,132,24,A,,1.864,1.882,0.688,0.638,0.4232,0.3841,3,
WDS_Virginia_Pine_P1,V-3,132,24,B,,2.09,2.118,0.752,0.692,0.411,0.3684,3,
WDS_Virginia_Pine_P1,V-3,132,25,A,,1.738,1.756,0.714,0.674,0.479,0.4427,3,
WDS_Virginia_Pine_P1,V-3,132,25,B,,1.424,1.436,0.562,0.512,0.4572,0.4068,3,
WDS_Virginia_Pine_P1,V-3,132,26,A,,1.37,1.372,0.532,0.496,0.4487,0.4133,3,
WDS_Virginia_Pine_P1,V-3,132,26,B,,1.818,1.832,0.748,0.698,0.4798,0.4389,3,
WDS_Virginia_Pine_P1,V-3,132,27,A,,1.372,1.392,0.47,0.438,0.3887,0.3531,3,
WDS_Virginia_Pine_P1,V-3,132,27,B,,1.552,1.568,0.53,0.504,0.3873,0.3617,3,
WDS_Virginia_Pine_P1,V-3,132,28,A,,1.646,1.662,0.612,0.576,0.4268,0.3939,3,
WDS_Virginia_Pine_P1,V-3,132,28,B,,1.926,1.932,0.826,0.702,0.5037,0.4157,3,
WDS_Virginia_Pine_P1,V-3,132,29,A,,1.848,1.874,0.688,0.614,0.4274,0.3696,3,
WDS_Virginia_Pine_P1,V-3,132,29,B,,1.48,1.498,0.518,0.478,0.3983,0.3587,3,
WDS_Virginia_Pine_P1,V-3,132,30,A,,1.79,1.812,0.706,0.658,0.4568,0.4154,3,
WDS_Virginia_Pine_P1,V-3,132,30,B,,1.668,1.684,0.636,0.582,0.4393,0.3926,3,
WDS_Virginia_Pine_P1,V-3,132,16,A,,1.3,1.314,0.502,0.448,0.4458,0.3866,3,
WDS_Virginia_Pine_P1,V-3,132,15,B,,1.39,1.404,0.52,0.488,0.4298,0.3952,3,
WDS_Virginia_Pine_P1,V-3,132,15,A,,1.644,1.67,0.638,0.606,0.4484,0.415,3,
WDS_Virginia_Pine_P1,V-3,132,14,B,,1.308,1.326,0.508,0.492,0.4488,0.4258,3,
WDS_Virginia_Pine_P1,V-3,132,14,A,,1.102,1.124,0.42,0.396,0.4391,0.4013,3,
WDS_Virginia_Pine_P1,V-3,132,13,B,,1.686,1.708,0.596,0.562,0.4028,0.3714,3,
WDS_Virginia_Pine_P1,V-3,132,13,A,,2.094,2.112,0.792,0.746,0.4352,0.4025,3,
WDS_Virginia_Pine_P1,V-3,132,12,B,,1.732,1.744,0.654,0.616,0.4344,0.4025,3,
WDS_Virginia_Pine_P1,V-3,132,12,A,,1.974,1.992,0.742,0.702,0.4322,0.4014,3,
WDS_Virginia_Pine_P1,V-3,132,11,B,,1.918,1.938,0.694,0.666,0.4137,0.3901,3,
WDS_Virginia_Pine_P1,V-3,132,11,A,,1.738,1.752,0.646,0.598,0.4266,0.3871,3,
WDS_Virginia_Pine_P1,V-3,132,10,B,,1.554,1.57,0.54,0.502,0.395,0.3596,3,
WDS_Virginia_Pine_P1,V-3,132,10,A,,1.108,1.128,0.372,0.326,0.3799,0.3212,3,
WDS_Virginia_Pine_P1,V-3,132,9,B,,2.208,2.234,0.858,0.814,0.449,0.417,3,
WDS_Virginia_Pine_P1,V-3,132,9,A,,1.614,1.622,0.702,0.6,0.5121,0.4243,3,
WDS_Virginia_Pine_P1,V-3,132,8,B,,1.382,1.388,0.468,0.448,0.3836,0.3634,3,
WDS_Virginia_Pine_P1,V-3,132,8,A,,1.808,1.828,0.628,0.6,0.3949,0.3703,3,
WDS_Virginia_Pine_P1,V-3,132,7,B,,2.318,2.35,0.83,0.772,0.4088,0.3707,3,
WDS_Virginia_Pine_P1,V-3,132,7,A,,2.348,2.362,0.82,0.768,0.3973,0.3664,3,
WDS_Virginia_Pine_P1,V-3,132,6,B,,1.846,1.858,0.71,0.674,0.4437,0.4149,3,
WDS_Virginia_Pine_P1,V-3,132,6,A,,1.442,1.458,0.554,0.536,0.4432,0.4213,3,
WDS_Virginia_Pine_P1,V-3,132,5,B,,1.724,1.744,0.648,0.62,0.4321,0.4054,3,
WDS_Virginia_Pine_P1,V-3,132,5,A,,1.808,1.812,0.672,0.65,0.4266,0.4096,3,
WDS_Virginia_Pine_P1,V-3,132,4,B,,1.152,1.166,0.448,0.434,0.4494,0.4273,3,
WDS_Virginia_Pine_P1,V-3,132,4,A,,1.358,1.368,0.532,0.514,0.4533,0.432,3,
WDS_Virginia_Pine_P1,V-3,132,3,B,,0.888,0.894,0.328,0.312,0.4236,0.397,3,
WDS_Virginia_Pine_P1,V-3,132,3,A,,0.992,1.002,0.396,0.378,0.4633,0.434,3,
WDS_Virginia_Pine_P1,V-3,132,2,B,,2.238,2.254,0.822,0.772,0.4208,0.3886,3,
WDS_Virginia_Pine_P1,V-3,132,2,A,,1.72,1.724,0.57,0.548,0.3744,0.3572,3,
WDS_Virginia_Pine_P1,V-3,132,1,B,,1.826,1.848,0.684,0.658,0.4304,0.4062,3,
WDS_Virginia_Pine_P1,V-30,132,16,A,,1.98,1.998,0.834,0.8,0.4932,0.4649,3,
WDS_Virginia_Pine_P1,V-30,132,1,A,,1.65,1.652,0.724,0.7,0.5174,0.4966,3,
WDS_Virginia_Pine_P1,V-30,132,1,B,,1.752,1.758,0.776,0.752,0.5232,0.5022,3,
WDS_Virginia_Pine_P1,V-30,132,2,A,,2.404,2.414,0.996,0.952,0.4837,0.4568,3,
WDS_Virginia_Pine_P1,V-30,132,2,B,,2.032,2.048,0.762,0.73,0.431,0.4067,3,
WDS_Virginia_Pine_P1,V-30,132,3,A,,2.442,2.462,1,0.962,0.4772,0.4519,3,
WDS_Virginia_Pine_P1,V-30,132,3,B,,2.458,2.482,0.99,0.958,0.4681,0.4456,3,
WDS_Virginia_Pine_P1,V-30,132,4,A,,2.006,2.022,0.764,0.728,0.4387,0.4113,3,
WDS_Virginia_Pine_P1,V-30,132,4,B,,1.708,1.724,0.742,0.672,0.5114,0.4506,3,
WDS_Virginia_Pine_P1,V-30,132,5,A,,1.57,1.588,0.548,0.522,0.3971,0.371,3,
WDS_Virginia_Pine_P1,V-30,132,5,B,,1.71,1.732,0.612,0.586,0.4085,0.3833,3,
WDS_Virginia_Pine_P1,V-30,132,6,A,,2.878,2.902,1.088,1.042,0.435,0.4101,3,
WDS_Virginia_Pine_P1,V-30,132,6,B,,2.49,2.504,0.91,0.878,0.4184,0.3991,3,
WDS_Virginia_Pine_P1,V-30,132,7,A,,1.662,1.672,0.65,0.602,0.4524,0.4114,3,
WDS_Virginia_Pine_P1,V-30,132,7,B,,2.34,2.34,1.018,0.912,0.5122,0.4506,3,
WDS_Virginia_Pine_P1,V-30,132,8,A,,2.042,2.044,0.86,0.768,0.4931,0.432,3,
WDS_Virginia_Pine_P1,V-30,132,8,B,,2.01,2.018,0.854,0.768,0.4982,0.4384,3,
WDS_Virginia_Pine_P1,V-30,132,9,A,,1.558,1.57,0.644,0.612,0.4824,0.4507,3,
WDS_Virginia_Pine_P1,V-30,132,9,B,,1.216,1.22,0.492,0.468,0.4706,0.4424,3,
WDS_Virginia_Pine_P1,V-30,132,10,A,,3.228,3.262,1.294,1.238,0.4655,0.437,3,
WDS_Virginia_Pine_P1,V-30,132,10,B,,3.022,3.05,1.29,1.238,0.5009,0.4723,3,
WDS_Virginia_Pine_P1,V-30,132,11,A,,1.644,1.66,0.63,0.588,0.4419,0.4038,3,
WDS_Virginia_Pine_P1,V-30,132,11,B,,1.578,1.594,0.584,0.542,0.4245,0.3854,3,
WDS_Virginia_Pine_P1,V-30,132,12,A,,2.152,2.172,0.942,0.902,0.516,0.4851,3,
WDS_Virginia_Pine_P1,V-30,132,12,B,,1.826,1.842,0.776,0.732,0.4983,0.4608,3,
WDS_Virginia_Pine_P1,V-30,132,13,A,,2.44,2.454,0.946,0.9,0.4479,0.4201,3,
WDS_Virginia_Pine_P1,V-30,132,13,B,,2.59,2.608,1.016,0.976,0.454,0.43,3,
WDS_Virginia_Pine_P1,V-30,132,14,A,,2.528,2.54,0.99,0.942,0.4531,0.4255,3,
WDS_Virginia_Pine_P1,V-30,132,14,B,,2.678,2.686,1.058,1.008,0.4577,0.4314,3,
WDS_Virginia_Pine_P1,V-30,132,15,A,,1.896,1.892,0.82,0.702,0.5087,0.4258,3,
WDS_Virginia_Pine_P1,V-30,132,15,B,,1.86,1.87,0.79,0.718,0.498,0.4429,3,
WDS_Virginia_Pine_P1,V-30,132,16,B,,1.952,1.968,0.862,0.792,0.5214,0.4676,3,
WDS_Virginia_Pine_P1,V-30,132,17,A,,1.978,1.992,0.85,0.82,0.5049,0.4801,3,
WDS_Virginia_Pine_P1,V-30,132,17,B,,1.938,1.95,0.838,0.808,0.5086,0.4838,3,
WDS_Virginia_Pine_P1,V-30,132,18,A,,2.158,2.178,0.84,0.792,0.4499,0.416,3,
WDS_Virginia_Pine_P1,V-30,132,18,B,,1.922,1.938,0.72,0.68,0.4305,0.3994,3,
WDS_Virginia_Pine_P1,V-30,132,19,A,,1.538,1.558,0.59,0.57,0.4424,0.4189,3,
WDS_Virginia_Pine_P1,V-30,132,19,B,,1.4,1.416,0.536,0.512,0.4414,0.4134,3,
WDS_Virginia_Pine_P1,V-30,132,20,A,,2.372,2.4,0.908,0.862,0.4413,0.4102,3,
WDS_Virginia_Pine_P1,V-30,132,20,B,,2.412,2.434,0.872,0.84,0.4133,0.392,3,
WDS_Virginia_Pine_P1,V-30,132,21,A,,1.632,1.642,0.656,0.608,0.467,0.4248,3,
WDS_Virginia_Pine_P1,V-30,132,21,B,,2.004,2.012,0.902,0.786,0.5332,0.4518,3,
WDS_Virginia_Pine_P1,V-30,132,22,A,,2.738,2.75,1.164,1.032,0.4985,0.4313,3,
WDS_Virginia_Pine_P1,V-30,132,22,B,,2.108,2.122,0.852,0.74,0.47,0.3966,3,
WDS_Virginia_Pine_P1,V-30,132,23,A,,1.583,1.598,0.634,0.602,0.465,0.4333,3,
WDS_Virginia_Pine_P1,V-30,132,23,B,,1.604,1.622,0.624,0.598,0.4496,0.4227,3,
WDS_Virginia_Pine_P1,V-30,132,24,A,,2.86,2.87,1.188,1.102,0.4852,0.4429,3,
WDS_Virginia_Pine_P1,V-30,132,24,B,,2.24,2.252,0.9,0.842,0.4667,0.4295,3,
WDS_Virginia_Pine_P1,V-30,132,25,A,,2.362,2.382,0.92,0.89,0.4503,0.4292,3,
WDS_Virginia_Pine_P1,V-30,132,25,B,,2.9,2.922,1.154,1.118,0.4616,0.4411,3,
WDS_Virginia_Pine_P1,V-30,132,26,A,,1.852,1.866,0.696,0.648,0.4321,0.3948,3,
WDS_Virginia_Pine_P1,V-30,132,26,B,,2.118,2.132,0.814,0.782,0.4433,0.4202,3,
WDS_Virginia_Pine_P1,V-30,132,27,A,,2.828,2.83,1.11,1.028,0.4543,0.4155,3,
WDS_Virginia_Pine_P1,V-30,132,27,B,,3.072,3.092,1.318,1.19,0.5039,0.4441,3,
WDS_Virginia_Pine_P1,V-30,132,28,A,,2.526,2.56,0.978,0.92,0.4471,0.4105,3,
WDS_Virginia_Pine_P1,V-30,132,28,B,,2.85,2.888,1.104,1.048,0.4474,0.4151,3,
WDS_Virginia_Pine_P1,V-30,132,29,A,,2.284,2.308,0.922,0.872,0.4693,0.4347,3,
WDS_Virginia_Pine_P1,V-30,132,29,B,,2.232,2.252,0.884,0.852,0.459,0.4354,3,
WDS_Virginia_Pine_P1,V-30,132,30,A,,2.438,2.45,1.052,0.94,0.5073,0.4425,3,
WDS_Virginia_Pine_P1,V-30,132,30,B,,1.628,1.632,0.67,0.596,0.48,0.4181,3,
WDS_Virginia_Pine_P1,V-31,132,16,A,,3.06,3.058,1.16,1.112,0.4364,0.416,3,
WDS_Virginia_Pine_P1,V-31,132,16,B,,2.988,2.998,1.138,1.092,0.4387,0.4168,3,
WDS_Virginia_Pine_P1,V-31,132,17,A,,1.456,1.46,0.564,0.508,0.4474,0.3956,3,
WDS_Virginia_Pine_P1,V-31,132,17,B,,1.816,1.814,0.712,0.642,0.4537,0.4034,3,
WDS_Virginia_Pine_P1,V-31,132,18,A,,3.166,3.17,1.348,1.266,0.4994,0.4635,3,
WDS_Virginia_Pine_P1,V-31,132,18,B,,2.698,2.702,1.062,1.022,0.4558,0.4353,3,
WDS_Virginia_Pine_P1,V-31,132,19,A,,3.458,3.462,1.42,1.366,0.4787,0.457,3,
WDS_Virginia_Pine_P1,V-31,132,19,B,,2.688,2.688,1.09,1.048,0.4718,0.4508,3,
WDS_Virginia_Pine_P1,V-31,132,20,A,,2.614,2.622,1.028,0.962,0.4553,0.4203,3,
WDS_Virginia_Pine_P1,V-31,132,20,B,,2.434,2.432,0.926,0.878,0.4382,0.4126,3,
WDS_Virginia_Pine_P1,V-31,132,21,A,,2.644,2.642,1.12,1.052,0.4964,0.4619,3,
WDS_Virginia_Pine_P1,V-31,132,21,B,,2.498,2.5,1.084,0.996,0.5107,0.4622,3,
WDS_Virginia_Pine_P1,V-31,132,22,A,,3.12,3.134,1.33,1.268,0.5001,0.4705,3,
WDS_Virginia_Pine_P1,V-31,132,22,B,,2.814,2.816,1.168,1.082,0.4848,0.4432,3,
WDS_Virginia_Pine_P1,V-31,132,23,A,,3.548,3.55,1.448,1.34,0.4753,0.4342,3,
WDS_Virginia_Pine_P1,V-31,132,23,B,,3.358,3.358,1.4,1.326,0.4873,0.4575,3,
WDS_Virginia_Pine_P1,V-31,132,24,A,,3.58,3.58,1.392,1.318,0.4494,0.422,3,
WDS_Virginia_Pine_P1,V-31,132,24,B,,3.542,3.55,1.374,1.318,0.4481,0.4261,3,
WDS_Virginia_Pine_P1,V-31,132,25,A,,2.27,2.268,0.862,0.804,0.4373,0.4041,3,
WDS_Virginia_Pine_P1,V-31,132,25,B,,2.99,3.984,1.252,1.15,0.4898,0.3207,3,
WDS_Virginia_Pine_P1,V-31,132,26,A,,1.67,1.678,0.61,0.58,0.4182,0.3927,3,
WDS_Virginia_Pine_P1,V-31,132,26,B,,1.57,1.576,0.564,0.532,0.4103,0.3823,3,
WDS_Virginia_Pine_P1,V-31,132,27,A,,1.834,1.834,0.718,0.648,0.4529,0.4026,3,
WDS_Virginia_Pine_P1,V-31,132,27,B,,1.664,1.66,0.632,0.562,0.4373,0.3835,3,
WDS_Virginia_Pine_P1,V-31,132,28,A,,3.6,3.606,1.428,1.31,0.4599,0.4156,3,
WDS_Virginia_Pine_P1,V-31,132,28,B,,3.828,3.822,1.566,1.412,0.4766,0.4237,3,
WDS_Virginia_Pine_P1,V-31,132,29,A,,2.756,2.758,1.066,1.02,0.4466,0.4242,3,
WDS_Virginia_Pine_P1,V-31,132,29,B,,2.584,2.592,1.024,0.986,0.4593,0.4381,3,
WDS_Virginia_Pine_P1,V-31,132,30,A,,1.492,1.496,0.596,0.54,0.4636,0.4125,3,
WDS_Virginia_Pine_P1,V-31,132,30,B,,1.65,1.646,0.68,0.622,0.4808,0.4348,3,
WDS_Virginia_Pine_P1,V-31,132,1,A,,1.31,1.308,0.516,0.5,0.4561,0.4406,3,
WDS_Virginia_Pine_P1,V-31,132,1,B,,1.572,1.572,0.634,0.618,0.4688,0.4551,3,
WDS_Virginia_Pine_P1,V-31,132,2,A,,1.552,1.548,0.616,0.59,0.4602,0.4391,3,
WDS_Virginia_Pine_P1,V-31,132,2,B,,1.326,1.32,0.518,0.498,0.4518,0.434,3,
WDS_Virginia_Pine_P1,V-31,132,3,A,,1.52,1.52,0.608,0.578,0.4643,0.438,3,
WDS_Virginia_Pine_P1,V-31,132,3,B,,1.67,1.668,0.696,0.664,0.4871,0.4618,3,
WDS_Virginia_Pine_P1,V-31,132,4,A,,3.274,3.278,1.374,1.288,0.4911,0.4548,3,
WDS_Virginia_Pine_P1,V-31,132,4,B,,3.246,3.242,1.324,1.262,0.475,0.4499,3,
WDS_Virginia_Pine_P1,V-31,132,5,A,,1.55,1.55,0.61,0.588,0.4557,0.4367,3,
WDS_Virginia_Pine_P1,V-31,132,5,B,,1.366,1.36,0.522,0.496,0.4404,0.4174,3,
WDS_Virginia_Pine_P1,V-31,132,6,A,,2.316,2.314,0.95,0.902,0.4781,0.4507,3,
WDS_Virginia_Pine_P1,V-31,132,6,B,,2.42,2.412,1.048,0.998,0.5095,0.483,3,
WDS_Virginia_Pine_P1,V-31,132,7,A,,2.426,2.422,0.99,0.926,0.4753,0.4407,3,
WDS_Virginia_Pine_P1,V-31,132,7,B,,2.58,2.578,1.108,1.022,0.5045,0.4595,3,
WDS_Virginia_Pine_P1,V-31,132,8,A,,1.662,1.662,0.622,0.592,0.43,0.4063,3,
WDS_Virginia_Pine_P1,V-31,132,8,B,,1.484,1.482,0.548,0.522,0.4234,0.4012,3,
WDS_Virginia_Pine_P1,V-31,132,9,A,,2.614,2.612,1.07,0.95,0.477,0.4161,3,
WDS_Virginia_Pine_P1,V-31,132,9,B,,2.096,2.084,0.816,0.726,0.45,0.3962,3,
WDS_Virginia_Pine_P1,V-31,132,10,A,,3.484,3.484,1.4,1.318,0.4668,0.4354,3,
WDS_Virginia_Pine_P1,V-31,132,10,B,,4.166,4.188,1.658,1.58,0.4616,0.434,3,
WDS_Virginia_Pine_P1,V-31,132,11,A,,3.152,3.152,1.246,1.2,0.458,0.4385,3,
WDS_Virginia_Pine_P1,V-31,132,11,B,,3.356,3.364,1.428,1.368,0.4991,0.4733,3,
WDS_Virginia_Pine_P1,V-31,132,12,A,,1.41,1.422,0.532,0.51,0.434,0.4095,3,
WDS_Virginia_Pine_P1,V-31,132,12,B,,1.564,1.572,0.596,0.574,0.439,0.418,3,
WDS_Virginia_Pine_P1,V-31,132,13,A,,2.796,2.816,1.136,1.092,0.4728,0.448,3,
WDS_Virginia_Pine_P1,V-31,132,13,B,,3.044,3.048,1.25,1.196,0.4787,0.4541,3,
WDS_Virginia_Pine_P1,V-31,132,14,A,,2.718,2.712,1.124,1.048,0.4827,0.4462,3,
WDS_Virginia_Pine_P1,V-31,132,14,B,,2.716,2.718,1.086,1.012,0.4641,0.4275,3,
WDS_Virginia_Pine_P1,V-31,132,15,A,,2.246,2.248,0.928,0.87,0.4822,0.4469,3,
WDS_Virginia_Pine_P1,V-31,132,15,B,,1.998,1.994,0.806,0.75,0.4689,0.4325,3,
WDS_Virginia_Pine_P1,V-32,132,17,A,,1.956,1.958,0.902,0.836,0.5488,0.5011,3,
WDS_Virginia_Pine_P1,V-32,132,17,B,,2.226,2.228,1.046,0.982,0.5613,0.5202,3,
WDS_Virginia_Pine_P1,V-32,132,18,A,,2.52,2.528,0.928,0.89,0.4221,0.401,3,
WDS_Virginia_Pine_P1,V-32,132,18,B,,2.552,2.56,0.982,0.946,0.444,0.4238,3,
WDS_Virginia_Pine_P1,V-32,132,19,A,,3.022,3.032,1.23,1.182,0.4738,0.4507,3,
WDS_Virginia_Pine_P1,V-32,132,19,B,,2.61,2.62,1.072,1.038,0.4789,0.4592,3,
WDS_Virginia_Pine_P1,V-32,132,20,A,,2.296,2.282,0.918,0.878,0.4641,0.4439,3,
WDS_Virginia_Pine_P1,V-32,132,20,B,,2.618,2.628,1.038,0.994,0.4596,0.4353,3,
WDS_Virginia_Pine_P1,V-32,132,21,A,,1.6,1.6,0.638,0.61,0.4627,0.4393,3,
WDS_Virginia_Pine_P1,V-32,132,21,B,,2.038,2.034,0.89,0.852,0.5145,0.49,3,
WDS_Virginia_Pine_P1,V-32,132,22,A,,2.164,2.152,0.936,0.822,0.5088,0.4402,3,
WDS_Virginia_Pine_P1,V-32,132,22,B,,2.414,2.408,1.086,0.99,0.5329,0.4794,3,
WDS_Virginia_Pine_P1,V-32,132,23,A,,2.448,2.458,1.048,1.004,0.5026,0.4758,3,
WDS_Virginia_Pine_P1,V-32,132,23,B,,2.432,2.438,1.094,1.036,0.5329,0.4983,3,
WDS_Virginia_Pine_P1,V-32,132,16,A,,2.594,2.6,1.166,1,0.5324,0.4437,3,
WDS_Virginia_Pine_P1,V-32,132,24,A,,2.966,2.97,1.2,1.144,0.4705,0.4445,3,
WDS_Virginia_Pine_P1,V-32,132,24,B,,2.796,2.786,1.114,1.078,0.4622,0.4468,3,
WDS_Virginia_Pine_P1,V-32,132,25,A,,2.376,2.372,1.06,0.898,0.5277,0.4357,3,
WDS_Virginia_Pine_P1,V-32,132,25,B,,2.776,2.768,1.274,1.092,0.5457,0.457,3,
WDS_Virginia_Pine_P1,V-32,132,26,A,,2.176,2.184,0.89,0.858,0.4765,0.4547,3,
WDS_Virginia_Pine_P1,V-32,132,26,B,,2.81,2.818,1.206,1.18,0.5041,0.4898,3,
WDS_Virginia_Pine_P1,V-32,132,27,A,,1.458,1.46,0.56,0.528,0.443,0.4134,3,
WDS_Virginia_Pine_P1,V-32,132,27,B,,1.878,1.876,0.76,0.722,0.4707,0.4441,3,
WDS_Virginia_Pine_P1,V-32,132,28,A,,2.124,2.122,0.906,0.884,0.5005,0.4868,3,
WDS_Virginia_Pine_P1,V-32,132,28,B,,2.054,2.048,0.868,0.844,0.4951,0.4807,3,
WDS_Virginia_Pine_P1,V-32,132,29,A,,3.038,3.05,1.278,1.25,0.4924,0.4776,3,
WDS_Virginia_Pine_P1,V-32,132,29,B,,2.004,2.006,0.822,0.788,0.4781,0.4547,3,
WDS_Virginia_Pine_P1,V-32,132,30,A,,2.83,2.822,1.268,1.09,0.5304,0.4459,3,
WDS_Virginia_Pine_P1,V-32,132,30,B,,2.42,2.414,1.096,1,0.5372,0.4837,3,
WDS_Virginia_Pine_P1,V-32,132,16,B,,2.394,2.398,1.038,0.912,0.5102,0.438,3,
WDS_Virginia_Pine_P1,V-32,132,1,A,,1.69,1.688,0.658,0.632,0.45,0.4302,3,
WDS_Virginia_Pine_P1,V-32,132,1,B,,2.012,2.008,0.794,0.766,0.4571,0.4396,3,
WDS_Virginia_Pine_P1,V-32,132,2,A,,1.82,1.82,0.718,0.69,0.457,0.4364,3,
WDS_Virginia_Pine_P1,V-32,132,2,B,,2.404,2.414,0.998,0.97,0.4849,0.4668,3,
WDS_Virginia_Pine_P1,V-32,132,3,A,,3.816,3.826,1.798,1.608,0.5631,0.4919,3,
WDS_Virginia_Pine_P1,V-32,132,3,B,,2.996,2.984,1.382,1.218,0.549,0.4754,3,
WDS_Virginia_Pine_P1,V-32,132,4,A,,2.988,2.992,1.342,1.188,0.5319,0.4604,3,
WDS_Virginia_Pine_P1,V-32,132,4,B,,3.394,3.398,1.504,1.358,0.5235,0.4639,3,
WDS_Virginia_Pine_P1,V-32,132,5,A,,2.084,2.088,0.808,0.78,0.4479,0.4291,3,
WDS_Virginia_Pine_P1,V-32,132,5,B,,2.614,2.618,1.028,0.988,0.4553,0.4341,3,
WDS_Virginia_Pine_P1,V-32,132,6,A,,3.178,3.178,1.356,1.202,0.5007,0.4353,3,
WDS_Virginia_Pine_P1,V-32,132,6,B,,3.28,3.278,1.366,1.272,0.4867,0.4483,3,
WDS_Virginia_Pine_P1,V-32,132,7,A,,2.716,2.708,1.144,1.056,0.4932,0.4509,3,
WDS_Virginia_Pine_P1,V-32,132,7,B,,2.62,2.618,1.2,1.108,0.5444,0.4959,3,
WDS_Virginia_Pine_P1,V-32,132,8,A,,1.466,1.472,0.602,0.578,0.4787,0.4545,3,
WDS_Virginia_Pine_P1,V-32,132,8,B,,1.956,1.968,0.9,0.848,0.5474,0.5065,3,
WDS_Virginia_Pine_P1,V-32,132,9,A,,3.204,3.2,1.374,1.14,0.5037,0.4064,3,
WDS_Virginia_Pine_P1,V-32,132,9,B,,4.584,4.578,2.162,1.768,0.5637,0.4458,3,
WDS_Virginia_Pine_P1,V-32,132,10,A,,2.27,2.282,0.94,0.91,0.4834,0.4627,3,
WDS_Virginia_Pine_P1,V-32,132,10,B,,3.176,3.172,1.374,1.328,0.5089,0.4897,3,
WDS_Virginia_Pine_P1,V-32,132,11,A,,1.284,1.286,0.534,0.492,0.4859,0.441,3,
WDS_Virginia_Pine_P1,V-32,132,11,B,,1.964,1.95,0.834,0.788,0.4979,0.4699,3,
WDS_Virginia_Pine_P1,V-32,132,12,A,,2.132,2.132,0.94,0.902,0.5204,0.4957,3,
WDS_Virginia_Pine_P1,V-32,132,12,B,,1.85,1.844,0.794,0.772,0.5041,0.4897,3,
WDS_Virginia_Pine_P1,V-32,132,13,A,,3.048,3.054,1.192,1.138,0.4524,0.4279,3,
WDS_Virginia_Pine_P1,V-32,132,13,B,,5.678,5.694,2.356,2.26,0.4846,0.4602,3,
WDS_Virginia_Pine_P1,V-32,132,14,A,,2.674,2.674,1.152,1.092,0.5064,0.4757,3,
WDS_Virginia_Pine_P1,V-32,132,14,B,,2.51,2.51,1.114,1.048,0.5245,0.4881,3,
WDS_Virginia_Pine_P1,V-32,132,15,A,,3.398,3.398,1.456,1.406,0.5032,0.483,3,
WDS_Virginia_Pine_P1,V-32,132,15,B,,2.682,2.69,1.14,1.102,0.4984,0.4774,3,
WDS_Virginia_Pine_P1,V-33,132,23,A,,2.924,2.938,1.11,1.058,0.4371,0.4114,3,
WDS_Virginia_Pine_P1,V-33,132,1,A,,1.864,1.86,0.772,0.75,0.4835,0.4687,3,
WDS_Virginia_Pine_P1,V-33,132,1,B,,1.808,1.812,0.734,0.708,0.4724,0.4519,3,
WDS_Virginia_Pine_P1,V-33,132,2,A,,2.02,2.024,0.786,0.768,0.4497,0.4369,3,
WDS_Virginia_Pine_P1,V-33,132,2,B,,1.76,1.762,0.642,0.632,0.4175,0.4096,3,
WDS_Virginia_Pine_P1,V-33,132,3,A,,1.798,1.802,0.752,0.722,0.4891,0.4652,3,
WDS_Virginia_Pine_P1,V-33,132,3,B,,1.97,1.97,0.854,0.814,0.5101,0.4822,3,
WDS_Virginia_Pine_P1,V-33,132,4,A,,1.502,1.508,0.582,0.56,0.4476,0.4262,3,
WDS_Virginia_Pine_P1,V-33,132,4,B,,1.51,1.518,0.584,0.57,0.4466,0.4316,3,
WDS_Virginia_Pine_P1,V-33,132,5,A,,1.79,1.788,0.748,0.712,0.4886,0.4619,3,
WDS_Virginia_Pine_P1,V-33,132,5,B,,1.71,1.71,0.7,0.68,0.477,0.4612,3,
WDS_Virginia_Pine_P1,V-33,132,6,A,,2.346,2.348,0.94,0.898,0.4653,0.4409,3,
WDS_Virginia_Pine_P1,V-33,132,6,B,,2.184,2.196,0.85,0.816,0.4498,0.4265,3,
WDS_Virginia_Pine_P1,V-33,132,7,A,,2.114,2.12,0.83,0.772,0.4544,0.4167,3,
WDS_Virginia_Pine_P1,V-33,132,7,B,,1.682,1.678,0.618,0.592,0.421,0.4019,3,
WDS_Virginia_Pine_P1,V-33,132,8,A,,2.248,2.25,0.88,0.86,0.4529,0.4406,3,
WDS_Virginia_Pine_P1,V-33,132,8,B,,2.514,2.528,0.98,0.958,0.4507,0.4362,3,
WDS_Virginia_Pine_P1,V-33,132,9,A,,2.226,2.22,1.012,0.81,0.5396,0.4177,3,
WDS_Virginia_Pine_P1,V-33,132,9,B,,2.23,2.232,0.882,0.84,0.4583,0.4328,3,
WDS_Virginia_Pine_P1,V-33,132,10,A,,3.226,3.23,1.23,1.186,0.4393,0.4207,3,
WDS_Virginia_Pine_P1,V-33,132,10,B,,3.304,3.32,1.284,1.244,0.4491,0.4306,3,
WDS_Virginia_Pine_P1,V-33,132,11,A,,1.224,1.23,0.466,0.432,0.4386,0.3999,3,
WDS_Virginia_Pine_P1,V-33,132,11,B,,1.84,1.842,0.758,0.698,0.4805,0.4362,3,
WDS_Virginia_Pine_P1,V-33,132,12,A,,1.86,1.874,0.772,0.742,0.4847,0.4589,3,
WDS_Virginia_Pine_P1,V-33,132,12,B,,1.82,1.824,0.754,0.728,0.4837,0.4632,3,
WDS_Virginia_Pine_P1,V-33,132,13,A,,2.126,2.132,0.87,0.8,0.4768,0.4313,3,
WDS_Virginia_Pine_P1,V-33,132,13,B,,2.142,2.144,0.858,0.796,0.4651,0.4261,3,
WDS_Virginia_Pine_P1,V-33,132,14,A,,1.53,1.538,0.59,0.572,0.4451,0.4269,3,
WDS_Virginia_Pine_P1,V-33,132,14,B,,1.31,1.32,0.498,0.482,0.4378,0.418,3,
WDS_Virginia_Pine_P1,V-33,132,15,A,,1.934,1.94,0.902,0.8,0.5563,0.4811,3,
WDS_Virginia_Pine_P1,V-33,132,15,B,,1.744,1.744,0.78,0.694,0.5292,0.4616,3,
WDS_Virginia_Pine_P1,V-33,132,16,A,,2.322,2.338,0.958,0.912,0.4814,0.451,3,
WDS_Virginia_Pine_P1,V-33,132,16,B,,2.046,2.048,0.862,0.816,0.4933,0.4622,3,
WDS_Virginia_Pine_P1,V-33,132,17,A,,1.994,1.992,0.768,0.678,0.4445,0.3859,3,
WDS_Virginia_Pine_P1,V-33,132,17,B,,1.45,1.442,0.536,0.464,0.4239,0.3621,3,
WDS_Virginia_Pine_P1,V-33,132,18,A,,2.852,2.86,1.138,1.078,0.463,0.4335,3,
WDS_Virginia_Pine_P1,V-33,132,18,B,,2.484,2.496,0.982,0.91,0.4581,0.4173,3,
WDS_Virginia_Pine_P1,V-33,132,19,A,,1.908,1.918,0.752,0.718,0.4564,0.4301,3,
WDS_Virginia_Pine_P1,V-33,132,19,B,,1.674,1.672,0.66,0.628,0.4566,0.4318,3,
WDS_Virginia_Pine_P1,V-33,132,20,A,,2.93,2.934,1.166,1.088,0.4616,0.4255,3,
WDS_Virginia_Pine_P1,V-33,132,20,B,,2.842,2.85,1.16,1.076,0.4754,0.4343,3,
WDS_Virginia_Pine_P1,V-33,132,21,A,,1.796,1.79,0.742,0.724,0.4821,0.4704,3,
WDS_Virginia_Pine_P1,V-33,132,21,B,,2.31,2.312,0.996,0.974,0.5069,0.4933,3,
WDS_Virginia_Pine_P1,V-33,132,22,A,,1.468,1.48,0.594,0.54,0.4706,0.4177,3,
WDS_Virginia_Pine_P1,V-33,132,22,B,,1.572,1.58,0.64,0.592,0.474,0.4306,3,
WDS_Virginia_Pine_P1,V-33,132,23,B,,2.408,2.41,0.914,0.866,0.437,0.4104,3,
WDS_Virginia_Pine_P1,V-33,132,24,A,,2.06,2.07,0.76,0.732,0.423,0.403,3,
WDS_Virginia_Pine_P1,V-33,132,24,B,,1.67,1.68,0.582,0.568,0.3964,0.3829,3,
WDS_Virginia_Pine_P1,V-33,132,25,A,,2.528,2.54,1.104,0.988,0.5145,0.4496,3,
WDS_Virginia_Pine_P1,V-33,132,25,B,,2.404,2.418,1.058,0.952,0.5193,0.4559,3,
WDS_Virginia_Pine_P1,V-33,132,26,A,,2.35,2.352,0.98,0.868,0.4874,0.4231,3,
WDS_Virginia_Pine_P1,V-33,132,26,B,,2.044,2.06,0.796,0.74,0.4502,0.4103,3,
WDS_Virginia_Pine_P1,V-33,132,27,A,,1.602,1.61,0.59,0.572,0.4221,0.4051,3,
WDS_Virginia_Pine_P1,V-33,132,27,B,,1.444,1.456,0.536,0.524,0.426,0.4111,3,
WDS_Virginia_Pine_P1,V-33,132,28,A,,2.356,2.362,0.924,0.9,0.4538,0.439,3,
WDS_Virginia_Pine_P1,V-33,132,28,B,,1.828,1.842,0.688,0.65,0.4328,0.402,3,
WDS_Virginia_Pine_P1,V-33,132,29,A,,1.694,1.708,0.68,0.638,0.4663,0.4291,3,
WDS_Virginia_Pine_P1,V-33,132,29,B,,1.664,1.664,0.658,0.62,0.4582,0.4278,3,
WDS_Virginia_Pine_P1,V-33,132,30,A,,2.648,2.662,1.002,0.976,0.4355,0.42,3,
WDS_Virginia_Pine_P1,V-33,132,30,B,,2.44,2.458,0.858,0.83,0.4004,0.3824,3,
WDS_Virginia_Pine_P1,V-34,132,1,A,,1.188,1.202,0.43,0.398,0.4138,0.374,3,
WDS_Virginia_Pine_P1,V-34,132,30,B,,2.152,2.188,0.782,0.748,0.4157,0.3878,3,
WDS_Virginia_Pine_P1,V-34,132,30,A,,2.546,2.572,0.984,0.93,0.4462,0.4134,3,
WDS_Virginia_Pine_P1,V-34,132,29,B,,1.756,1.786,0.664,0.61,0.4351,0.3874,3,
WDS_Virginia_Pine_P1,V-34,132,29,A,,1.84,1.87,0.664,0.628,0.4124,0.38,3,
WDS_Virginia_Pine_P1,V-34,132,28,B,,2.898,2.936,1.3,1.228,0.5311,0.4891,3,
WDS_Virginia_Pine_P1,V-34,132,28,A,,1.566,1.592,0.58,0.56,0.4249,0.4006,3,
WDS_Virginia_Pine_P1,V-34,132,27,B,,2.74,2.778,1.028,0.962,0.4312,0.3935,3,
WDS_Virginia_Pine_P1,V-34,132,27,A,,2.662,2.696,0.982,0.936,0.4229,0.3946,3,
WDS_Virginia_Pine_P1,V-34,132,26,B,,1.502,1.522,0.568,0.546,0.4352,0.4096,3,
WDS_Virginia_Pine_P1,V-34,132,26,A,,1.728,1.748,0.7,0.668,0.4712,0.4405,3,
WDS_Virginia_Pine_P1,V-34,132,25,B,,1.652,1.668,0.64,0.618,0.4475,0.4251,3,
WDS_Virginia_Pine_P1,V-34,132,25,A,,1.408,1.418,0.548,0.538,0.4499,0.4368,3,
WDS_Virginia_Pine_P1,V-34,132,24,B,,3.386,3.448,1.354,1.27,0.4642,0.4222,3,
WDS_Virginia_Pine_P1,V-34,132,24,A,,1.592,1.606,0.542,0.512,0.386,0.3584,3,
WDS_Virginia_Pine_P1,V-34,132,23,B,,1.888,1.914,0.81,0.736,0.5039,0.4436,3,
WDS_Virginia_Pine_P1,V-34,132,23,A,,2.268,2.292,1.01,0.896,0.5266,0.4522,3,
WDS_Virginia_Pine_P1,V-34,132,22,B,,2.032,2.04,0.824,0.78,0.4718,0.4407,3,
WDS_Virginia_Pine_P1,V-34,132,22,A,,2.638,2.668,1.128,1.03,0.5019,0.4457,3,
WDS_Virginia_Pine_P1,V-34,132,21,B,,1.562,1.57,0.642,0.61,0.4792,0.449,3,
WDS_Virginia_Pine_P1,V-34,132,21,A,,1.348,1.358,0.53,0.492,0.4552,0.4143,3,
WDS_Virginia_Pine_P1,V-34,132,20,B,,1.772,1.798,0.702,0.654,0.4592,0.4162,3,
WDS_Virginia_Pine_P1,V-34,132,20,A,,1.53,1.548,0.566,0.54,0.4243,0.3968,3,
WDS_Virginia_Pine_P1,V-34,132,19,B,,1.966,1.996,0.75,0.722,0.4396,0.4135,3,
WDS_Virginia_Pine_P1,V-34,132,19,A,,2.31,2.338,0.934,0.898,0.4702,0.443,3,
WDS_Virginia_Pine_P1,V-34,132,18,B,,1.37,1.39,0.536,0.518,0.4526,0.4279,3,
WDS_Virginia_Pine_P1,V-34,132,18,A,,1.706,1.728,0.674,0.65,0.4577,0.4325,3,
WDS_Virginia_Pine_P1,V-34,132,17,B,,1.448,1.476,0.55,0.538,0.4374,0.4172,3,
WDS_Virginia_Pine_P1,V-34,132,17,A,,1.212,1.232,0.45,0.438,0.4261,0.4055,3,
WDS_Virginia_Pine_P1,V-34,132,16,B,,1.642,1.668,0.662,0.642,0.4686,0.4441,3,
WDS_Virginia_Pine_P1,V-34,132,16,A,,1.44,1.456,0.586,0.562,0.4737,0.4456,3,
WDS_Virginia_Pine_P1,V-34,132,15,B,,2.042,2.062,0.84,0.808,0.4797,0.4534,3,
WDS_Virginia_Pine_P1,V-34,132,15,A,,1.716,1.732,0.666,0.638,0.4484,0.4222,3,
WDS_Virginia_Pine_P1,V-34,132,14,B,,2.24,2.264,0.93,0.906,0.4849,0.4646,3,
WDS_Virginia_Pine_P1,V-34,132,14,A,,2.302,2.33,0.982,0.952,0.5006,0.4759,3,
WDS_Virginia_Pine_P1,V-34,132,13,B,,1.386,1.392,0.5,0.484,0.4123,0.3953,3,
WDS_Virginia_Pine_P1,V-34,132,13,A,,1.396,1.412,0.516,0.496,0.4239,0.3999,3,
WDS_Virginia_Pine_P1,V-34,132,12,B,,1.924,1.948,0.82,0.78,0.5,0.4649,3,
WDS_Virginia_Pine_P1,V-34,132,12,A,,1.258,1.27,0.476,0.46,0.4355,0.4142,3,
WDS_Virginia_Pine_P1,V-34,132,11,B,,1.76,1.778,0.624,0.606,0.4042,0.3865,3,
WDS_Virginia_Pine_P1,V-34,132,11,A,,1.308,1.328,0.454,0.442,0.3945,0.3762,3,
WDS_Virginia_Pine_P1,V-34,132,10,B,,1.966,1.978,0.782,0.742,0.4613,0.4312,3,
WDS_Virginia_Pine_P1,V-34,132,10,A,,1.54,1.55,0.564,0.542,0.4194,0.3979,3,
WDS_Virginia_Pine_P1,V-34,132,9,B,,1.4,1.418,0.548,0.528,0.4528,0.4275,3,
WDS_Virginia_Pine_P1,V-34,132,9,A,,1.54,1.552,0.58,0.558,0.4331,0.4107,3,
WDS_Virginia_Pine_P1,V-34,132,8,B,,1.388,1.4,0.56,0.532,0.469,0.4376,3,
WDS_Virginia_Pine_P1,V-34,132,8,A,,1.816,1.84,0.772,0.726,0.4985,0.457,3,
WDS_Virginia_Pine_P1,V-34,132,7,B,,2.258,2.272,0.884,0.83,0.4529,0.4182,3,
WDS_Virginia_Pine_P1,V-34,132,7,A,,1.848,1.86,0.674,0.642,0.4175,0.392,3,
WDS_Virginia_Pine_P1,V-34,132,6,B,,2.49,2.522,1.008,0.938,0.4708,0.4269,3,
WDS_Virginia_Pine_P1,V-34,132,6,A,,1.794,1.806,0.7,0.64,0.4512,0.404,3,
WDS_Virginia_Pine_P1,V-34,132,5,B,,1.378,1.39,0.522,0.51,0.436,0.4203,3,
WDS_Virginia_Pine_P1,V-34,132,5,A,,1.292,1.31,0.51,0.49,0.4573,0.4297,3,
WDS_Virginia_Pine_P1,V-34,132,4,B,,1.488,1.5,0.542,0.528,0.4168,0.4009,3,
WDS_Virginia_Pine_P1,V-34,132,4,A,,1.29,1.31,0.48,0.462,0.4272,0.4018,3,
WDS_Virginia_Pine_P1,V-34,132,3,B,,2.012,2.038,0.746,0.722,0.4254,0.4038,3,
WDS_Virginia_Pine_P1,V-34,132,3,A,,1.822,1.85,0.658,0.638,0.4128,0.3917,3,
WDS_Virginia_Pine_P1,V-34,132,2,B,,1.672,1.7,0.654,0.622,0.4525,0.419,3,
WDS_Virginia_Pine_P1,V-34,132,2,A,,1.98,2.006,0.734,0.702,0.4253,0.3982,3,
WDS_Virginia_Pine_P1,V-34,132,1,B,,1.596,1.618,0.618,0.57,0.4472,0.4013,3,
WDS_Virginia_Pine_P1,V-35,132,16,A,,2.642,2.66,1.052,0.992,0.4619,0.4283,3,
WDS_Virginia_Pine_P1,V-35,132,16,B,,2.224,2.242,0.876,0.82,0.4561,0.4188,3,
WDS_Virginia_Pine_P1,V-35,132,17,A,,3.062,3.082,1.2,1.118,0.4535,0.4149,3,
WDS_Virginia_Pine_P1,V-35,132,17,B,,2.642,2.656,1.048,0.948,0.4599,0.4073,3,
WDS_Virginia_Pine_P1,V-35,132,18,A,,1.834,1.858,0.684,0.65,0.4283,0.3981,3,
WDS_Virginia_Pine_P1,V-35,132,18,B,,1.968,1.988,0.77,0.702,0.4526,0.4023,3,
WDS_Virginia_Pine_P1,V-35,132,19,A,,2.052,2.068,0.818,0.732,0.4625,0.4034,3,
WDS_Virginia_Pine_P1,V-35,132,19,B,,2.222,2.24,0.93,0.814,0.4895,0.4157,3,
WDS_Virginia_Pine_P1,V-35,132,20,A,,1.868,1.884,0.7,0.662,0.4306,0.4001,3,
WDS_Virginia_Pine_P1,V-35,132,20,B,,2.544,2.566,1.05,0.99,0.4816,0.4453,3,
WDS_Virginia_Pine_P1,V-35,132,21,A,,2.776,2.792,1.204,1.098,0.5104,0.4553,3,
WDS_Virginia_Pine_P1,V-35,132,21,B,,2.44,2.46,1.018,0.928,0.4877,0.4339,3,
WDS_Virginia_Pine_P1,V-35,132,22,A,,2.242,2.26,0.91,0.844,0.4723,0.4289,3,
WDS_Virginia_Pine_P1,V-35,132,22,B,,2.28,2.298,0.932,0.874,0.4762,0.438,3,
WDS_Virginia_Pine_P1,V-35,132,23,A,,2.208,2.228,0.828,0.788,0.431,0.4031,3,
WDS_Virginia_Pine_P1,V-35,132,23,B,,2.778,2.8,1.08,1.044,0.4493,0.4282,3,
WDS_Virginia_Pine_P1,V-35,132,24,A,,1.966,1.978,0.754,0.718,0.4423,0.4152,3,
WDS_Virginia_Pine_P1,V-35,132,24,B,,1.904,1.916,0.764,0.726,0.466,0.4362,3,
WDS_Virginia_Pine_P1,V-35,132,25,A,,2.278,2.292,0.96,0.892,0.4935,0.4498,3,
WDS_Virginia_Pine_P1,V-35,132,25,B,,2.062,2.074,0.826,0.748,0.4651,0.4121,3,
WDS_Virginia_Pine_P1,V-35,132,26,A,,1.704,1.712,0.652,0.622,0.4411,0.4156,3,
WDS_Virginia_Pine_P1,V-35,132,26,B,,1.572,1.582,0.632,0.572,0.4671,0.4133,3,
WDS_Virginia_Pine_P1,V-35,132,27,A,,1.428,1.442,0.59,0.522,0.4822,0.4139,3,
WDS_Virginia_Pine_P1,V-35,132,27,B,,1.548,1.558,0.64,0.59,0.4825,0.4359,3,
WDS_Virginia_Pine_P1,V-35,132,28,A,,1.31,1.324,0.506,0.476,0.4459,0.4107,3,
WDS_Virginia_Pine_P1,V-35,132,28,B,,1.502,1.52,0.606,0.572,0.469,0.4327,3,
WDS_Virginia_Pine_P1,V-35,132,29,A,,2.166,2.184,0.956,0.898,0.521,0.4795,3,
WDS_Virginia_Pine_P1,V-35,132,29,B,,2.39,2.408,1.036,0.978,0.5101,0.4726,3,
WDS_Virginia_Pine_P1,V-35,132,30,A,,1.848,1.874,0.72,0.68,0.4504,0.415,3,
WDS_Virginia_Pine_P1,V-35,132,30,B,,1.642,1.664,0.682,0.61,0.4851,0.4199,3,
WDS_Virginia_Pine_P1,V-35,132,15,B,,1.876,1.902,0.73,0.68,0.4497,0.4081,3,
WDS_Virginia_Pine_P1,V-35,132,15,A,,1.46,1.47,0.56,0.52,0.4423,0.4031,3,
WDS_Virginia_Pine_P1,V-35,132,14,B,,1.764,1.782,0.79,0.64,0.5301,0.4102,3,
WDS_Virginia_Pine_P1,V-35,132,14,A,,1.576,1.582,0.648,0.552,0.4795,0.3969,3,
WDS_Virginia_Pine_P1,V-35,132,13,B,,2.54,2.552,1.008,0.958,0.4601,0.4315,3,
WDS_Virginia_Pine_P1,V-35,132,13,A,,2.242,2.258,0.9,0.87,0.4663,0.4446,3,
WDS_Virginia_Pine_P1,V-35,132,12,B,,1.732,1.75,0.67,0.638,0.4467,0.4173,3,
WDS_Virginia_Pine_P1,V-35,132,12,A,,1.882,1.904,0.742,0.702,0.4566,0.4227,3,
WDS_Virginia_Pine_P1,V-35,132,11,B,,1.548,1.558,0.594,0.548,0.4425,0.4005,3,
WDS_Virginia_Pine_P1,V-35,132,11,A,,1.838,1.856,0.752,0.708,0.4767,0.4395,3,
WDS_Virginia_Pine_P1,V-35,132,10,B,,1.482,1.488,0.552,0.518,0.4276,0.3959,3,
WDS_Virginia_Pine_P1,V-35,132,10,A,,1.814,1.83,0.736,0.692,0.4721,0.4351,3,
WDS_Virginia_Pine_P1,V-35,132,9,B,,1.472,1.478,0.592,0.522,0.4673,0.4024,3,
WDS_Virginia_Pine_P1,V-35,132,9,A,,1.61,1.618,0.718,0.648,0.5274,0.465,3,
WDS_Virginia_Pine_P1,V-35,132,8,B,,1.786,1.79,0.76,0.696,0.4991,0.4494,3,
WDS_Virginia_Pine_P1,V-35,132,8,A,,1.672,1.682,0.678,0.64,0.4718,0.4383,3,
WDS_Virginia_Pine_P1,V-35,132,7,B,,1.904,1.918,0.728,0.694,0.4407,0.4137,3,
WDS_Virginia_Pine_P1,V-35,132,7,A,,1.69,1.704,0.662,0.638,0.4532,0.4302,3,
WDS_Virginia_Pine_P1,V-35,132,6,B,,1.764,1.78,0.692,0.638,0.454,0.4092,3,
WDS_Virginia_Pine_P1,V-35,132,6,A,,1.712,1.724,0.69,0.638,0.4684,0.4245,3,
WDS_Virginia_Pine_P1,V-35,132,5,B,,1.942,1.966,0.774,0.738,0.4624,0.4315,3,
WDS_Virginia_Pine_P1,V-35,132,5,A,,1.882,1.9,0.714,0.684,0.4368,0.4113,3,
WDS_Virginia_Pine_P1,V-35,132,4,B,,1.748,1.762,0.644,0.612,0.4223,0.3948,3,
WDS_Virginia_Pine_P1,V-35,132,4,A,,1.618,1.638,0.582,0.552,0.4109,0.3815,3,
WDS_Virginia_Pine_P1,V-35,132,3,B,,1.436,1.458,0.524,0.508,0.4177,0.3962,3,
WDS_Virginia_Pine_P1,V-35,132,3,A,,1.078,1.09,0.37,0.358,0.3895,0.3706,3,
WDS_Virginia_Pine_P1,V-35,132,2,B,,2.234,2.242,0.87,0.838,0.4502,0.4294,3,
WDS_Virginia_Pine_P1,V-35,132,2,A,,2.124,2.142,0.846,0.802,0.4621,0.4302,3,
WDS_Virginia_Pine_P1,V-35,132,1,B,,1.616,1.622,0.65,0.608,0.4673,0.4308,3,
WDS_Virginia_Pine_P1,V-35,132,1,A,,1.798,1.822,0.754,0.712,0.4906,0.452,3,
WDS_Virginia_Pine_P1,V-36,132,1,A,,2.364,2.394,0.912,0.858,0.4453,0.4092,3,
WDS_Virginia_Pine_P1,V-36,132,1,B,,2.142,2.162,0.792,0.754,0.4241,0.3967,3,
WDS_Virginia_Pine_P1,V-36,132,2,A,,1.322,1.34,0.458,0.432,0.3937,0.3629,3,
WDS_Virginia_Pine_P1,V-36,132,2,B,,1.238,1.254,0.418,0.412,0.3824,0.3707,3,
WDS_Virginia_Pine_P1,V-36,132,3,A,,2.468,2.492,0.99,0.908,0.4659,0.417,3,
WDS_Virginia_Pine_P1,V-36,132,3,B,,2.618,2.642,1.064,0.94,0.473,0.4058,3,
WDS_Virginia_Pine_P1,V-36,132,4,A,,1.702,1.728,0.654,0.632,0.4433,0.4188,3,
WDS_Virginia_Pine_P1,V-36,132,4,B,,1.638,1.654,0.616,0.6,0.4324,0.4149,3,
WDS_Virginia_Pine_P1,V-36,132,5,A,,1.648,1.676,0.592,0.57,0.4103,0.3855,3,
WDS_Virginia_Pine_P1,V-36,132,5,B,,1.694,1.694,0.636,0.612,0.4316,0.413,3,
WDS_Virginia_Pine_P1,V-36,132,6,A,,1.62,1.628,0.616,0.574,0.4379,0.4016,3,
WDS_Virginia_Pine_P1,V-36,132,6,B,,1.956,1.962,0.766,0.724,0.4531,0.4231,3,
WDS_Virginia_Pine_P1,V-36,132,7,A,,1.458,1.46,0.598,0.578,0.4781,0.4588,3,
WDS_Virginia_Pine_P1,V-36,132,7,B,,1.798,1.808,0.77,0.748,0.5029,0.4829,3,
WDS_Virginia_Pine_P1,V-36,132,8,A,,2.03,2.048,0.816,0.77,0.467,0.4323,3,
WDS_Virginia_Pine_P1,V-36,132,8,B,,2.466,2.504,1.024,0.98,0.485,0.4528,3,
WDS_Virginia_Pine_P1,V-36,132,9,A,,2.38,2.392,0.96,0.882,0.4689,0.4227,3,
WDS_Virginia_Pine_P1,V-36,132,9,B,,2.162,2.172,0.852,0.78,0.4564,0.4101,3,
WDS_Virginia_Pine_P1,V-36,132,10,A,,2.208,2.212,0.866,0.76,0.4539,0.39,3,
WDS_Virginia_Pine_P1,V-36,132,10,B,,3.01,3.014,1.286,1.072,0.5015,0.4057,3,
WDS_Virginia_Pine_P1,V-36,132,11,A,,4.702,4.718,2.056,1.716,0.5153,0.4161,3,
WDS_Virginia_Pine_P1,V-36,132,11,B,,4.716,4.732,1.982,1.694,0.4919,0.4087,3,
WDS_Virginia_Pine_P1,V-36,132,12,A,,2.248,2.268,0.882,0.828,0.4541,0.4179,3,
WDS_Virginia_Pine_P1,V-36,132,12,B,,2.292,2.318,0.91,0.858,0.4603,0.4246,3,
WDS_Virginia_Pine_P1,V-36,132,13,A,,2.416,2.43,0.922,0.848,0.4398,0.397,3,
WDS_Virginia_Pine_P1,V-36,132,13,B,,2.258,2.27,0.848,0.798,0.4317,0.4003,3,
WDS_Virginia_Pine_P1,V-36,132,14,A,,2.382,2.398,1.02,0.93,0.5028,0.448,3,
WDS_Virginia_Pine_P1,V-36,132,14,B,,1.978,1.986,0.85,0.764,0.5049,0.4438,3,
WDS_Virginia_Pine_P1,V-36,132,15,A,,2.408,2.422,0.896,0.85,0.4272,0.3995,3,
WDS_Virginia_Pine_P1,V-36,132,15,B,,2.292,2.308,0.844,0.802,0.4221,0.395,3,
WDS_Virginia_Pine_P1,V-36,132,16,A,,1.514,1.518,0.596,0.578,0.4558,0.4386,3,
WDS_Virginia_Pine_P1,V-36,132,16,B,,1.632,1.642,0.674,0.654,0.4819,0.462,3,
WDS_Virginia_Pine_P1,V-36,132,17,A,,1.76,1.768,0.604,0.578,0.3895,0.3687,3,
WDS_Virginia_Pine_P1,V-36,132,17,B,,2.262,2.28,0.926,0.87,0.477,0.4397,3,
WDS_Virginia_Pine_P1,V-36,132,18,A,,2.294,2.308,0.92,0.822,0.4658,0.4063,3,
WDS_Virginia_Pine_P1,V-36,132,18,B,,2.118,2.13,0.848,0.762,0.4648,0.4084,3,
WDS_Virginia_Pine_P1,V-36,132,19,A,,1.588,1.596,0.57,0.544,0.4099,0.3865,3,
WDS_Virginia_Pine_P1,V-36,132,19,B,,1.628,1.64,0.594,0.562,0.4177,0.3888,3,
WDS_Virginia_Pine_P1,V-36,132,20,A,,1.29,1.308,0.452,0.438,0.3988,0.3788,3,
WDS_Virginia_Pine_P1,V-36,132,20,B,,1.398,1.414,0.496,0.482,0.4045,0.3865,3,
WDS_Virginia_Pine_P1,V-36,132,21,A,,2.062,2.078,0.758,0.718,0.4212,0.3925,3,
WDS_Virginia_Pine_P1,V-36,132,21,B,,1.908,1.92,0.708,0.662,0.4258,0.3916,3,
WDS_Virginia_Pine_P1,V-36,132,22,A,,1.714,1.722,0.696,0.628,0.4725,0.4174,3,
WDS_Virginia_Pine_P1,V-36,132,22,B,,1.758,1.778,0.694,0.632,0.4573,0.4054,3,
WDS_Virginia_Pine_P1,V-36,132,23,A,,2.132,2.158,0.854,0.802,0.4651,0.4266,3,
WDS_Virginia_Pine_P1,V-36,132,23,B,,2.108,2.128,0.814,0.772,0.4458,0.4149,3,
WDS_Virginia_Pine_P1,V-36,132,24,A,,2.582,2.604,0.92,0.878,0.4065,0.3818,3,
WDS_Virginia_Pine_P1,V-36,132,24,B,,1.762,1.768,0.64,0.584,0.4155,0.373,3,
WDS_Virginia_Pine_P1,V-36,132,25,A,,1.678,1.692,0.654,0.61,0.4506,0.412,3,
WDS_Virginia_Pine_P1,V-36,132,25,B,,1.738,1.748,0.668,0.622,0.4434,0.4059,3,
WDS_Virginia_Pine_P1,V-36,132,26,A,,1.848,1.862,0.632,0.6,0.388,0.3627,3,
WDS_Virginia_Pine_P1,V-36,132,26,B,,1.748,1.766,0.612,0.578,0.3984,0.3691,3,
WDS_Virginia_Pine_P1,V-36,132,27,A,,2.484,2.508,0.988,0.88,0.4613,0.3994,3,
WDS_Virginia_Pine_P1,V-36,132,27,B,,2.406,2.424,0.932,0.848,0.4474,0.3981,3,
WDS_Virginia_Pine_P1,V-36,132,28,A,,1.28,1.29,0.458,0.428,0.4084,0.3749,3,
WDS_Virginia_Pine_P1,V-36,132,28,B,,1.218,1.232,0.41,0.392,0.3811,0.3576,3,
WDS_Virginia_Pine_P1,V-36,132,29,A,,5.76,5.768,2.568,2.164,0.5273,0.4312,3,
WDS_Virginia_Pine_P1,V-36,132,29,B,,3.93,3.956,1.686,1.428,0.5039,0.4126,3,
WDS_Virginia_Pine_P1,V-36,132,30,A,,1.548,1.568,0.606,0.57,0.4529,0.4159,3,
WDS_Virginia_Pine_P1,V-36,132,30,B,,1.382,1.408,0.512,0.48,0.425,0.3866,3,
WDS_Virginia_Pine_P1,V-37,132,15,B,,1.932,1.94,0.83,0.762,0.5047,0.4546,3,
WDS_Virginia_Pine_P1,V-37,132,15,A,,1.198,1.202,0.412,0.39,0.3904,0.3655,3,
WDS_Virginia_Pine_P1,V-37,132,14,B,,2.29,2.292,0.828,0.782,0.4133,0.3869,3,
WDS_Virginia_Pine_P1,V-37,132,14,A,,2.784,2.792,1.036,0.964,0.4272,0.3922,3,
WDS_Virginia_Pine_P1,V-37,132,13,B,,3.066,3.062,1.296,1.17,0.4952,0.4404,3,
WDS_Virginia_Pine_P1,V-37,132,13,A,,2.554,2.558,1.034,0.984,0.4709,0.4438,3,
WDS_Virginia_Pine_P1,V-37,132,12,B,,1.968,1.968,0.78,0.728,0.4594,0.4243,3,
WDS_Virginia_Pine_P1,V-37,132,12,A,,2.536,2.534,1.034,0.96,0.4748,0.4361,3,
WDS_Virginia_Pine_P1,V-37,132,11,B,,2.41,2.418,0.99,0.906,0.4789,0.4306,3,
WDS_Virginia_Pine_P1,V-37,132,11,A,,3.234,3.242,1.346,1.254,0.4863,0.4466,3,
WDS_Virginia_Pine_P1,V-37,132,10,B,,2.156,2.172,0.822,0.78,0.4393,0.4101,3,
WDS_Virginia_Pine_P1,V-37,132,10,A,,1.682,1.698,0.624,0.588,0.4257,0.3935,3,
WDS_Virginia_Pine_P1,V-37,132,9,B,,2.644,2.642,1.04,1.002,0.4554,0.4366,3,
WDS_Virginia_Pine_P1,V-37,132,9,A,,2.552,2.552,1.02,0.972,0.4639,0.4388,3,
WDS_Virginia_Pine_P1,V-37,132,8,B,,2.196,2.198,0.87,0.8,0.4592,0.4165,3,
WDS_Virginia_Pine_P1,V-37,132,8,A,,2.674,2.678,1.12,1.04,0.4899,0.4487,3,
WDS_Virginia_Pine_P1,V-37,132,7,B,,3.04,3.058,1.198,1.068,0.4564,0.3973,3,
WDS_Virginia_Pine_P1,V-37,132,7,A,,3.222,3.242,1.292,1.108,0.4657,0.3877,3,
WDS_Virginia_Pine_P1,V-37,132,6,B,,2.46,2.472,0.994,0.914,0.4698,0.4241,3,
WDS_Virginia_Pine_P1,V-37,132,6,A,,2.872,2.872,1.126,1.062,0.4537,0.4241,3,
WDS_Virginia_Pine_P1,V-37,132,5,B,,2.692,2.698,0.954,0.894,0.404,0.3743,3,
WDS_Virginia_Pine_P1,V-37,132,5,A,,2.592,2.592,0.886,0.832,0.3877,0.3611,3,
WDS_Virginia_Pine_P1,V-37,132,4,B,,2.746,2.748,1.08,0.984,0.4553,0.4088,3,
WDS_Virginia_Pine_P1,V-37,132,4,A,,3.286,3.28,1.364,1.236,0.4848,0.4334,3,
WDS_Virginia_Pine_P1,V-37,132,3,B,,1.344,1.346,0.54,0.518,0.4667,0.444,3,
WDS_Virginia_Pine_P1,V-37,132,3,A,,1.548,1.556,0.652,0.628,0.4931,0.4692,3,
WDS_Virginia_Pine_P1,V-37,132,2,B,,2.52,2.528,1.012,0.948,0.4665,0.431,3,
WDS_Virginia_Pine_P1,V-37,132,2,A,,2.326,2.33,0.916,0.844,0.456,0.4142,3,
WDS_Virginia_Pine_P1,V-37,132,1,B,,2.37,2.372,0.894,0.85,0.4339,0.4091,3,
WDS_Virginia_Pine_P1,V-37,132,1,A,,2.576,2.58,0.994,0.952,0.4454,0.4231,3,
WDS_Virginia_Pine_P1,V-37,132,30,B,,2.41,2.41,0.884,0.832,0.4202,0.3921,3,
WDS_Virginia_Pine_P1,V-37,132,30,A,,2.706,2.712,1.038,0.952,0.4424,0.3996,3,
WDS_Virginia_Pine_P1,V-37,132,29,B,,2.796,2.792,1.08,1.03,0.4459,0.423,3,
WDS_Virginia_Pine_P1,V-37,132,29,A,,3.27,3.27,1.28,1.212,0.4528,0.4252,3,
WDS_Virginia_Pine_P1,V-37,132,28,B,,1.87,1.888,0.686,0.658,0.4202,0.3964,3,
WDS_Virginia_Pine_P1,V-37,132,28,A,,1.814,1.828,0.688,0.64,0.4366,0.3984,3,
WDS_Virginia_Pine_P1,V-37,132,27,B,,2.04,2.05,0.76,0.688,0.4278,0.3798,3,
WDS_Virginia_Pine_P1,V-37,132,27,A,,2.472,2.488,0.916,0.852,0.4251,0.3885,3,
WDS_Virginia_Pine_P1,V-37,132,26,B,,2.876,2.88,1.012,0.968,0.4007,0.3804,3,
WDS_Virginia_Pine_P1,V-37,132,26,A,,3.348,3.342,1.248,1.142,0.428,0.3876,3,
WDS_Virginia_Pine_P1,V-37,132,25,B,,2.222,2.228,0.882,0.822,0.4602,0.423,3,
WDS_Virginia_Pine_P1,V-37,132,25,A,,2.314,2.32,0.968,0.87,0.4892,0.431,3,
WDS_Virginia_Pine_P1,V-37,132,24,B,,2.376,2.384,0.93,0.864,0.4528,0.4144,3,
WDS_Virginia_Pine_P1,V-37,132,24,A,,1.832,1.846,0.766,0.724,0.4889,0.4539,3,
WDS_Virginia_Pine_P1,V-37,132,23,B,,3.14,3.148,1.348,1.212,0.5043,0.4443,3,
WDS_Virginia_Pine_P1,V-37,132,23,A,,2.29,2.292,0.914,0.838,0.4632,0.4186,3,
WDS_Virginia_Pine_P1,V-37,132,22,B,,3.442,3.432,1.606,1.332,0.5565,0.4484,3,
WDS_Virginia_Pine_P1,V-37,132,22,A,,2.252,2.25,0.952,0.818,0.4953,0.4159,3,
WDS_Virginia_Pine_P1,V-37,132,21,B,,2.236,2.232,0.874,0.802,0.4521,0.4104,3,
WDS_Virginia_Pine_P1,V-37,132,21,A,,3.07,3.06,1.352,1.124,0.5197,0.4209,3,
WDS_Virginia_Pine_P1,V-37,132,20,B,,2.002,1.996,0.766,0.7,0.4411,0.3992,3,
WDS_Virginia_Pine_P1,V-37,132,20,A,,2.284,2.282,0.9,0.828,0.4563,0.415,3,
WDS_Virginia_Pine_P1,V-37,132,19,B,,1.436,1.45,0.546,0.52,0.4379,0.4095,3,
WDS_Virginia_Pine_P1,V-37,132,19,A,,1.524,1.536,0.61,0.576,0.4647,0.431,3,
WDS_Virginia_Pine_P1,V-37,132,18,B,,2.734,2.734,1.052,0.996,0.444,0.4169,3,
WDS_Virginia_Pine_P1,V-37,132,18,A,,3.21,3.214,1.25,1.182,0.4501,0.4215,3,
WDS_Virginia_Pine_P1,V-37,132,17,B,,2.476,2.47,0.914,0.834,0.4233,0.3824,3,
WDS_Virginia_Pine_P1,V-37,132,17,A,,2.466,2.46,0.9,0.822,0.4178,0.3779,3,
WDS_Virginia_Pine_P1,V-37,132,16,B,,,,,,,,3,
WDS_Virginia_Pine_P1,V-37,132,16,A,,2.366,2.37,0.974,0.928,0.4801,0.453,3,
WDS_Virginia_Pine_P1,V-38,132,1,A,,1.664,1.668,0.6,0.562,0.412,0.3815,3,
WDS_Virginia_Pine_P1,V-38,132,16,B,,2.55,2.552,0.93,0.898,0.4174,0.4007,3,
WDS_Virginia_Pine_P1,V-38,132,17,A,,2.01,2.028,0.8,0.742,0.4617,0.419,3,
WDS_Virginia_Pine_P1,V-38,132,17,B,,1.748,1.754,0.672,0.644,0.4435,0.4207,3,
WDS_Virginia_Pine_P1,V-38,132,18,A,,1.726,1.73,0.71,0.652,0.4797,0.4335,3,
WDS_Virginia_Pine_P1,V-38,132,18,B,,1.64,1.648,0.688,0.644,0.4908,0.452,3,
WDS_Virginia_Pine_P1,V-38,132,19,A,,2.252,2.252,0.872,0.828,0.4472,0.4213,3,
WDS_Virginia_Pine_P1,V-38,132,19,B,,2.76,2.768,1.1,1.06,0.4624,0.4415,3,
WDS_Virginia_Pine_P1,V-38,132,20,A,,2.57,2.572,1.03,0.988,0.4654,0.4431,3,
WDS_Virginia_Pine_P1,V-38,132,20,B,,2.432,2.438,0.972,0.938,0.4639,0.4439,3,
WDS_Virginia_Pine_P1,V-38,132,21,A,,2.288,2.292,0.86,0.822,0.4321,0.4095,3,
WDS_Virginia_Pine_P1,V-38,132,21,B,,2.854,2.854,1.12,1.06,0.4542,0.4262,3,
WDS_Virginia_Pine_P1,V-38,132,22,A,,2.078,2.092,0.79,0.762,0.4378,0.4168,3,
WDS_Virginia_Pine_P1,V-38,132,22,B,,1.972,1.988,0.762,0.738,0.4461,0.426,3,
WDS_Virginia_Pine_P1,V-38,132,23,A,,1.664,1.666,0.598,0.558,0.4105,0.3789,3,
WDS_Virginia_Pine_P1,V-38,132,23,B,,1.69,1.692,0.62,0.588,0.4203,0.3951,3,
WDS_Virginia_Pine_P1,V-38,132,24,A,,2.35,2.35,0.902,0.85,0.4427,0.4135,3,
WDS_Virginia_Pine_P1,V-38,132,24,B,,2.084,2.09,0.804,0.76,0.4453,0.416,3,
WDS_Virginia_Pine_P1,V-38,132,25,A,,1.57,1.568,0.604,0.54,0.4439,0.391,3,
WDS_Virginia_Pine_P1,V-38,132,25,B,,1.648,1.652,0.616,0.57,0.4294,0.3919,3,
WDS_Virginia_Pine_P1,V-38,132,26,A,,1.852,1.86,0.71,0.68,0.4421,0.4186,3,
WDS_Virginia_Pine_P1,V-38,132,26,B,,1.716,1.728,0.616,0.602,0.41,0.3962,3,
WDS_Virginia_Pine_P1,V-38,132,27,A,,1.434,1.44,0.532,0.5,0.4257,0.3947,3,
WDS_Virginia_Pine_P1,V-38,132,27,B,,1.296,1.298,0.52,0.488,0.466,0.4323,3,
WDS_Virginia_Pine_P1,V-38,132,28,A,,2.736,2.748,1.06,0.958,0.4475,0.3965,3,
WDS_Virginia_Pine_P1,V-38,132,28,B,,2.374,2.388,0.81,0.78,0.3869,0.3683,3,
WDS_Virginia_Pine_P1,V-38,132,29,A,,2.04,2.046,0.764,0.74,0.4303,0.4135,3,
WDS_Virginia_Pine_P1,V-38,132,29,B,,2.014,2.02,0.76,0.738,0.4341,0.4183,3,
WDS_Virginia_Pine_P1,V-38,132,30,A,,2.316,2.318,0.942,0.85,0.4734,0.4201,3,
WDS_Virginia_Pine_P1,V-38,132,30,B,,2.664,2.67,1.1,0.98,0.4818,0.4205,3,
WDS_Virginia_Pine_P1,V-38,132,15,B,,1.722,1.724,0.696,0.648,0.47,0.4321,3,
WDS_Virginia_Pine_P1,V-38,132,15,A,,1.554,1.564,0.658,0.61,0.4962,0.451,3,
WDS_Virginia_Pine_P1,V-38,132,14,B,,2.2,2.206,0.88,0.838,0.4643,0.4374,3,
WDS_Virginia_Pine_P1,V-38,132,14,A,,1.954,1.96,0.744,0.712,0.4386,0.4156,3,
WDS_Virginia_Pine_P1,V-38,132,13,B,,2.06,2.07,0.806,0.766,0.4526,0.4245,3,
WDS_Virginia_Pine_P1,V-38,132,13,A,,1.942,1.958,0.728,0.69,0.4308,0.4014,3,
WDS_Virginia_Pine_P1,V-38,132,12,B,,1.766,1.772,0.69,0.658,0.4519,0.4261,3,
WDS_Virginia_Pine_P1,V-38,132,12,A,,1.83,1.828,0.684,0.652,0.4294,0.407,3,
WDS_Virginia_Pine_P1,V-38,132,11,B,,1.86,1.862,0.648,0.622,0.3962,0.3778,3,
WDS_Virginia_Pine_P1,V-38,132,11,A,,1.95,1.952,0.702,0.662,0.4113,0.3843,3,
WDS_Virginia_Pine_P1,V-38,132,10,B,,1.888,1.898,0.76,0.738,0.4678,0.4494,3,
WDS_Virginia_Pine_P1,V-38,132,10,A,,1.682,1.69,0.652,0.634,0.4478,0.4312,3,
WDS_Virginia_Pine_P1,V-38,132,9,B,,1.8,1.802,0.67,0.628,0.4273,0.3964,3,
WDS_Virginia_Pine_P1,V-38,132,9,A,,1.902,1.902,0.76,0.688,0.4638,0.4135,3,
WDS_Virginia_Pine_P1,V-38,132,8,B,,1.498,1.502,0.616,0.58,0.4795,0.4458,3,
WDS_Virginia_Pine_P1,V-38,132,8,A,,1.706,1.718,0.716,0.672,0.4911,0.4525,3,
WDS_Virginia_Pine_P1,V-38,132,7,B,,1.9,1.918,0.72,0.692,0.4362,0.4123,3,
WDS_Virginia_Pine_P1,V-38,132,7,A,,2.51,2.522,1.012,0.968,0.4686,0.4427,3,
WDS_Virginia_Pine_P1,V-38,132,6,B,,1.766,1.772,0.652,0.642,0.4233,0.4143,3,
WDS_Virginia_Pine_P1,V-38,132,6,A,,1.822,1.838,0.712,0.698,0.452,0.4373,3,
WDS_Virginia_Pine_P1,V-38,132,5,B,,2.148,2.16,0.838,0.81,0.4511,0.431,3,
WDS_Virginia_Pine_P1,V-38,132,5,A,,1.694,1.698,0.626,0.594,0.4238,0.3981,3,
WDS_Virginia_Pine_P1,V-38,132,4,B,,1.708,1.712,0.662,0.632,0.4477,0.4233,3,
WDS_Virginia_Pine_P1,V-38,132,4,A,,1.528,1.538,0.574,0.556,0.4319,0.4133,3,
WDS_Virginia_Pine_P1,V-38,132,3,B,,1.35,1.352,0.514,0.494,0.4386,0.4183,3,
WDS_Virginia_Pine_P1,V-38,132,3,A,,1.492,1.502,0.582,0.556,0.451,0.4246,3,
WDS_Virginia_Pine_P1,V-38,132,2,B,,1.446,1.446,0.56,0.506,0.4473,0.3982,3,
WDS_Virginia_Pine_P1,V-38,132,2,A,,1.9,1.898,0.776,0.686,0.4757,0.4132,3,
WDS_Virginia_Pine_P1,V-38,132,1,B,,1.868,1.868,0.69,0.666,0.4236,0.4068,3,
WDS_Virginia_Pine_P1,V-38,132,16,A,,2.44,2.438,0.864,0.83,0.4036,0.386,3,
WDS_Virginia_Pine_P1,V-39,132,15,B,,3.062,3.07,1.402,1.164,0.5442,0.4365,3,
WDS_Virginia_Pine_P1,V-39,132,15,A,,3.146,3.146,1.484,1.212,0.5638,0.4446,3,
WDS_Virginia_Pine_P1,V-39,132,14,B,,3.078,3.092,1.358,1.202,0.5208,0.4492,3,
WDS_Virginia_Pine_P1,V-39,132,14,A,,2.53,2.53,1.058,1.018,0.489,0.4675,3,
WDS_Virginia_Pine_P1,V-39,132,13,B,,2.66,2.66,1.172,1.098,0.52,0.4817,3,
WDS_Virginia_Pine_P1,V-39,132,13,A,,2.104,2.112,0.9,0.866,0.5022,0.4779,3,
WDS_Virginia_Pine_P1,V-39,132,12,B,,2.87,2.872,1.29,1.188,0.5324,0.4828,3,
WDS_Virginia_Pine_P1,V-39,132,12,A,,2.76,2.76,1.274,1.13,0.5495,0.4771,3,
WDS_Virginia_Pine_P1,V-39,132,11,B,,2.37,2.372,1.074,0.976,0.5375,0.4799,3,
WDS_Virginia_Pine_P1,V-39,132,11,A,,2.332,2.33,1.05,0.954,0.5335,0.4771,3,
WDS_Virginia_Pine_P1,V-39,132,10,B,,2.89,2.888,1.324,1.232,0.5446,0.5006,3,
WDS_Virginia_Pine_P1,V-39,132,10,A,,2.98,2.97,1.41,1.274,0.5659,0.5038,3,
WDS_Virginia_Pine_P1,V-39,132,9,B,,2.888,2.878,1.344,1.194,0.5548,0.4845,3,
WDS_Virginia_Pine_P1,V-39,132,9,A,,2.89,2.88,1.37,1.202,0.5672,0.4879,3,
WDS_Virginia_Pine_P1,V-39,132,8,B,,2.66,2.668,1.16,1.036,0.5137,0.4487,3,
WDS_Virginia_Pine_P1,V-39,132,8,A,,2.19,2.186,0.978,0.836,0.5283,0.4408,3,
WDS_Virginia_Pine_P1,V-39,132,7,B,,2.686,2.68,1.056,0.988,0.4551,0.4226,3,
WDS_Virginia_Pine_P1,V-39,132,7,A,,3.738,3.724,1.52,1.378,0.4733,0.4244,3,
WDS_Virginia_Pine_P1,V-39,132,6,B,,2.972,2.966,1.382,1.28,0.5543,0.5074,3,
WDS_Virginia_Pine_P1,V-39,132,6,A,,2.826,2.822,1.262,1.142,0.5283,0.4707,3,
WDS_Virginia_Pine_P1,V-39,132,5,B,,4.3,4.304,1.79,1.648,0.4864,0.4415,3,
WDS_Virginia_Pine_P1,V-39,132,5,A,,3.908,3.91,1.574,1.468,0.4681,0.4316,3,
WDS_Virginia_Pine_P1,V-39,132,4,B,,1.85,1.852,0.808,0.754,0.5146,0.474,3,
WDS_Virginia_Pine_P1,V-39,132,4,A,,2.024,2.014,0.922,0.85,0.5409,0.4943,3,
WDS_Virginia_Pine_P1,V-39,132,3,B,,3.514,3.518,1.702,1.536,0.582,0.5144,3,
WDS_Virginia_Pine_P1,V-39,132,3,A,,2.96,2.966,1.384,1.302,0.5579,0.5177,3,
WDS_Virginia_Pine_P1,V-39,132,2,B,,2.792,2.796,1.116,0.992,0.464,0.4045,3,
WDS_Virginia_Pine_P1,V-39,132,2,A,,3.148,3.156,1.34,1.184,0.4993,0.4312,3,
WDS_Virginia_Pine_P1,V-39,132,1,B,,2.71,2.702,1.23,1.142,0.5385,0.4951,3,
WDS_Virginia_Pine_P1,V-39,132,1,A,,2.092,2.09,0.948,0.888,0.5375,0.4982,3,
WDS_Virginia_Pine_P1,V-39,132,30,B,,2.364,2.37,0.976,0.888,0.4818,0.4306,3,
WDS_Virginia_Pine_P1,V-39,132,30,A,,2.534,2.54,1.092,0.982,0.5066,0.4464,3,
WDS_Virginia_Pine_P1,V-39,132,29,B,,2.298,2.312,0.992,0.948,0.5076,0.4779,3,
WDS_Virginia_Pine_P1,V-39,132,29,A,,1.996,2,0.852,0.778,0.5009,0.4496,3,
WDS_Virginia_Pine_P1,V-39,132,28,B,,2.53,2.538,1.132,1.076,0.5295,0.4969,3,
WDS_Virginia_Pine_P1,V-39,132,28,A,,1.992,1.998,0.84,0.782,0.4938,0.4528,3,
WDS_Virginia_Pine_P1,V-39,132,27,B,,2.148,2.168,0.916,0.844,0.5004,0.45,3,
WDS_Virginia_Pine_P1,V-39,132,27,A,,2.668,2.686,1.202,1.128,0.5338,0.4914,3,
WDS_Virginia_Pine_P1,V-39,132,26,B,,1.62,1.632,0.718,0.668,0.5236,0.4769,3,
WDS_Virginia_Pine_P1,V-39,132,26,A,,2.086,2.096,0.95,0.878,0.5407,0.49,3,
WDS_Virginia_Pine_P1,V-39,132,25,B,,2.434,2.424,1.15,0.95,0.5649,0.4535,3,
WDS_Virginia_Pine_P1,V-39,132,25,A,,2.61,2.596,1.344,1.068,0.6267,0.4798,3,
WDS_Virginia_Pine_P1,V-39,132,24,B,,2.66,2.66,1.27,1.142,0.5721,0.5043,3,
WDS_Virginia_Pine_P1,V-39,132,24,A,,2.444,2.454,1.11,1.012,0.539,0.4811,3,
WDS_Virginia_Pine_P1,V-39,132,23,B,,2.132,2.142,0.97,0.91,0.5401,0.4981,3,
WDS_Virginia_Pine_P1,V-39,132,23,A,,1.744,1.748,0.764,0.722,0.5164,0.482,3,
WDS_Virginia_Pine_P1,V-39,132,22,B,,2.194,2.202,0.866,0.788,0.4572,0.4085,3,
WDS_Virginia_Pine_P1,V-39,132,22,A,,2.42,2.428,0.98,0.886,0.471,0.4177,3,
WDS_Virginia_Pine_P1,V-39,132,21,B,,2.442,2.462,1.044,0.976,0.5018,0.4595,3,
WDS_Virginia_Pine_P1,V-39,132,21,A,,2.354,2.35,1.042,0.952,0.5228,0.4712,3,
WDS_Virginia_Pine_P1,V-39,132,20,B,,3.212,3.22,1.308,1.252,0.4741,0.4493,3,
WDS_Virginia_Pine_P1,V-39,132,20,A,,3.14,3.154,1.368,1.304,0.5131,0.4826,3,
WDS_Virginia_Pine_P1,V-39,132,19,B,,3.196,3.21,1.316,1.248,0.4803,0.4493,3,
WDS_Virginia_Pine_P1,V-39,132,19,A,,3.416,3.426,1.4,1.34,0.4776,0.4524,3,
WDS_Virginia_Pine_P1,V-39,132,18,B,,1.82,1.83,0.756,0.72,0.4852,0.4555,3,
WDS_Virginia_Pine_P1,V-39,132,18,A,,1.374,1.382,0.57,0.528,0.4845,0.4403,3,
WDS_Virginia_Pine_P1,V-39,132,17,B,,2.872,2.874,1.364,1.1,0.5685,0.4412,3,
WDS_Virginia_Pine_P1,V-39,132,17,A,,3.228,3.232,1.428,1.262,0.5224,0.4515,3,
WDS_Virginia_Pine_P1,V-39,132,16,B,,2.944,2.938,1.312,1.174,0.527,0.4638,3,
WDS_Virginia_Pine_P1,V-39,132,16,A,,3.354,3.352,1.532,1.394,0.5426,0.4859,3,
WDS_Virginia_Pine_P1,V-4,132,8,B,,0.984,0.992,0.36,0.348,0.4189,0.3993,3,
WDS_Virginia_Pine_P1,V-4,132,30,B,,1.556,1.568,0.582,0.568,0.4297,0.4142,3,
WDS_Virginia_Pine_P1,V-4,132,30,A,,1.282,1.292,0.468,0.454,0.4179,0.4001,3,
WDS_Virginia_Pine_P1,V-4,132,29,B,,1.322,1.33,0.496,0.484,0.4312,0.4164,3,
WDS_Virginia_Pine_P1,V-4,132,29,A,,1.164,1.172,0.438,0.426,0.4327,0.4158,3,
WDS_Virginia_Pine_P1,V-4,132,28,B,,1.118,1.13,0.386,0.372,0.3922,0.3716,3,
WDS_Virginia_Pine_P1,V-4,132,28,A,,1.072,1.076,0.398,0.382,0.4261,0.4048,3,
WDS_Virginia_Pine_P1,V-4,132,27,B,,0.978,0.986,0.354,0.342,0.4139,0.3942,3,
WDS_Virginia_Pine_P1,V-4,132,27,A,,1.522,1.532,0.566,0.548,0.4269,0.4083,3,
WDS_Virginia_Pine_P1,V-4,132,26,B,,1.882,1.9,0.708,0.668,0.4326,0.4003,3,
WDS_Virginia_Pine_P1,V-4,132,26,A,,2.05,2.074,0.738,0.7,0.4113,0.3822,3,
WDS_Virginia_Pine_P1,V-4,132,25,B,,1.328,1.338,0.508,0.502,0.441,0.4312,3,
WDS_Virginia_Pine_P1,V-4,132,25,A,,1.244,1.258,0.462,0.456,0.4262,0.4145,3,
WDS_Virginia_Pine_P1,V-4,132,24,B,,1.598,1.614,0.604,0.584,0.4349,0.4137,3,
WDS_Virginia_Pine_P1,V-4,132,24,A,,1.528,1.532,0.548,0.536,0.4095,0.3981,3,
WDS_Virginia_Pine_P1,V-4,132,23,B,,1.76,1.782,0.67,0.65,0.4385,0.4175,3,
WDS_Virginia_Pine_P1,V-4,132,23,A,,1.7,1.704,0.632,0.612,0.4267,0.4102,3,
WDS_Virginia_Pine_P1,V-4,132,22,B,,1.132,1.15,0.466,0.456,0.4801,0.4597,3,
WDS_Virginia_Pine_P1,V-4,132,22,A,,1.334,1.352,0.52,0.512,0.4507,0.4359,3,
WDS_Virginia_Pine_P1,V-4,132,21,B,,1.332,1.35,0.498,0.488,0.4295,0.4132,3,
WDS_Virginia_Pine_P1,V-4,132,21,A,,1.112,1.112,0.388,0.382,0.3969,0.3899,3,
WDS_Virginia_Pine_P1,V-4,132,20,B,,1.714,1.728,0.586,0.572,0.3878,0.3739,3,
WDS_Virginia_Pine_P1,V-4,132,20,A,,2.194,2.21,0.758,0.742,0.3925,0.3799,3,
WDS_Virginia_Pine_P1,V-4,132,19,B,,1.172,1.188,0.428,0.42,0.4181,0.4029,3,
WDS_Virginia_Pine_P1,V-4,132,19,A,,1.092,1.11,0.396,0.382,0.4147,0.3907,3,
WDS_Virginia_Pine_P1,V-4,132,18,B,,2.024,2.042,0.748,0.714,0.4238,0.3978,3,
WDS_Virginia_Pine_P1,V-4,132,18,A,,1.964,1.988,0.708,0.678,0.4119,0.3867,3,
WDS_Virginia_Pine_P1,V-4,132,17,B,,1.436,1.45,0.508,0.488,0.4032,0.381,3,
WDS_Virginia_Pine_P1,V-4,132,17,A,,1.582,1.602,0.538,0.518,0.3855,0.3641,3,
WDS_Virginia_Pine_P1,V-4,132,16,B,,1.902,1.926,0.726,0.662,0.4399,0.3902,3,
WDS_Virginia_Pine_P1,V-4,132,16,A,,1.774,1.796,0.708,0.632,0.4631,0.4007,3,
WDS_Virginia_Pine_P1,V-4,132,15,B,,1.84,1.862,0.718,0.656,0.4512,0.4013,3,
WDS_Virginia_Pine_P1,V-4,132,15,A,,3.34,3.368,1.298,1.188,0.4491,0.4018,3,
WDS_Virginia_Pine_P1,V-4,132,14,B,,1.502,1.514,0.554,0.532,0.4229,0.4001,3,
WDS_Virginia_Pine_P1,V-4,132,14,A,,1.536,1.552,0.58,0.562,0.4344,0.4141,3,
WDS_Virginia_Pine_P1,V-4,132,13,B,,1.844,1.862,0.688,0.658,0.4285,0.4027,3,
WDS_Virginia_Pine_P1,V-4,132,13,A,,1.726,1.73,0.642,0.608,0.427,0.4002,3,
WDS_Virginia_Pine_P1,V-4,132,12,B,,1.626,1.644,0.638,0.578,0.4541,0.4003,3,
WDS_Virginia_Pine_P1,V-4,132,12,A,,1.844,1.85,0.73,0.706,0.4588,0.4398,3,
WDS_Virginia_Pine_P1,V-4,132,11,B,,1.416,1.424,0.522,0.456,0.4226,0.3602,3,
WDS_Virginia_Pine_P1,V-4,132,11,A,,1.47,1.478,0.656,0.498,0.5279,0.3815,3,
WDS_Virginia_Pine_P1,V-4,132,10,B,,2.772,2.79,1.13,1.04,0.4747,0.428,3,
WDS_Virginia_Pine_P1,V-4,132,10,A,,2.888,2.912,1.168,1.07,0.4703,0.421,3,
WDS_Virginia_Pine_P1,V-4,132,9,B,,2.518,2.546,0.978,0.938,0.4488,0.4223,3,
WDS_Virginia_Pine_P1,V-4,132,9,A,,2.316,2.342,0.848,0.812,0.4193,0.394,3,
WDS_Virginia_Pine_P1,V-4,132,8,A,,1.126,1.13,0.406,0.398,0.412,0.4012,3,
WDS_Virginia_Pine_P1,V-4,132,7,B,,1.518,1.538,0.522,0.502,0.3904,0.368,3,
WDS_Virginia_Pine_P1,V-4,132,7,A,,1.128,1.142,0.358,0.354,0.3566,0.3473,3,
WDS_Virginia_Pine_P1,V-4,132,6,B,,1.83,1.852,0.76,0.696,0.4851,0.4321,3,
WDS_Virginia_Pine_P1,V-4,132,6,A,,1.826,1.844,0.748,0.688,0.4774,0.4285,3,
WDS_Virginia_Pine_P1,V-4,132,5,B,,2.818,2.832,1.064,1.028,0.4344,0.4152,3,
WDS_Virginia_Pine_P1,V-4,132,5,A,,2.036,2.048,0.74,0.712,0.4158,0.3953,3,
WDS_Virginia_Pine_P1,V-4,132,4,B,,1.392,1.408,0.496,0.482,0.4065,0.3884,3,
WDS_Virginia_Pine_P1,V-4,132,4,A,,1.758,1.774,0.654,0.638,0.427,0.4108,3,
WDS_Virginia_Pine_P1,V-4,132,3,B,,1.774,1.798,0.692,0.67,0.451,0.4279,3,
WDS_Virginia_Pine_P1,V-4,132,3,A,,1.542,1.56,0.596,0.558,0.4463,0.4083,3,
WDS_Virginia_Pine_P1,V-4,132,2,B,,1.738,1.758,0.604,0.592,0.3951,0.3812,3,
WDS_Virginia_Pine_P1,V-4,132,2,A,,1.348,1.358,0.47,0.46,0.3966,0.3838,3,
WDS_Virginia_Pine_P1,V-4,132,1,B,,1.702,1.718,0.692,0.662,0.4732,0.4447,3,
WDS_Virginia_Pine_P1,V-4,132,1,A,,1.922,1.942,0.768,0.738,0.4638,0.4376,3,
WDS_Virginia_Pine_P1,V-40,132,30,A,,2.452,2.452,1.03,0.978,0.4916,0.4628,3,
WDS_Virginia_Pine_P1,V-40,132,29,B,,2.718,2.714,1.254,1.17,0.5491,0.5068,3,
WDS_Virginia_Pine_P1,V-40,132,29,A,,3.698,3.71,1.682,1.608,0.5399,0.51,3,
WDS_Virginia_Pine_P1,V-40,132,28,B,,2.438,2.444,1.036,1,0.4983,0.4767,3,
WDS_Virginia_Pine_P1,V-40,132,28,A,,2.588,2.608,1.142,1.106,0.5209,0.4971,3,
WDS_Virginia_Pine_P1,V-40,132,27,B,,2.932,2.942,1.184,1.138,0.4695,0.4467,3,
WDS_Virginia_Pine_P1,V-40,132,27,A,,2.538,2.56,1.024,0.982,0.469,0.4424,3,
WDS_Virginia_Pine_P1,V-40,132,26,B,,2.168,2.18,0.86,0.83,0.4599,0.4386,3,
WDS_Virginia_Pine_P1,V-40,132,26,A,,2.302,2.308,0.934,0.902,0.4721,0.452,3,
WDS_Virginia_Pine_P1,V-40,132,25,B,,2.816,2.812,1.16,1.082,0.4805,0.444,3,
WDS_Virginia_Pine_P1,V-40,132,25,A,,3.55,3.562,1.462,1.362,0.4804,0.4407,3,
WDS_Virginia_Pine_P1,V-40,132,24,B,,1.65,1.658,0.74,0.71,0.531,0.5028,3,
WDS_Virginia_Pine_P1,V-40,132,24,A,,1.72,1.736,0.774,0.746,0.5331,0.5049,3,
WDS_Virginia_Pine_P1,V-40,132,23,B,,2.01,2.018,0.782,0.752,0.4497,0.4279,3,
WDS_Virginia_Pine_P1,V-40,132,23,A,,1.864,1.878,0.768,0.724,0.4806,0.4449,3,
WDS_Virginia_Pine_P1,V-40,132,22,B,,3.636,3.64,1.46,1.36,0.4664,0.4292,3,
WDS_Virginia_Pine_P1,V-40,132,22,A,,2.872,2.88,1.172,1.06,0.4753,0.4218,3,
WDS_Virginia_Pine_P1,V-40,132,21,B,,3.538,3.528,1.388,1.272,0.454,0.412,3,
WDS_Virginia_Pine_P1,V-40,132,21,A,,2.23,2.23,0.904,0.812,0.4716,0.4167,3,
WDS_Virginia_Pine_P1,V-40,132,20,B,,2.352,2.352,0.954,0.922,0.4719,0.4536,3,
WDS_Virginia_Pine_P1,V-40,132,20,A,,2.322,2.332,0.902,0.872,0.4489,0.4296,3,
WDS_Virginia_Pine_P1,V-40,132,19,B,,2.132,2.14,0.854,0.8,0.4651,0.4294,3,
WDS_Virginia_Pine_P1,V-40,132,19,A,,3.178,3.176,1.328,1.198,0.4886,0.4339,3,
WDS_Virginia_Pine_P1,V-40,132,18,B,,1.812,1.818,0.722,0.698,0.4623,0.4428,3,
WDS_Virginia_Pine_P1,V-40,132,18,A,,2.23,2.232,0.92,0.89,0.4813,0.4627,3,
WDS_Virginia_Pine_P1,V-40,132,17,B,,2.27,2.274,0.93,0.898,0.4775,0.4575,3,
WDS_Virginia_Pine_P1,V-40,132,17,A,,2.462,2.462,1.014,0.972,0.4804,0.4573,3,
WDS_Virginia_Pine_P1,V-40,132,16,B,,1.78,1.782,0.726,0.688,0.475,0.4457,3,
WDS_Virginia_Pine_P1,V-40,132,16,A,,1.796,1.812,0.792,0.738,0.5205,0.4742,3,
WDS_Virginia_Pine_P1,V-40,132,15,B,,2.23,2.24,0.934,0.878,0.4899,0.4535,3,
WDS_Virginia_Pine_P1,V-40,132,15,A,,2.5,2.518,1.084,1.038,0.5102,0.4809,3,
WDS_Virginia_Pine_P1,V-40,132,14,B,,2.476,2.462,1.068,0.962,0.5071,0.4519,3,
WDS_Virginia_Pine_P1,V-40,132,14,A,,2.016,2.008,0.85,0.784,0.4937,0.4515,3,
WDS_Virginia_Pine_P1,V-40,132,13,B,,2.504,2.506,1.024,0.99,0.4764,0.4577,3,
WDS_Virginia_Pine_P1,V-40,132,13,A,,2.266,2.262,0.91,0.87,0.4665,0.4437,3,
WDS_Virginia_Pine_P1,V-40,132,12,B,,2.25,2.248,0.97,0.938,0.5068,0.4878,3,
WDS_Virginia_Pine_P1,V-40,132,12,A,,2.118,2.11,0.914,0.888,0.5074,0.4927,3,
WDS_Virginia_Pine_P1,V-40,132,11,B,,1.568,1.56,0.674,0.65,0.505,0.487,3,
WDS_Virginia_Pine_P1,V-40,132,11,A,,1.98,1.978,0.886,0.858,0.5296,0.5105,3,
WDS_Virginia_Pine_P1,V-40,132,10,B,,1.9,1.892,0.822,0.804,0.5089,0.4983,3,
WDS_Virginia_Pine_P1,V-40,132,10,A,,1.718,1.71,0.738,0.718,0.5047,0.4913,3,
WDS_Virginia_Pine_P1,V-40,132,9,B,,2.108,2.11,0.91,0.812,0.5076,0.444,3,
WDS_Virginia_Pine_P1,V-40,132,9,A,,2.272,2.27,0.976,0.918,0.5047,0.4703,3,
WDS_Virginia_Pine_P1,V-40,132,8,B,,2.776,2.772,1.134,1.088,0.4758,0.4543,3,
WDS_Virginia_Pine_P1,V-40,132,30,B,,3.064,3.076,1.27,1.208,0.484,0.4546,3,
WDS_Virginia_Pine_P1,V-40,132,8,A,,2.28,2.272,0.89,0.854,0.4514,0.4321,3,
WDS_Virginia_Pine_P1,V-40,132,7,B,,1.392,1.392,0.642,0.574,0.5489,0.4811,3,
WDS_Virginia_Pine_P1,V-40,132,7,A,,1.526,1.532,0.68,0.634,0.527,0.4831,3,
WDS_Virginia_Pine_P1,V-40,132,6,B,,2.158,2.162,0.888,0.84,0.4799,0.449,3,
WDS_Virginia_Pine_P1,V-40,132,6,A,,2.028,2.03,0.852,0.802,0.4917,0.4577,3,
WDS_Virginia_Pine_P1,V-40,132,5,B,,2.89,2.892,1.188,1.102,0.4793,0.439,3,
WDS_Virginia_Pine_P1,V-40,132,5,A,,2.31,2.302,0.956,0.868,0.4831,0.4337,3,
WDS_Virginia_Pine_P1,V-40,132,4,B,,2.07,2.07,0.85,0.802,0.4787,0.4475,3,
WDS_Virginia_Pine_P1,V-40,132,4,A,,1.88,1.888,0.742,0.71,0.4572,0.4324,3,
WDS_Virginia_Pine_P1,V-40,132,3,B,,2.804,2.79,1.092,1.01,0.4502,0.4139,3,
WDS_Virginia_Pine_P1,V-40,132,3,A,,2.118,2.12,0.824,0.768,0.4496,0.4142,3,
WDS_Virginia_Pine_P1,V-40,132,2,B,,2.05,2.06,0.866,0.802,0.4949,0.45,3,
WDS_Virginia_Pine_P1,V-40,132,2,A,,2.07,2.072,0.888,0.81,0.5039,0.4522,3,
WDS_Virginia_Pine_P1,V-40,132,1,B,,1.918,1.92,0.792,0.768,0.4819,0.4643,3,
WDS_Virginia_Pine_P1,V-40,132,1,A,,1.774,1.778,0.702,0.67,0.4586,0.4334,3,
WDS_Virginia_Pine_P1,V-5,132,1,A,,1.422,1.42,0.506,0.486,0.4059,0.3883,3,
WDS_Virginia_Pine_P1,V-5,132,30,B,,1.148,1.142,0.412,0.398,0.4098,0.3964,3,
WDS_Virginia_Pine_P1,V-5,132,30,A,,1.112,1.108,0.39,0.378,0.3992,0.3869,3,
WDS_Virginia_Pine_P1,V-5,132,29,B,,1.448,1.444,0.526,0.508,0.4156,0.4006,3,
WDS_Virginia_Pine_P1,V-5,132,29,A,,1.604,1.606,0.602,0.57,0.4314,0.4047,3,
WDS_Virginia_Pine_P1,V-5,132,28,B,,2.436,2.426,1.036,0.922,0.4988,0.4377,3,
WDS_Virginia_Pine_P1,V-5,132,28,A,,2.556,2.536,1.042,0.928,0.4747,0.419,3,
WDS_Virginia_Pine_P1,V-5,132,27,B,,2.938,2.92,1.456,1.184,0.5983,0.4717,3,
WDS_Virginia_Pine_P1,V-5,132,27,A,,2.682,2.672,1.084,0.916,0.47,0.389,3,
WDS_Virginia_Pine_P1,V-5,132,26,B,,2.786,2.78,1.092,1.038,0.4535,0.4288,3,
WDS_Virginia_Pine_P1,V-5,132,26,A,,2.798,2.792,1.03,1,0.4219,0.4089,3,
WDS_Virginia_Pine_P1,V-5,132,25,B,,1.46,1.458,0.48,0.456,0.371,0.3508,3,
WDS_Virginia_Pine_P1,V-5,132,25,A,,1.664,1.672,0.566,0.542,0.3856,0.3652,3,
WDS_Virginia_Pine_P1,V-5,132,24,B,,2.006,2.004,0.842,0.798,0.4912,0.4619,3,
WDS_Virginia_Pine_P1,V-5,132,24,A,,1.73,1.73,0.706,0.666,0.4753,0.4442,3,
WDS_Virginia_Pine_P1,V-5,132,23,B,,1.456,1.472,0.538,0.522,0.4237,0.4043,3,
WDS_Virginia_Pine_P1,V-5,132,23,A,,1.034,1.044,0.392,0.374,0.4364,0.409,3,
WDS_Virginia_Pine_P1,V-5,132,22,B,,2.158,2.156,0.928,0.828,0.5053,0.443,3,
WDS_Virginia_Pine_P1,V-5,132,22,A,,2.288,2.282,0.982,0.866,0.5042,0.4369,3,
WDS_Virginia_Pine_P1,V-5,132,21,B,,1.998,1.998,0.662,0.612,0.3743,0.3427,3,
WDS_Virginia_Pine_P1,V-5,132,21,A,,1.668,1.658,0.582,0.502,0.3969,0.3383,3,
WDS_Virginia_Pine_P1,V-5,132,20,B,,1.956,1.962,0.816,0.716,0.4876,0.4177,3,
WDS_Virginia_Pine_P1,V-5,132,20,A,,1.35,1.35,0.55,0.468,0.4744,0.394,3,
WDS_Virginia_Pine_P1,V-5,132,19,B,,1.726,1.726,0.65,0.572,0.4331,0.3744,3,
WDS_Virginia_Pine_P1,V-5,132,19,A,,2.23,2.238,0.848,0.798,0.438,0.4068,3,
WDS_Virginia_Pine_P1,V-5,132,18,B,,2.048,2.05,0.798,0.736,0.4504,0.41,3,
WDS_Virginia_Pine_P1,V-5,132,18,A,,2.072,2.068,0.748,0.712,0.4126,0.3909,3,
WDS_Virginia_Pine_P1,V-5,132,17,B,,1.552,1.56,0.522,0.502,0.3807,0.3622,3,
WDS_Virginia_Pine_P1,V-5,132,17,A,,1.544,1.552,0.53,0.512,0.3896,0.3725,3,
WDS_Virginia_Pine_P1,V-5,132,16,B,,2.562,2.568,1.076,0.834,0.4915,0.3659,3,
WDS_Virginia_Pine_P1,V-5,132,16,A,,2.218,2.23,0.8,0.698,0.4122,0.3511,3,
WDS_Virginia_Pine_P1,V-5,132,15,B,,2.812,2.804,1.076,1.034,0.4411,0.4228,3,
WDS_Virginia_Pine_P1,V-5,132,15,A,,2.402,2.402,0.956,0.908,0.4616,0.435,3,
WDS_Virginia_Pine_P1,V-5,132,14,B,,2.572,2.586,1.142,0.88,0.5247,0.3858,3,
WDS_Virginia_Pine_P1,V-5,132,14,A,,2.782,2.782,1.222,0.968,0.5181,0.3956,3,
WDS_Virginia_Pine_P1,V-5,132,13,B,,1.936,1.934,0.826,0.672,0.5006,0.395,3,
WDS_Virginia_Pine_P1,V-5,132,13,A,,2.442,2.422,1.078,0.882,0.5211,0.4167,3,
WDS_Virginia_Pine_P1,V-5,132,12,B,,2.108,2.124,0.822,0.766,0.4508,0.4121,3,
WDS_Virginia_Pine_P1,V-5,132,12,A,,2.328,2.34,0.908,0.826,0.451,0.4022,3,
WDS_Virginia_Pine_P1,V-5,132,11,B,,2.51,2.514,1.028,0.878,0.4773,0.3973,3,
WDS_Virginia_Pine_P1,V-5,132,11,A,,2.618,2.606,1.082,0.93,0.4823,0.4072,3,
WDS_Virginia_Pine_P1,V-5,132,10,B,,2.254,2.252,0.816,0.762,0.4139,0.3833,3,
WDS_Virginia_Pine_P1,V-5,132,10,A,,2.458,2.474,0.896,0.83,0.4172,0.3796,3,
WDS_Virginia_Pine_P1,V-5,132,9,B,,2.182,2.198,0.834,0.78,0.4405,0.4046,3,
WDS_Virginia_Pine_P1,V-5,132,9,A,,2.058,2.068,0.862,0.752,0.4899,0.416,3,
WDS_Virginia_Pine_P1,V-5,132,8,B,,3.02,3.052,1.142,1.096,0.4351,0.4101,3,
WDS_Virginia_Pine_P1,V-5,132,8,A,,2.426,2.438,0.892,0.862,0.4213,0.4029,3,
WDS_Virginia_Pine_P1,V-5,132,7,B,,1.678,1.688,0.638,0.612,0.4379,0.4146,3,
WDS_Virginia_Pine_P1,V-5,132,7,A,,1.688,1.702,0.646,0.62,0.4412,0.4169,3,
WDS_Virginia_Pine_P1,V-5,132,6,B,,2.382,2.388,0.848,0.826,0.4061,0.393,3,
WDS_Virginia_Pine_P1,V-5,132,6,A,,2.642,2.67,0.984,0.948,0.4276,0.4049,3,
WDS_Virginia_Pine_P1,V-5,132,5,B,,1.934,1.934,0.698,0.662,0.4125,0.3883,3,
WDS_Virginia_Pine_P1,V-5,132,5,A,,1.418,1.42,0.508,0.49,0.409,0.3919,3,
WDS_Virginia_Pine_P1,V-5,132,4,B,,1.112,1.12,0.396,0.386,0.4062,0.3914,3,
WDS_Virginia_Pine_P1,V-5,132,4,A,,1.122,1.12,0.406,0.396,0.4137,0.4029,3,
WDS_Virginia_Pine_P1,V-5,132,3,B,,1.882,1.904,0.692,0.67,0.4214,0.4007,3,
WDS_Virginia_Pine_P1,V-5,132,3,A,,1.348,1.348,0.488,0.47,0.4139,0.3966,3,
WDS_Virginia_Pine_P1,V-5,132,2,B,,2.382,2.378,0.9,0.86,0.4347,0.4134,3,
WDS_Virginia_Pine_P1,V-5,132,2,A,,1.928,1.92,0.724,0.672,0.4317,0.3983,3,
WDS_Virginia_Pine_P1,V-5,132,1,B,,1.498,1.496,0.544,0.526,0.4154,0.4004,3,
WDS_Virginia_Pine_P1,V-6,132,30,B,,2.36,2.264,0.93,0.768,0.4564,0.3844,3,
WDS_Virginia_Pine_P1,V-6,132,30,A,,2.148,2.096,0.84,0.72,0.4523,0.3899,3,
WDS_Virginia_Pine_P1,V-6,132,29,B,,2.324,2.24,0.824,0.794,0.4042,0.4041,3,
WDS_Virginia_Pine_P1,V-6,132,29,A,,1.974,1.964,0.69,0.656,0.3977,0.3777,3,
WDS_Virginia_Pine_P1,V-6,132,28,B,,2.43,2.368,0.93,0.902,0.4412,0.4388,3,
WDS_Virginia_Pine_P1,V-6,132,28,A,,2.11,2.066,0.774,0.748,0.4202,0.414,3,
WDS_Virginia_Pine_P1,V-6,132,27,B,,2.122,2.082,0.77,0.722,0.415,0.3941,3,
WDS_Virginia_Pine_P1,V-6,132,27,A,,2.082,2.036,0.902,0.776,0.5097,0.4391,3,
WDS_Virginia_Pine_P1,V-6,132,26,B,,1.654,1.616,0.586,0.566,0.4039,0.3986,3,
WDS_Virginia_Pine_P1,V-6,132,26,A,,1.652,1.658,0.632,0.606,0.441,0.4185,3,
WDS_Virginia_Pine_P1,V-6,132,25,B,,1.916,1.856,0.738,0.712,0.4445,0.4424,3,
WDS_Virginia_Pine_P1,V-6,132,25,A,,1.848,1.826,0.744,0.72,0.4678,0.4567,3,
WDS_Virginia_Pine_P1,V-6,132,24,B,,1.52,1.464,0.592,0.53,0.4502,0.4139,3,
WDS_Virginia_Pine_P1,V-6,132,24,A,,1.44,1.422,0.612,0.536,0.4984,0.4335,3,
WDS_Virginia_Pine_P1,V-6,132,23,B,,1.404,1.372,0.494,0.466,0.4007,0.3849,3,
WDS_Virginia_Pine_P1,V-6,132,23,A,,1.322,1.294,0.46,0.436,0.3956,0.3815,3,
WDS_Virginia_Pine_P1,V-6,132,22,B,,1.67,1.624,0.628,0.588,0.4324,0.414,3,
WDS_Virginia_Pine_P1,V-6,132,22,A,,1.488,1.462,0.58,0.508,0.4506,0.395,3,
WDS_Virginia_Pine_P1,V-6,132,21,B,,2.05,1.98,0.878,0.798,0.5029,0.4684,3,
WDS_Virginia_Pine_P1,V-6,132,21,A,,1.76,1.728,0.69,0.632,0.4537,0.4188,3,
WDS_Virginia_Pine_P1,V-6,132,20,B,,2.332,2.228,0.832,0.748,0.4071,0.3799,3,
WDS_Virginia_Pine_P1,V-6,132,20,A,,2.11,2.074,0.762,0.688,0.4128,0.3748,3,
WDS_Virginia_Pine_P1,V-6,132,19,B,,1.926,1.862,0.722,0.688,0.4308,0.4237,3,
WDS_Virginia_Pine_P1,V-6,132,19,A,,1.508,1.48,0.652,0.558,0.5085,0.4337,3,
WDS_Virginia_Pine_P1,V-6,132,18,B,,1.67,1.622,0.66,0.612,0.4579,0.434,3,
WDS_Virginia_Pine_P1,V-6,132,18,A,,1.67,1.642,0.67,0.612,0.466,0.428,3,
WDS_Virginia_Pine_P1,V-6,132,17,B,,1.622,1.566,0.58,0.558,0.4081,0.4065,3,
WDS_Virginia_Pine_P1,V-6,132,17,A,,1.584,1.564,0.568,0.548,0.4094,0.3988,3,
WDS_Virginia_Pine_P1,V-6,132,16,B,,2.68,2.616,1.018,0.94,0.4374,0.4104,3,
WDS_Virginia_Pine_P1,V-6,132,16,A,,2.34,2.27,0.866,0.802,0.4245,0.4026,3,
WDS_Virginia_Pine_P1,V-6,132,15,B,,2.332,2.23,0.742,0.706,0.3576,0.3556,3,
WDS_Virginia_Pine_P1,V-6,132,15,A,,2.136,2.092,0.704,0.652,0.3721,0.3494,3,
WDS_Virginia_Pine_P1,V-6,132,14,B,,1.432,1.4,0.548,0.512,0.4412,0.4188,3,
WDS_Virginia_Pine_P1,V-6,132,14,A,,1.522,1.51,0.578,0.536,0.4373,0.4047,3,
WDS_Virginia_Pine_P1,V-6,132,13,B,,1.948,1.876,0.74,0.708,0.4374,0.4342,3,
WDS_Virginia_Pine_P1,V-6,132,13,A,,1.642,1.6,0.63,0.602,0.4425,0.4326,3,
WDS_Virginia_Pine_P1,V-6,132,12,B,,1.918,1.878,0.682,0.666,0.4055,0.4043,3,
WDS_Virginia_Pine_P1,V-6,132,12,A,,1.622,1.624,0.592,0.582,0.4178,0.4092,3,
WDS_Virginia_Pine_P1,V-6,132,11,B,,2.238,2.156,0.81,0.762,0.4138,0.4027,3,
WDS_Virginia_Pine_P1,V-6,132,11,A,,1.818,1.78,0.67,0.618,0.4225,0.3947,3,
WDS_Virginia_Pine_P1,V-6,132,10,B,,1.842,1.768,0.68,0.656,0.4233,0.4258,3,
WDS_Virginia_Pine_P1,V-6,132,10,A,,1.45,1.41,0.52,0.502,0.4095,0.4061,3,
WDS_Virginia_Pine_P1,V-6,132,9,B,,1.378,1.332,0.478,0.45,0.3943,0.3826,3,
WDS_Virginia_Pine_P1,V-6,132,9,A,,1.058,1.034,0.396,0.35,0.43,0.3835,3,
WDS_Virginia_Pine_P1,V-6,132,8,B,,2.902,2.78,0.996,0.936,0.3895,0.3811,3,
WDS_Virginia_Pine_P1,V-6,132,8,A,,1.75,1.722,0.618,0.588,0.4024,0.3873,3,
WDS_Virginia_Pine_P1,V-6,132,7,B,,1.778,1.68,0.614,0.576,0.3923,0.3891,3,
WDS_Virginia_Pine_P1,V-6,132,7,A,,1.388,1.358,0.506,0.47,0.4172,0.3932,3,
WDS_Virginia_Pine_P1,V-6,132,6,B,,1.32,1.318,0.5,0.484,0.436,0.4207,3,
WDS_Virginia_Pine_P1,V-6,132,6,A,,1.73,1.738,0.674,0.654,0.4504,0.4327,3,
WDS_Virginia_Pine_P1,V-6,132,5,B,,1.774,1.722,0.682,0.652,0.4435,0.4358,3,
WDS_Virginia_Pine_P1,V-6,132,5,A,,1.592,1.56,0.6,0.582,0.4335,0.4284,3,
WDS_Virginia_Pine_P1,V-6,132,4,B,,2.39,2.268,0.802,0.75,0.3797,0.3735,3,
WDS_Virginia_Pine_P1,V-6,132,4,A,,2.172,2.104,0.796,0.686,0.4198,0.3676,3,
WDS_Virginia_Pine_P1,V-6,132,3,B,,1.898,1.816,0.686,0.606,0.4132,0.3773,3,
WDS_Virginia_Pine_P1,V-6,132,3,A,,1.838,1.774,0.698,0.598,0.4373,0.3817,3,
WDS_Virginia_Pine_P1,V-6,132,2,B,,1.834,1.78,0.652,0.632,0.4054,0.4049,3,
WDS_Virginia_Pine_P1,V-6,132,2,A,,1.582,1.508,0.608,0.54,0.4433,0.4088,3,
WDS_Virginia_Pine_P1,V-6,132,1,B,,1.78,1.684,0.652,0.612,0.4195,0.4158,3,
WDS_Virginia_Pine_P1,V-6,132,1,A,,1.73,1.692,0.684,0.64,0.4581,0.4353,3,
WDS_Virginia_Pine_P1,V-7,132,30,B,,1.49,1.5,0.548,0.532,0.4215,0.4043,3,
WDS_Virginia_Pine_P1,V-7,132,30,A,,1.254,1.264,0.432,0.42,0.3912,0.3755,3,
WDS_Virginia_Pine_P1,V-7,132,29,B,,1.078,1.092,0.378,0.366,0.3991,0.3792,3,
WDS_Virginia_Pine_P1,V-7,132,29,A,,1.29,1.294,0.458,0.432,0.4048,0.3775,3,
WDS_Virginia_Pine_P1,V-7,132,28,B,,1.792,1.806,0.72,0.682,0.4667,0.4345,3,
WDS_Virginia_Pine_P1,V-7,132,28,A,,1.584,1.6,0.612,0.582,0.4461,0.4162,3,
WDS_Virginia_Pine_P1,V-7,132,27,B,,1.604,1.622,0.67,0.624,0.4884,0.4439,3,
WDS_Virginia_Pine_P1,V-7,132,27,A,,1.39,1.408,0.576,0.55,0.4838,0.4518,3,
WDS_Virginia_Pine_P1,V-7,132,26,B,,1.428,1.438,0.56,0.544,0.4538,0.4354,3,
WDS_Virginia_Pine_P1,V-7,132,26,A,,1.112,1.124,0.412,0.398,0.4251,0.4036,3,
WDS_Virginia_Pine_P1,V-7,132,25,B,,1.568,1.592,0.572,0.536,0.4176,0.3811,3,
WDS_Virginia_Pine_P1,V-7,132,25,A,,1.524,1.542,0.542,0.514,0.4056,0.3768,3,
WDS_Virginia_Pine_P1,V-7,132,24,B,,1.756,1.772,0.63,0.61,0.4097,0.3909,3,
WDS_Virginia_Pine_P1,V-7,132,24,A,,1.552,1.564,0.532,0.512,0.389,0.3692,3,
WDS_Virginia_Pine_P1,V-7,132,23,B,,1.538,1.55,0.628,0.602,0.4756,0.4488,3,
WDS_Virginia_Pine_P1,V-7,132,23,A,,1.63,1.632,0.688,0.638,0.4944,0.4522,3,
WDS_Virginia_Pine_P1,V-7,132,22,B,,1.646,1.648,0.642,0.618,0.451,0.431,3,
WDS_Virginia_Pine_P1,V-7,132,22,A,,1.232,1.238,0.456,0.442,0.4246,0.4074,3,
WDS_Virginia_Pine_P1,V-7,132,21,B,,1.672,1.686,0.652,0.582,0.4509,0.3921,3,
WDS_Virginia_Pine_P1,V-7,132,21,A,,1.688,1.696,0.618,0.598,0.4193,0.4017,3,
WDS_Virginia_Pine_P1,V-7,132,20,B,,1.872,1.892,0.686,0.658,0.4197,0.3954,3,
WDS_Virginia_Pine_P1,V-7,132,20,A,,1.338,1.352,0.466,0.448,0.3961,0.3743,3,
WDS_Virginia_Pine_P1,V-7,132,19,B,,1.96,1.97,0.702,0.68,0.4089,0.3921,3,
WDS_Virginia_Pine_P1,V-7,132,19,A,,1.23,1.242,0.442,0.42,0.4104,0.383,3,
WDS_Virginia_Pine_P1,V-7,132,18,B,,1.832,1.836,0.74,0.638,0.4696,0.395,3,
WDS_Virginia_Pine_P1,V-7,132,18,A,,1.672,1.698,0.6,0.58,0.4098,0.3874,3,
WDS_Virginia_Pine_P1,V-7,132,17,B,,1.182,1.202,0.43,0.418,0.4162,0.3954,3,
WDS_Virginia_Pine_P1,V-7,132,17,A,,0.958,0.708,0.336,0.326,0.3992,0.5478,3,
WDS_Virginia_Pine_P1,V-7,132,16,B,,1.502,1.512,0.55,0.532,0.4194,0.4007,3,
WDS_Virginia_Pine_P1,V-7,132,16,A,,1.68,1.698,0.618,0.596,0.4216,0.3996,3,
WDS_Virginia_Pine_P1,V-7,132,15,B,,1.74,1.746,0.734,0.616,0.494,0.4019,3,
WDS_Virginia_Pine_P1,V-7,132,15,A,,1.79,1.798,0.718,0.646,0.4658,0.4104,3,
WDS_Virginia_Pine_P1,V-7,132,14,B,,1.898,1.914,0.672,0.65,0.4036,0.3849,3,
WDS_Virginia_Pine_P1,V-7,132,14,A,,1.832,1.848,0.634,0.61,0.3932,0.3727,3,
WDS_Virginia_Pine_P1,V-7,132,13,B,,1.598,1.612,0.628,0.584,0.4549,0.4143,3,
WDS_Virginia_Pine_P1,V-7,132,13,A,,1.578,1.598,0.618,0.586,0.4531,0.4201,3,
WDS_Virginia_Pine_P1,V-7,132,12,B,,1.154,1.166,0.432,0.412,0.4301,0.4026,3,
WDS_Virginia_Pine_P1,V-7,132,12,A,,1.126,1.138,0.408,0.388,0.4144,0.3866,3,
WDS_Virginia_Pine_P1,V-7,132,11,B,,1.398,1.42,0.504,0.488,0.412,0.3901,3,
WDS_Virginia_Pine_P1,V-7,132,11,A,,1.238,1.252,0.432,0.42,0.3969,0.3796,3,
WDS_Virginia_Pine_P1,V-7,132,10,B,,2.022,2.032,0.804,0.778,0.4611,0.4414,3,
WDS_Virginia_Pine_P1,V-7,132,10,A,,1.952,1.97,0.704,0.678,0.4121,0.3907,3,
WDS_Virginia_Pine_P1,V-7,132,9,B,,1.154,1.162,0.406,0.398,0.4006,0.3886,3,
WDS_Virginia_Pine_P1,V-7,132,9,A,,1.038,1.048,0.366,0.358,0.4017,0.3875,3,
WDS_Virginia_Pine_P1,V-7,132,8,B,,1.122,1.13,0.402,0.388,0.4091,0.3897,3,
WDS_Virginia_Pine_P1,V-7,132,8,A,,1.11,1.114,0.398,0.384,0.4094,0.3914,3,
WDS_Virginia_Pine_P1,V-7,132,7,B,,1.752,1.75,0.696,0.672,0.4607,0.4429,3,
WDS_Virginia_Pine_P1,V-7,132,7,A,,1.642,1.654,0.658,0.646,0.4653,0.4517,3,
WDS_Virginia_Pine_P1,V-7,132,6,B,,1.86,1.858,0.698,0.592,0.4313,0.3582,3,
WDS_Virginia_Pine_P1,V-7,132,6,A,,1.966,1.94,0.69,0.61,0.3995,0.3529,3,
WDS_Virginia_Pine_P1,V-7,132,5,B,,1.456,1.456,0.576,0.538,0.4584,0.4237,3,
WDS_Virginia_Pine_P1,V-7,132,5,A,,1.608,1.61,0.634,0.598,0.4566,0.4263,3,
WDS_Virginia_Pine_P1,V-7,132,4,B,,1.728,1.724,0.728,0.662,0.4933,0.4429,3,
WDS_Virginia_Pine_P1,V-7,132,4,A,,1.522,1.522,0.604,0.548,0.4601,0.4114,3,
WDS_Virginia_Pine_P1,V-7,132,3,B,,1.516,1.514,0.564,0.538,0.4271,0.4052,3,
WDS_Virginia_Pine_P1,V-7,132,3,A,,1.242,1.248,0.458,0.436,0.4228,0.3975,3,
WDS_Virginia_Pine_P1,V-7,132,2,B,,1.898,1.9,0.752,0.692,0.4592,0.4168,3,
WDS_Virginia_Pine_P1,V-7,132,2,A,,1.552,1.544,0.576,0.548,0.4259,0.4047,3,
WDS_Virginia_Pine_P1,V-7,132,1,B,,1.972,1.968,0.81,0.758,0.4789,0.4445,3,
WDS_Virginia_Pine_P1,V-7,132,1,A,,2.042,2.054,0.854,0.792,0.4891,0.445,3,
WDS_Virginia_Pine_P1,V-8,132,8,A,,1.878,1.832,0.64,0.618,0.3864,0.382,3,
WDS_Virginia_Pine_P1,V-8,132,30,A,,2.112,2.014,0.782,0.742,0.4247,0.4223,3,
WDS_Virginia_Pine_P1,V-8,132,29,B,,1.23,1.228,0.44,0.42,0.4083,0.388,3,
WDS_Virginia_Pine_P1,V-8,132,29,A,,1.754,1.74,0.646,0.608,0.4222,0.3975,3,
WDS_Virginia_Pine_P1,V-8,132,28,B,,1.84,1.808,0.766,0.698,0.4865,0.4457,3,
WDS_Virginia_Pine_P1,V-8,132,28,A,,1.718,1.71,0.724,0.662,0.4935,0.4471,3,
WDS_Virginia_Pine_P1,V-8,132,27,B,,2.59,2.488,1.034,0.928,0.4633,0.4283,3,
WDS_Virginia_Pine_P1,V-8,132,27,A,,1.752,1.748,0.73,0.662,0.487,0.4359,3,
WDS_Virginia_Pine_P1,V-8,132,26,B,,2.092,2.052,0.824,0.774,0.4561,0.4339,3,
WDS_Virginia_Pine_P1,V-8,132,26,A,,1.51,1.498,0.57,0.538,0.4343,0.4102,3,
WDS_Virginia_Pine_P1,V-8,132,25,B,,1.968,1.918,0.808,0.756,0.4786,0.4565,3,
WDS_Virginia_Pine_P1,V-8,132,25,A,,1.72,1.706,0.718,0.678,0.488,0.4609,3,
WDS_Virginia_Pine_P1,V-8,132,24,B,,1.844,1.8,0.734,0.698,0.4617,0.448,3,
WDS_Virginia_Pine_P1,V-8,132,24,A,,1.738,1.744,0.702,0.672,0.4696,0.4447,3,
WDS_Virginia_Pine_P1,V-8,132,23,B,,1.728,1.756,0.748,0.706,0.5092,0.4671,3,
WDS_Virginia_Pine_P1,V-8,132,23,A,,1.412,1.41,0.56,0.534,0.4598,0.4359,3,
WDS_Virginia_Pine_P1,V-8,132,22,B,,2.12,2.082,0.88,0.848,0.4848,0.4742,3,
WDS_Virginia_Pine_P1,V-8,132,22,A,,1.528,1.528,0.624,0.602,0.4757,0.4562,3,
WDS_Virginia_Pine_P1,V-8,132,21,B,,1.746,1.77,0.682,0.652,0.4517,0.4222,3,
WDS_Virginia_Pine_P1,V-8,132,21,A,,1.764,1.73,0.68,0.652,0.4449,0.4335,3,
WDS_Virginia_Pine_P1,V-8,132,20,B,,2.2,2.146,0.89,0.748,0.4705,0.3964,3,
WDS_Virginia_Pine_P1,V-8,132,20,A,,2.2,2.194,0.942,0.782,0.5028,0.4066,3,
WDS_Virginia_Pine_P1,V-8,132,19,B,,1.924,1.908,0.712,0.678,0.4245,0.4052,3,
WDS_Virginia_Pine_P1,V-8,132,19,A,,1.468,1.48,0.54,0.518,0.4216,0.3983,3,
WDS_Virginia_Pine_P1,V-8,132,18,B,,1.46,1.436,0.602,0.542,0.481,0.4342,3,
WDS_Virginia_Pine_P1,V-8,132,18,A,,1.752,1.732,0.69,0.666,0.4561,0.4436,3,
WDS_Virginia_Pine_P1,V-8,132,17,B,,1.948,1.904,0.782,0.74,0.4663,0.4491,3,
WDS_Virginia_Pine_P1,V-8,132,17,A,,1.554,1.518,0.582,0.552,0.4303,0.416,3,
WDS_Virginia_Pine_P1,V-8,132,16,B,,1.688,1.658,0.722,0.676,0.5021,0.4748,3,
WDS_Virginia_Pine_P1,V-8,132,16,A,,1.474,1.482,0.64,0.602,0.5111,0.4727,3,
WDS_Virginia_Pine_P1,V-8,132,15,B,,1.81,1.76,0.734,0.65,0.4718,0.4235,3,
WDS_Virginia_Pine_P1,V-8,132,15,A,,2.132,2.132,0.946,0.842,0.5243,0.4575,3,
WDS_Virginia_Pine_P1,V-8,132,14,B,,1.69,1.678,0.638,0.608,0.4343,0.4143,3,
WDS_Virginia_Pine_P1,V-8,132,14,A,,1.632,1.626,0.674,0.642,0.4819,0.4574,3,
WDS_Virginia_Pine_P1,V-8,132,13,B,,1.698,1.662,0.712,0.682,0.4906,0.4783,3,
WDS_Virginia_Pine_P1,V-8,132,13,A,,1.468,1.458,0.572,0.55,0.4504,0.4339,3,
WDS_Virginia_Pine_P1,V-8,132,12,B,,2.67,2.642,1.008,0.918,0.4343,0.395,3,
WDS_Virginia_Pine_P1,V-8,132,12,A,,2.49,2.462,0.918,0.852,0.4227,0.3932,3,
WDS_Virginia_Pine_P1,V-8,132,11,B,,2.272,2.208,0.882,0.812,0.4485,0.4214,3,
WDS_Virginia_Pine_P1,V-8,132,11,A,,2.09,2.068,0.754,0.712,0.4123,0.3909,3,
WDS_Virginia_Pine_P1,V-8,132,10,B,,1.302,1.274,0.492,0.462,0.4348,0.4147,3,
WDS_Virginia_Pine_P1,V-8,132,10,A,,1.6,1.594,0.654,0.6,0.4762,0.4329,3,
WDS_Virginia_Pine_P1,V-8,132,9,B,,1.7,1.642,0.662,0.594,0.4501,0.4136,3,
WDS_Virginia_Pine_P1,V-8,132,9,A,,1.686,1.682,0.672,0.588,0.4624,0.3978,3,
WDS_Virginia_Pine_P1,V-8,132,8,B,,1.472,1.446,0.516,0.496,0.399,0.3893,3,
WDS_Virginia_Pine_P1,V-8,132,30,B,,2.678,2.62,0.948,0.898,0.4035,0.3889,3,
WDS_Virginia_Pine_P1,V-8,132,7,B,,1.504,1.48,0.574,0.558,0.4398,0.4337,3,
WDS_Virginia_Pine_P1,V-8,132,7,A,,1.612,1.592,0.646,0.624,0.4653,0.4535,3,
WDS_Virginia_Pine_P1,V-8,132,6,B,,1.848,1.816,0.732,0.694,0.4591,0.4405,3,
WDS_Virginia_Pine_P1,V-8,132,6,A,,1.522,1.506,0.612,0.57,0.4672,0.4356,3,
WDS_Virginia_Pine_P1,V-8,132,5,B,,2.24,2.198,0.892,0.858,0.4619,0.4514,3,
WDS_Virginia_Pine_P1,V-8,132,5,A,,2.414,2.412,0.99,0.934,0.478,0.4472,3,
WDS_Virginia_Pine_P1,V-8,132,4,B,,2.59,2.512,1.078,1.008,0.4863,0.4661,3,
WDS_Virginia_Pine_P1,V-8,132,4,A,,1.688,1.664,0.652,0.614,0.4459,0.4231,3,
WDS_Virginia_Pine_P1,V-8,132,3,B,,1.964,1.922,0.734,0.704,0.4293,0.4195,3,
WDS_Virginia_Pine_P1,V-8,132,3,A,,2.38,2.318,0.998,0.916,0.4906,0.4578,3,
WDS_Virginia_Pine_P1,V-8,132,2,B,,2.298,2.224,0.95,0.884,0.4825,0.461,3,
WDS_Virginia_Pine_P1,V-8,132,2,A,,2.154,2.102,0.93,0.806,0.5077,0.4422,3,
WDS_Virginia_Pine_P1,V-8,132,1,B,,2.332,2.318,0.942,0.902,0.4697,0.4498,3,
WDS_Virginia_Pine_P1,V-8,132,1,A,,1.778,1.752,0.652,0.62,0.4201,0.4033,3,
WDS_Virginia_Pine_P1,V-9,132,30,B,,2.78,2.682,0.946,0.88,0.3858,0.3702,3,
WDS_Virginia_Pine_P1,V-9,132,30,A,,2.66,2.344,0.902,0.854,0.3842,0.417,3,
WDS_Virginia_Pine_P1,V-9,132,29,B,,1.19,1.138,0.4,0.368,0.3804,0.3642,3,
WDS_Virginia_Pine_P1,V-9,132,29,A,,1.07,1.02,0.354,0.33,0.3737,0.3644,3,
WDS_Virginia_Pine_P1,V-9,132,28,B,,2.7,2.588,1.032,0.992,0.4406,0.442,3,
WDS_Virginia_Pine_P1,V-9,132,28,A,,1.918,1.872,0.708,0.68,0.4233,0.4155,3,
WDS_Virginia_Pine_P1,V-9,132,27,B,,2.822,2.752,1.174,0.998,0.4861,0.4147,3,
WDS_Virginia_Pine_P1,V-9,132,27,A,,2.376,2.332,0.882,0.81,0.426,0.3949,3,
WDS_Virginia_Pine_P1,V-9,132,26,B,,2.58,2.484,1.012,0.968,0.4539,0.4505,3,
WDS_Virginia_Pine_P1,V-9,132,26,A,,1.708,1.682,0.672,0.628,0.4555,0.4288,3,
WDS_Virginia_Pine_P1,V-9,132,25,B,,1.844,1.77,0.708,0.65,0.4428,0.4208,3,
WDS_Virginia_Pine_P1,V-9,132,25,A,,1.806,1.784,0.682,0.656,0.4345,0.4214,3,
WDS_Virginia_Pine_P1,V-9,132,24,B,,2.588,2.524,0.99,0.912,0.441,0.413,3,
WDS_Virginia_Pine_P1,V-9,132,24,A,,2.642,2.018,0.994,0.942,0.4326,0.5568,3,
WDS_Virginia_Pine_P1,V-9,132,23,B,,2.35,2.286,0.904,0.806,0.4438,0.4016,3,
WDS_Virginia_Pine_P1,V-9,132,23,A,,1.792,1.78,0.68,0.628,0.4369,0.4019,3,
WDS_Virginia_Pine_P1,V-9,132,22,B,,1.924,1.88,0.74,0.712,0.4437,0.4359,3,
WDS_Virginia_Pine_P1,V-9,132,22,A,,1.216,1.208,0.454,0.434,0.4288,0.4103,3,
WDS_Virginia_Pine_P1,V-9,132,21,B,,2.084,2.014,0.798,0.744,0.4415,0.4236,3,
WDS_Virginia_Pine_P1,V-9,132,21,A,,2.002,1.964,0.768,0.708,0.4424,0.4119,3,
WDS_Virginia_Pine_P1,V-9,132,20,B,,1.25,1.21,0.456,0.42,0.4176,0.3945,3,
WDS_Virginia_Pine_P1,V-9,132,20,A,,1.232,1.222,0.472,0.446,0.4417,0.4178,3,
WDS_Virginia_Pine_P1,V-9,132,19,B,,2.482,2.404,0.998,0.902,0.4672,0.4313,3,
WDS_Virginia_Pine_P1,V-9,132,19,A,,2.04,2.018,0.822,0.752,0.4683,0.4279,3,
WDS_Virginia_Pine_P1,V-9,132,18,B,,1.718,1.664,0.624,0.586,0.4155,0.4011,3,
WDS_Virginia_Pine_P1,V-9,132,18,A,,1.53,1.512,0.56,0.524,0.4192,0.3938,3,
WDS_Virginia_Pine_P1,V-9,132,17,B,,2.748,2.662,1.02,0.88,0.4259,0.3733,3,
WDS_Virginia_Pine_P1,V-9,132,17,A,,2.49,2.434,0.932,0.842,0.4301,0.393,3,
WDS_Virginia_Pine_P1,V-9,132,16,B,,2.25,2.184,0.872,0.83,0.4477,0.4377,3,
WDS_Virginia_Pine_P1,V-9,132,16,A,,2.24,2.232,0.884,0.85,0.4571,0.4387,3,
WDS_Virginia_Pine_P1,V-9,132,15,B,,2.898,2.772,1.112,1.068,0.4425,0.4446,3,
WDS_Virginia_Pine_P1,V-9,132,15,A,,2.72,2.712,1.022,0.998,0.432,0.4218,3,
WDS_Virginia_Pine_P1,V-9,132,14,B,,2.164,2.07,0.82,0.758,0.4362,0.4194,3,
WDS_Virginia_Pine_P1,V-9,132,14,A,,2.328,2.288,0.858,0.838,0.4225,0.4195,3,
WDS_Virginia_Pine_P1,V-9,132,13,B,,1.682,1.63,0.608,0.578,0.4132,0.4043,3,
WDS_Virginia_Pine_P1,V-9,132,13,A,,1.51,1.502,0.532,0.508,0.4013,0.3831,3,
WDS_Virginia_Pine_P1,V-9,132,12,B,,2.282,2.22,0.808,0.752,0.4036,0.3838,3,
WDS_Virginia_Pine_P1,V-9,132,12,A,,1.77,1.714,0.634,0.588,0.4089,0.3893,3,
WDS_Virginia_Pine_P1,V-9,132,11,B,,1.15,1.108,0.36,0.342,0.3511,0.3456,3,
WDS_Virginia_Pine_P1,V-9,132,11,A,,1.248,1.242,0.43,0.41,0.3912,0.3727,3,
WDS_Virginia_Pine_P1,V-9,132,10,B,,1.916,1.862,0.652,0.618,0.3858,0.375,3,
WDS_Virginia_Pine_P1,V-9,132,10,A,,1.604,1.604,0.554,0.53,0.3923,0.3731,3,
WDS_Virginia_Pine_P1,V-9,132,9,B,,2.142,2.084,0.84,0.802,0.4538,0.444,3,
WDS_Virginia_Pine_P1,V-9,132,9,A,,2.012,2.002,0.788,0.758,0.4531,0.4358,3,
WDS_Virginia_Pine_P1,V-9,132,8,B,,2.732,2.652,1.052,1.002,0.4443,0.4347,3,
WDS_Virginia_Pine_P1,V-9,132,8,A,,2.44,2.434,0.952,0.908,0.4511,0.4284,3,
WDS_Virginia_Pine_P1,V-9,132,7,B,,2.322,2.25,0.864,0.848,0.4272,0.4335,3,
WDS_Virginia_Pine_P1,V-9,132,7,A,,2.312,2.312,0.85,0.818,0.4213,0.4032,3,
WDS_Virginia_Pine_P1,V-9,132,6,B,,1.99,1.91,0.686,0.672,0.3915,0.4007,3,
WDS_Virginia_Pine_P1,V-9,132,6,A,,1.822,1.778,0.656,0.63,0.4113,0.4039,3,
WDS_Virginia_Pine_P1,V-9,132,5,B,,1.958,1.938,0.78,0.732,0.4621,0.4346,3,
WDS_Virginia_Pine_P1,V-9,132,5,A,,1.718,1.71,0.672,0.642,0.4525,0.4316,3,
WDS_Virginia_Pine_P1,V-9,132,4,B,,2.632,2.584,0.99,0.912,0.4325,0.4021,3,
WDS_Virginia_Pine_P1,V-9,132,4,A,,3.04,2.952,1.082,1.002,0.406,0.3847,3,
WDS_Virginia_Pine_P1,V-9,132,3,B,,2.482,2.41,0.988,0.932,0.4617,0.4465,3,
WDS_Virginia_Pine_P1,V-9,132,3,A,,2.838,2.814,1.13,1.092,0.4619,0.4483,3,
WDS_Virginia_Pine_P1,V-9,132,2,B,,1.798,1.75,0.7,0.676,0.45,0.446,3,
WDS_Virginia_Pine_P1,V-9,132,2,A,,1.77,1.752,0.684,0.668,0.4462,0.4393,3,
WDS_Virginia_Pine_P1,V-9,132,1,B,,2.852,2.76,1.062,1.022,0.4275,0.4248,3,
WDS_Virginia_Pine_P1,V-9,132,1,A,,2.49,2.422,0.906,0.884,0.4163,0.4178,3,
